req_id,program_code,note,verification_status,dataset_version
nn2026-chuan,BF1,"CTĐT chuẩn năm 2026 trừ nhóm ngôn ngữ (FL1, FL3, FL4)",rule_derived,2026.1
nn2026-chuan,BF2,"CTĐT chuẩn năm 2026 trừ nhóm ngôn ngữ (FL1, FL3, FL4)",rule_derived,2026.1
nn2026-chuan,CH1,"CTĐT chuẩn năm 2026 trừ nhóm ngôn ngữ (FL1, FL3, FL4)",rule_derived,2026.1
nn2026-chuan,CH2,"CTĐT chuẩn năm 2026 trừ nhóm ngôn ngữ (FL1, FL3, FL4)",rule_derived,2026.1
nn2026-chuan,ED2,"CTĐT chuẩn năm 2026 trừ nhóm ngôn ngữ (FL1, FL3, FL4)",rule_derived,2026.1
nn2026-chuan,ED3,"CTĐT chuẩn năm 2026 trừ nhóm ngôn ngữ (FL1, FL3, FL4)",rule_derived,2026.1
nn2026-chuan,ED5,"CTĐT chuẩn năm 2026 trừ nhóm ngôn ngữ (FL1, FL3, FL4)",rule_derived,2026.1
nn2026-chuan,EE1,"CTĐT chuẩn năm 2026 trừ nhóm ngôn ngữ (FL1, FL3, FL4)",rule_derived,2026.1
nn2026-chuan,EE2,"CTĐT chuẩn năm 2026 trừ nhóm ngôn ngữ (FL1, FL3, FL4)",rule_derived,2026.1
nn2026-chuan,EM1,"CTĐT chuẩn năm 2026 trừ nhóm ngôn ngữ (FL1, FL3, FL4)",rule_derived,2026.1
nn2026-chuan,EM2,"CTĐT chuẩn năm 2026 trừ nhóm ngôn ngữ (FL1, FL3, FL4)",rule_derived,2026.1
nn2026-chuan,EM3,"CTĐT chuẩn năm 2026 trừ nhóm ngôn ngữ (FL1, FL3, FL4)",rule_derived,2026.1
nn2026-chuan,EM5,"CTĐT chuẩn năm 2026 trừ nhóm ngôn ngữ (FL1, FL3, FL4)",rule_derived,2026.1
nn2026-chuan,ET1,"CTĐT chuẩn năm 2026 trừ nhóm ngôn ngữ (FL1, FL3, FL4)",rule_derived,2026.1
nn2026-chuan,ET2,"CTĐT chuẩn năm 2026 trừ nhóm ngôn ngữ (FL1, FL3, FL4)",rule_derived,2026.1
nn2026-chuan,EV1,"CTĐT chuẩn năm 2026 trừ nhóm ngôn ngữ (FL1, FL3, FL4)",rule_derived,2026.1
nn2026-chuan,EV2,"CTĐT chuẩn năm 2026 trừ nhóm ngôn ngữ (FL1, FL3, FL4)",rule_derived,2026.1
nn2026-chuan,HE1,"CTĐT chuẩn năm 2026 trừ nhóm ngôn ngữ (FL1, FL3, FL4)",rule_derived,2026.1
nn2026-chuan,IT1,"CTĐT chuẩn năm 2026 trừ nhóm ngôn ngữ (FL1, FL3, FL4)",rule_derived,2026.1
nn2026-chuan,IT2,"CTĐT chuẩn năm 2026 trừ nhóm ngôn ngữ (FL1, FL3, FL4)",rule_derived,2026.1
nn2026-chuan,ME1,"CTĐT chuẩn năm 2026 trừ nhóm ngôn ngữ (FL1, FL3, FL4)",rule_derived,2026.1
nn2026-chuan,ME2,"CTĐT chuẩn năm 2026 trừ nhóm ngôn ngữ (FL1, FL3, FL4)",rule_derived,2026.1
nn2026-chuan,MI1,"CTĐT chuẩn năm 2026 trừ nhóm ngôn ngữ (FL1, FL3, FL4)",rule_derived,2026.1
nn2026-chuan,MI2,"CTĐT chuẩn năm 2026 trừ nhóm ngôn ngữ (FL1, FL3, FL4)",rule_derived,2026.1
nn2026-chuan,MS1,"CTĐT chuẩn năm 2026 trừ nhóm ngôn ngữ (FL1, FL3, FL4)",rule_derived,2026.1
nn2026-chuan,MS2,"CTĐT chuẩn năm 2026 trừ nhóm ngôn ngữ (FL1, FL3, FL4)",rule_derived,2026.1
nn2026-chuan,MS3,"CTĐT chuẩn năm 2026 trừ nhóm ngôn ngữ (FL1, FL3, FL4)",rule_derived,2026.1
nn2026-chuan,MS5,"CTĐT chuẩn năm 2026 trừ nhóm ngôn ngữ (FL1, FL3, FL4)",rule_derived,2026.1
nn2026-chuan,PH1,"CTĐT chuẩn năm 2026 trừ nhóm ngôn ngữ (FL1, FL3, FL4)",rule_derived,2026.1
nn2026-chuan,PH2,"CTĐT chuẩn năm 2026 trừ nhóm ngôn ngữ (FL1, FL3, FL4)",rule_derived,2026.1
nn2026-chuan,PH3,"CTĐT chuẩn năm 2026 trừ nhóm ngôn ngữ (FL1, FL3, FL4)",rule_derived,2026.1
nn2026-chuan,TE1,"CTĐT chuẩn năm 2026 trừ nhóm ngôn ngữ (FL1, FL3, FL4)",rule_derived,2026.1
nn2026-chuan,TE2,"CTĐT chuẩn năm 2026 trừ nhóm ngôn ngữ (FL1, FL3, FL4)",rule_derived,2026.1
nn2026-chuan,TE3,"CTĐT chuẩn năm 2026 trừ nhóm ngôn ngữ (FL1, FL3, FL4)",rule_derived,2026.1
nn2026-chuan,TX1,"CTĐT chuẩn năm 2026 trừ nhóm ngôn ngữ (FL1, FL3, FL4)",rule_derived,2026.1
nn2026-elitech-htqt,BF-E12,"Elitech + hợp tác quốc tế dùng tiếng Anh; trừ CT có ngoại ngữ chính khác (IT-E6, ME-NUT: Nhật; ET-LUH, ME-LUH: Đức; IT-EP: Pháp)",rule_derived,2026.1
nn2026-elitech-htqt,BF-E19,"Elitech + hợp tác quốc tế dùng tiếng Anh; trừ CT có ngoại ngữ chính khác (IT-E6, ME-NUT: Nhật; ET-LUH, ME-LUH: Đức; IT-EP: Pháp)",rule_derived,2026.1
nn2026-elitech-htqt,CH-E11,"Elitech + hợp tác quốc tế dùng tiếng Anh; trừ CT có ngoại ngữ chính khác (IT-E6, ME-NUT: Nhật; ET-LUH, ME-LUH: Đức; IT-EP: Pháp)",rule_derived,2026.1
nn2026-elitech-htqt,CH-E20,"Elitech + hợp tác quốc tế dùng tiếng Anh; trừ CT có ngoại ngữ chính khác (IT-E6, ME-NUT: Nhật; ET-LUH, ME-LUH: Đức; IT-EP: Pháp)",rule_derived,2026.1
nn2026-elitech-htqt,EE-E8,"Elitech + hợp tác quốc tế dùng tiếng Anh; trừ CT có ngoại ngữ chính khác (IT-E6, ME-NUT: Nhật; ET-LUH, ME-LUH: Đức; IT-EP: Pháp)",rule_derived,2026.1
nn2026-elitech-htqt,EE-E18,"Elitech + hợp tác quốc tế dùng tiếng Anh; trừ CT có ngoại ngữ chính khác (IT-E6, ME-NUT: Nhật; ET-LUH, ME-LUH: Đức; IT-EP: Pháp)",rule_derived,2026.1
nn2026-elitech-htqt,EM-E13,"Elitech + hợp tác quốc tế dùng tiếng Anh; trừ CT có ngoại ngữ chính khác (IT-E6, ME-NUT: Nhật; ET-LUH, ME-LUH: Đức; IT-EP: Pháp)",rule_derived,2026.1
nn2026-elitech-htqt,EM-E14,"Elitech + hợp tác quốc tế dùng tiếng Anh; trừ CT có ngoại ngữ chính khác (IT-E6, ME-NUT: Nhật; ET-LUH, ME-LUH: Đức; IT-EP: Pháp)",rule_derived,2026.1
nn2026-elitech-htqt,EM-E17,"Elitech + hợp tác quốc tế dùng tiếng Anh; trừ CT có ngoại ngữ chính khác (IT-E6, ME-NUT: Nhật; ET-LUH, ME-LUH: Đức; IT-EP: Pháp)",rule_derived,2026.1
nn2026-elitech-htqt,ET-E16,"Elitech + hợp tác quốc tế dùng tiếng Anh; trừ CT có ngoại ngữ chính khác (IT-E6, ME-NUT: Nhật; ET-LUH, ME-LUH: Đức; IT-EP: Pháp)",rule_derived,2026.1
nn2026-elitech-htqt,ET-E4,"Elitech + hợp tác quốc tế dùng tiếng Anh; trừ CT có ngoại ngữ chính khác (IT-E6, ME-NUT: Nhật; ET-LUH, ME-LUH: Đức; IT-EP: Pháp)",rule_derived,2026.1
nn2026-elitech-htqt,ET-E5,"Elitech + hợp tác quốc tế dùng tiếng Anh; trừ CT có ngoại ngữ chính khác (IT-E6, ME-NUT: Nhật; ET-LUH, ME-LUH: Đức; IT-EP: Pháp)",rule_derived,2026.1
nn2026-elitech-htqt,IT-E7,"Elitech + hợp tác quốc tế dùng tiếng Anh; trừ CT có ngoại ngữ chính khác (IT-E6, ME-NUT: Nhật; ET-LUH, ME-LUH: Đức; IT-EP: Pháp)",rule_derived,2026.1
nn2026-elitech-htqt,IT-E10,"Elitech + hợp tác quốc tế dùng tiếng Anh; trừ CT có ngoại ngữ chính khác (IT-E6, ME-NUT: Nhật; ET-LUH, ME-LUH: Đức; IT-EP: Pháp)",rule_derived,2026.1
nn2026-elitech-htqt,IT-E15,"Elitech + hợp tác quốc tế dùng tiếng Anh; trừ CT có ngoại ngữ chính khác (IT-E6, ME-NUT: Nhật; ET-LUH, ME-LUH: Đức; IT-EP: Pháp)",rule_derived,2026.1
nn2026-elitech-htqt,ME-E1,"Elitech + hợp tác quốc tế dùng tiếng Anh; trừ CT có ngoại ngữ chính khác (IT-E6, ME-NUT: Nhật; ET-LUH, ME-LUH: Đức; IT-EP: Pháp)",rule_derived,2026.1
nn2026-elitech-htqt,MI-E22,"Elitech + hợp tác quốc tế dùng tiếng Anh; trừ CT có ngoại ngữ chính khác (IT-E6, ME-NUT: Nhật; ET-LUH, ME-LUH: Đức; IT-EP: Pháp)",rule_derived,2026.1
nn2026-elitech-htqt,MS-E3,"Elitech + hợp tác quốc tế dùng tiếng Anh; trừ CT có ngoại ngữ chính khác (IT-E6, ME-NUT: Nhật; ET-LUH, ME-LUH: Đức; IT-EP: Pháp)",rule_derived,2026.1
nn2026-elitech-htqt,TE-E2,"Elitech + hợp tác quốc tế dùng tiếng Anh; trừ CT có ngoại ngữ chính khác (IT-E6, ME-NUT: Nhật; ET-LUH, ME-LUH: Đức; IT-EP: Pháp)",rule_derived,2026.1
nn2026-elitech-htqt,ET-E9,"Elitech + hợp tác quốc tế dùng tiếng Anh; trừ CT có ngoại ngữ chính khác (IT-E6, ME-NUT: Nhật; ET-LUH, ME-LUH: Đức; IT-EP: Pháp). ET-E9 có tên 'tăng cường tiếng Nhật' nhưng Phụ lục VII chỉ nêu IT-E6, ME-NUT — cần đối chiếu",rule_derived,2026.1
nn2026-elitech-htqt,ME-GU,"Elitech + hợp tác quốc tế dùng tiếng Anh; trừ CT có ngoại ngữ chính khác (IT-E6, ME-NUT: Nhật; ET-LUH, ME-LUH: Đức; IT-EP: Pháp)",rule_derived,2026.1
nn2026-troy-daukhoa,TROY-IT,"Yêu cầu đầu khóa, không phải chuẩn đầu ra",rule_derived,2026.1
nn2026-pfiev-cunhan,EE-EP,,rule_derived,2026.1
nn2026-pfiev-cunhan,TE-EP,,rule_derived,2026.1
nn2026-pfiev-kysu,EE-EP,,rule_derived,2026.1
nn2026-pfiev-kysu,TE-EP,,rule_derived,2026.1
nn2026-pfiev-phuluc-phap,EE-EP,,rule_derived,2026.1
nn2026-pfiev-phuluc-phap,TE-EP,,rule_derived,2026.1
nn2026-it-ep,IT-EP,Ghi mã trực tiếp,rule_derived,2026.1
nn2026-tiengduc,ET-LUH,Ghi mã trong cột note của văn bản,rule_derived,2026.1
nn2026-tiengduc,ME-LUH,Ghi mã trong cột note của văn bản,rule_derived,2026.1
nn2026-tiengnhat,IT-E6,Ghi mã trong cột note của văn bản,rule_derived,2026.1
nn2026-tiengnhat,ME-NUT,Ghi mã trong cột note của văn bản,rule_derived,2026.1
nn2026-fl1,FL1,,rule_derived,2026.1
nn2026-fl2,FL2,,rule_derived,2026.1
nn2026-fl3,FL3,,rule_derived,2026.1
nn2026-fl4,FL4,,rule_derived,2026.1
