rule_id,program_code,note,verification_status,dataset_version
hpnam2425-chuan,ME1,Đủ 36 tên trong cột program_codes; FL3 (mở 2025) không có trong danh sách,rule_derived,2026.1
hpnam2425-chuan,ET1,Đủ 36 tên trong cột program_codes; FL3 (mở 2025) không có trong danh sách,rule_derived,2026.1
hpnam2425-chuan,EE2,Đủ 36 tên trong cột program_codes; FL3 (mở 2025) không có trong danh sách,rule_derived,2026.1
hpnam2425-chuan,IT1,Đủ 36 tên trong cột program_codes; FL3 (mở 2025) không có trong danh sách,rule_derived,2026.1
hpnam2425-chuan,IT2,Đủ 36 tên trong cột program_codes; FL3 (mở 2025) không có trong danh sách,rule_derived,2026.1
hpnam2425-chuan,ET2,Đủ 36 tên trong cột program_codes; FL3 (mở 2025) không có trong danh sách,rule_derived,2026.1
hpnam2425-chuan,MI1,Đủ 36 tên trong cột program_codes; FL3 (mở 2025) không có trong danh sách,rule_derived,2026.1
hpnam2425-chuan,MI2,Đủ 36 tên trong cột program_codes; FL3 (mở 2025) không có trong danh sách,rule_derived,2026.1
hpnam2425-chuan,ME2,Đủ 36 tên trong cột program_codes; FL3 (mở 2025) không có trong danh sách,rule_derived,2026.1
hpnam2425-chuan,TE2,Đủ 36 tên trong cột program_codes; FL3 (mở 2025) không có trong danh sách,rule_derived,2026.1
hpnam2425-chuan,TE3,Đủ 36 tên trong cột program_codes; FL3 (mở 2025) không có trong danh sách,rule_derived,2026.1
hpnam2425-chuan,HE1,Đủ 36 tên trong cột program_codes; FL3 (mở 2025) không có trong danh sách,rule_derived,2026.1
hpnam2425-chuan,BF1,Đủ 36 tên trong cột program_codes; FL3 (mở 2025) không có trong danh sách,rule_derived,2026.1
hpnam2425-chuan,TE1,Đủ 36 tên trong cột program_codes; FL3 (mở 2025) không có trong danh sách,rule_derived,2026.1
hpnam2425-chuan,EE1,Đủ 36 tên trong cột program_codes; FL3 (mở 2025) không có trong danh sách,rule_derived,2026.1
hpnam2425-chuan,BF2,Đủ 36 tên trong cột program_codes; FL3 (mở 2025) không có trong danh sách,rule_derived,2026.1
hpnam2425-chuan,EM5,Đủ 36 tên trong cột program_codes; FL3 (mở 2025) không có trong danh sách,rule_derived,2026.1
hpnam2425-chuan,EM2,Đủ 36 tên trong cột program_codes; FL3 (mở 2025) không có trong danh sách,rule_derived,2026.1
hpnam2425-chuan,EM1,Đủ 36 tên trong cột program_codes; FL3 (mở 2025) không có trong danh sách,rule_derived,2026.1
hpnam2425-chuan,EM3,Đủ 36 tên trong cột program_codes; FL3 (mở 2025) không có trong danh sách,rule_derived,2026.1
hpnam2425-chuan,EM4,Đủ 36 tên trong cột program_codes; FL3 (mở 2025) không có trong danh sách,rule_derived,2026.1
hpnam2425-chuan,FL1,Đủ 36 tên trong cột program_codes; FL3 (mở 2025) không có trong danh sách,rule_derived,2026.1
hpnam2425-chuan,CH2,Đủ 36 tên trong cột program_codes; FL3 (mở 2025) không có trong danh sách,rule_derived,2026.1
hpnam2425-chuan,CH1,Đủ 36 tên trong cột program_codes; FL3 (mở 2025) không có trong danh sách,rule_derived,2026.1
hpnam2425-chuan,MS5,Đủ 36 tên trong cột program_codes; FL3 (mở 2025) không có trong danh sách,rule_derived,2026.1
hpnam2425-chuan,MS1,Đủ 36 tên trong cột program_codes; FL3 (mở 2025) không có trong danh sách,rule_derived,2026.1
hpnam2425-chuan,MS3,Đủ 36 tên trong cột program_codes; FL3 (mở 2025) không có trong danh sách,rule_derived,2026.1
hpnam2425-chuan,MS2,Đủ 36 tên trong cột program_codes; FL3 (mở 2025) không có trong danh sách,rule_derived,2026.1
hpnam2425-chuan,PH1,Đủ 36 tên trong cột program_codes; FL3 (mở 2025) không có trong danh sách,rule_derived,2026.1
hpnam2425-chuan,PH2,Đủ 36 tên trong cột program_codes; FL3 (mở 2025) không có trong danh sách,rule_derived,2026.1
hpnam2425-chuan,PH3,Đủ 36 tên trong cột program_codes; FL3 (mở 2025) không có trong danh sách,rule_derived,2026.1
hpnam2425-chuan,TX1,Đủ 36 tên trong cột program_codes; FL3 (mở 2025) không có trong danh sách,rule_derived,2026.1
hpnam2425-chuan,EV1,Đủ 36 tên trong cột program_codes; FL3 (mở 2025) không có trong danh sách,rule_derived,2026.1
hpnam2425-chuan,EV2,Đủ 36 tên trong cột program_codes; FL3 (mở 2025) không có trong danh sách,rule_derived,2026.1
hpnam2425-chuan,ED2,Đủ 36 tên trong cột program_codes; FL3 (mở 2025) không có trong danh sách,rule_derived,2026.1
hpnam2425-chuan,ED3,Đủ 36 tên trong cột program_codes; FL3 (mở 2025) không có trong danh sách,rule_derived,2026.1
hpnam2425-elitech,BF-E12,"Elitech nói chung, trừ IT-E10/EM-E14 (dòng riêng) và 4 CT hợp tác quốc tế có dòng riêng",rule_derived,2026.1
hpnam2425-elitech,BF-E19,"Elitech nói chung, trừ IT-E10/EM-E14 (dòng riêng) và 4 CT hợp tác quốc tế có dòng riêng",rule_derived,2026.1
hpnam2425-elitech,CH-E11,"Elitech nói chung, trừ IT-E10/EM-E14 (dòng riêng) và 4 CT hợp tác quốc tế có dòng riêng",rule_derived,2026.1
hpnam2425-elitech,EE-E8,"Elitech nói chung, trừ IT-E10/EM-E14 (dòng riêng) và 4 CT hợp tác quốc tế có dòng riêng",rule_derived,2026.1
hpnam2425-elitech,EE-E18,"Elitech nói chung, trừ IT-E10/EM-E14 (dòng riêng) và 4 CT hợp tác quốc tế có dòng riêng",rule_derived,2026.1
hpnam2425-elitech,EM-E13,"Elitech nói chung, trừ IT-E10/EM-E14 (dòng riêng) và 4 CT hợp tác quốc tế có dòng riêng",rule_derived,2026.1
hpnam2425-elitech,ET-E16,"Elitech nói chung, trừ IT-E10/EM-E14 (dòng riêng) và 4 CT hợp tác quốc tế có dòng riêng",rule_derived,2026.1
hpnam2425-elitech,ET-E4,"Elitech nói chung, trừ IT-E10/EM-E14 (dòng riêng) và 4 CT hợp tác quốc tế có dòng riêng",rule_derived,2026.1
hpnam2425-elitech,ET-E5,"Elitech nói chung, trừ IT-E10/EM-E14 (dòng riêng) và 4 CT hợp tác quốc tế có dòng riêng",rule_derived,2026.1
hpnam2425-elitech,ET-E9,"Elitech nói chung, trừ IT-E10/EM-E14 (dòng riêng) và 4 CT hợp tác quốc tế có dòng riêng",rule_derived,2026.1
hpnam2425-elitech,ME-E1,"Elitech nói chung, trừ IT-E10/EM-E14 (dòng riêng) và 4 CT hợp tác quốc tế có dòng riêng",rule_derived,2026.1
hpnam2425-elitech,TE-E2,"Elitech nói chung, trừ IT-E10/EM-E14 (dòng riêng) và 4 CT hợp tác quốc tế có dòng riêng",rule_derived,2026.1
hpnam2425-elitech,IT-E6,"Elitech nói chung, trừ IT-E10/EM-E14 (dòng riêng) và 4 CT hợp tác quốc tế có dòng riêng",rule_derived,2026.1
hpnam2425-elitech,IT-EP,"Elitech nói chung, trừ IT-E10/EM-E14 (dòng riêng) và 4 CT hợp tác quốc tế có dòng riêng",rule_derived,2026.1
hpnam2425-elitech,IT-E7,"Elitech nói chung, trừ IT-E10/EM-E14 (dòng riêng) và 4 CT hợp tác quốc tế có dòng riêng",rule_derived,2026.1
hpnam2425-elitech,IT-E15,"Elitech nói chung, trừ IT-E10/EM-E14 (dòng riêng) và 4 CT hợp tác quốc tế có dòng riêng",rule_derived,2026.1
hpnam2425-elitech,MS-E3,"Elitech nói chung, trừ IT-E10/EM-E14 (dòng riêng) và 4 CT hợp tác quốc tế có dòng riêng",rule_derived,2026.1
hpnam2425-elitech-ite10-eme14,IT-E10,Ghi mã trực tiếp trong văn bản,rule_derived,2026.1
hpnam2425-elitech-ite10-eme14,EM-E14,Ghi mã trực tiếp trong văn bản,rule_derived,2026.1
hpnam2425-ipe,FL2,Ghi mã trực tiếp trong văn bản,rule_derived,2026.1
hpnam2425-me-nut,ME-NUT,Ghi mã trực tiếp,rule_derived,2026.1
hpnam2425-me-luh,ME-LUH,Ghi mã trực tiếp,rule_derived,2026.1
hpnam2425-et-luh,ET-LUH,Ghi mã trực tiếp,rule_derived,2026.1
hpnam2425-me-gu,ME-GU,Ghi mã trực tiếp,rule_derived,2026.1
hpnam2425-troy-ba,TROY-BA,Ghi mã trực tiếp,rule_derived,2026.1
hpnam2425-troy-it,TROY-IT,Ghi mã trực tiếp,rule_derived,2026.1
hptc2425-chuan-550,ME1,Khớp 6 tên trong programs_listed,rule_derived,2026.1
hptc2425-chuan-550,ET1,Khớp 6 tên trong programs_listed,rule_derived,2026.1
hptc2425-chuan-550,EE2,Khớp 6 tên trong programs_listed,rule_derived,2026.1
hptc2425-chuan-550,IT1,Khớp 6 tên trong programs_listed,rule_derived,2026.1
hptc2425-chuan-550,IT2,Khớp 6 tên trong programs_listed,rule_derived,2026.1
hptc2425-chuan-550,ET2,Khớp 6 tên trong programs_listed,rule_derived,2026.1
hptc2425-chuan-525,MI1,Khớp 16 tên; 'Ngôn ngữ Anh' gán FL1 (Tiếng Anh KHKT và Công nghệ thuộc ngành Ngôn ngữ Anh),rule_derived,2026.1
hptc2425-chuan-525,MI2,Khớp 16 tên; 'Ngôn ngữ Anh' gán FL1 (Tiếng Anh KHKT và Công nghệ thuộc ngành Ngôn ngữ Anh),rule_derived,2026.1
hptc2425-chuan-525,ME2,Khớp 16 tên; 'Ngôn ngữ Anh' gán FL1 (Tiếng Anh KHKT và Công nghệ thuộc ngành Ngôn ngữ Anh),rule_derived,2026.1
hptc2425-chuan-525,TE2,Khớp 16 tên; 'Ngôn ngữ Anh' gán FL1 (Tiếng Anh KHKT và Công nghệ thuộc ngành Ngôn ngữ Anh),rule_derived,2026.1
hptc2425-chuan-525,TE3,Khớp 16 tên; 'Ngôn ngữ Anh' gán FL1 (Tiếng Anh KHKT và Công nghệ thuộc ngành Ngôn ngữ Anh),rule_derived,2026.1
hptc2425-chuan-525,HE1,Khớp 16 tên; 'Ngôn ngữ Anh' gán FL1 (Tiếng Anh KHKT và Công nghệ thuộc ngành Ngôn ngữ Anh),rule_derived,2026.1
hptc2425-chuan-525,BF1,Khớp 16 tên; 'Ngôn ngữ Anh' gán FL1 (Tiếng Anh KHKT và Công nghệ thuộc ngành Ngôn ngữ Anh),rule_derived,2026.1
hptc2425-chuan-525,TE1,Khớp 16 tên; 'Ngôn ngữ Anh' gán FL1 (Tiếng Anh KHKT và Công nghệ thuộc ngành Ngôn ngữ Anh),rule_derived,2026.1
hptc2425-chuan-525,EE1,Khớp 16 tên; 'Ngôn ngữ Anh' gán FL1 (Tiếng Anh KHKT và Công nghệ thuộc ngành Ngôn ngữ Anh),rule_derived,2026.1
hptc2425-chuan-525,BF2,Khớp 16 tên; 'Ngôn ngữ Anh' gán FL1 (Tiếng Anh KHKT và Công nghệ thuộc ngành Ngôn ngữ Anh),rule_derived,2026.1
hptc2425-chuan-525,EM5,Khớp 16 tên; 'Ngôn ngữ Anh' gán FL1 (Tiếng Anh KHKT và Công nghệ thuộc ngành Ngôn ngữ Anh),rule_derived,2026.1
hptc2425-chuan-525,EM2,Khớp 16 tên; 'Ngôn ngữ Anh' gán FL1 (Tiếng Anh KHKT và Công nghệ thuộc ngành Ngôn ngữ Anh),rule_derived,2026.1
hptc2425-chuan-525,EM1,Khớp 16 tên; 'Ngôn ngữ Anh' gán FL1 (Tiếng Anh KHKT và Công nghệ thuộc ngành Ngôn ngữ Anh),rule_derived,2026.1
hptc2425-chuan-525,EM3,Khớp 16 tên; 'Ngôn ngữ Anh' gán FL1 (Tiếng Anh KHKT và Công nghệ thuộc ngành Ngôn ngữ Anh),rule_derived,2026.1
hptc2425-chuan-525,EM4,Khớp 16 tên; 'Ngôn ngữ Anh' gán FL1 (Tiếng Anh KHKT và Công nghệ thuộc ngành Ngôn ngữ Anh),rule_derived,2026.1
hptc2425-chuan-525,FL1,Khớp 16 tên; 'Ngôn ngữ Anh' gán FL1 (Tiếng Anh KHKT và Công nghệ thuộc ngành Ngôn ngữ Anh),rule_derived,2026.1
hptc2425-chuan-480,CH1,Khớp 14 tên ('Kỹ thuật dệt' không còn mã riêng); FL3 gán theo câu 'và các CTĐT chuẩn khác' — suy luận,rule_derived,2026.1
hptc2425-chuan-480,CH2,Khớp 14 tên ('Kỹ thuật dệt' không còn mã riêng); FL3 gán theo câu 'và các CTĐT chuẩn khác' — suy luận,rule_derived,2026.1
hptc2425-chuan-480,MS5,Khớp 14 tên ('Kỹ thuật dệt' không còn mã riêng); FL3 gán theo câu 'và các CTĐT chuẩn khác' — suy luận,rule_derived,2026.1
hptc2425-chuan-480,MS1,Khớp 14 tên ('Kỹ thuật dệt' không còn mã riêng); FL3 gán theo câu 'và các CTĐT chuẩn khác' — suy luận,rule_derived,2026.1
hptc2425-chuan-480,MS3,Khớp 14 tên ('Kỹ thuật dệt' không còn mã riêng); FL3 gán theo câu 'và các CTĐT chuẩn khác' — suy luận,rule_derived,2026.1
hptc2425-chuan-480,MS2,Khớp 14 tên ('Kỹ thuật dệt' không còn mã riêng); FL3 gán theo câu 'và các CTĐT chuẩn khác' — suy luận,rule_derived,2026.1
hptc2425-chuan-480,PH1,Khớp 14 tên ('Kỹ thuật dệt' không còn mã riêng); FL3 gán theo câu 'và các CTĐT chuẩn khác' — suy luận,rule_derived,2026.1
hptc2425-chuan-480,PH2,Khớp 14 tên ('Kỹ thuật dệt' không còn mã riêng); FL3 gán theo câu 'và các CTĐT chuẩn khác' — suy luận,rule_derived,2026.1
hptc2425-chuan-480,PH3,Khớp 14 tên ('Kỹ thuật dệt' không còn mã riêng); FL3 gán theo câu 'và các CTĐT chuẩn khác' — suy luận,rule_derived,2026.1
hptc2425-chuan-480,TX1,Khớp 14 tên ('Kỹ thuật dệt' không còn mã riêng); FL3 gán theo câu 'và các CTĐT chuẩn khác' — suy luận,rule_derived,2026.1
hptc2425-chuan-480,EV1,Khớp 14 tên ('Kỹ thuật dệt' không còn mã riêng); FL3 gán theo câu 'và các CTĐT chuẩn khác' — suy luận,rule_derived,2026.1
hptc2425-chuan-480,EV2,Khớp 14 tên ('Kỹ thuật dệt' không còn mã riêng); FL3 gán theo câu 'và các CTĐT chuẩn khác' — suy luận,rule_derived,2026.1
hptc2425-chuan-480,ED2,Khớp 14 tên ('Kỹ thuật dệt' không còn mã riêng); FL3 gán theo câu 'và các CTĐT chuẩn khác' — suy luận,rule_derived,2026.1
hptc2425-chuan-480,ED3,Khớp 14 tên ('Kỹ thuật dệt' không còn mã riêng); FL3 gán theo câu 'và các CTĐT chuẩn khác' — suy luận,rule_derived,2026.1
hptc2425-chuan-480,FL3,Khớp 14 tên ('Kỹ thuật dệt' không còn mã riêng); FL3 gán theo câu 'và các CTĐT chuẩn khác' — suy luận,rule_derived,2026.1
hptc2425-elitech-cntt-coban,IT-E6,CNTT Việt-Nhật/Việt-Pháp/Global ICT/An toàn không gian số,rule_derived,2026.1
hptc2425-elitech-cntt-coban,IT-EP,CNTT Việt-Nhật/Việt-Pháp/Global ICT/An toàn không gian số,rule_derived,2026.1
hptc2425-elitech-cntt-coban,IT-E7,CNTT Việt-Nhật/Việt-Pháp/Global ICT/An toàn không gian số,rule_derived,2026.1
hptc2425-elitech-cntt-coban,IT-E15,CNTT Việt-Nhật/Việt-Pháp/Global ICT/An toàn không gian số,rule_derived,2026.1
hptc2425-elitech-cntt-khac,IT-E6,Như trên,rule_derived,2026.1
hptc2425-elitech-cntt-khac,IT-EP,Như trên,rule_derived,2026.1
hptc2425-elitech-cntt-khac,IT-E7,Như trên,rule_derived,2026.1
hptc2425-elitech-cntt-khac,IT-E15,Như trên,rule_derived,2026.1
hptc2425-elitech-khdl-logistics-coban,IT-E10,KHDL&TTNT; Logistics và QLCCU,rule_derived,2026.1
hptc2425-elitech-khdl-logistics-coban,EM-E14,KHDL&TTNT; Logistics và QLCCU,rule_derived,2026.1
hptc2425-elitech-khdl-logistics-khac,IT-E10,Như trên,rule_derived,2026.1
hptc2425-elitech-khdl-logistics-khac,EM-E14,Như trên,rule_derived,2026.1
hptc2425-elitech-vatlieu-ipe-coban,MS-E3,KH&KT vật liệu; IPE,rule_derived,2026.1
hptc2425-elitech-vatlieu-ipe-coban,FL2,KH&KT vật liệu; IPE,rule_derived,2026.1
hptc2425-elitech-vatlieu-ipe-khac,MS-E3,Như trên,rule_derived,2026.1
hptc2425-elitech-vatlieu-ipe-khac,FL2,Như trên,rule_derived,2026.1
hptc2425-elitech-khac-coban,BF-E12,'các chương trình tiên tiến khác' = Elitech trừ các nhóm có dòng riêng — suy luận,rule_derived,2026.1
hptc2425-elitech-khac-coban,BF-E19,'các chương trình tiên tiến khác' = Elitech trừ các nhóm có dòng riêng — suy luận,rule_derived,2026.1
hptc2425-elitech-khac-coban,CH-E11,'các chương trình tiên tiến khác' = Elitech trừ các nhóm có dòng riêng — suy luận,rule_derived,2026.1
hptc2425-elitech-khac-coban,EE-E8,'các chương trình tiên tiến khác' = Elitech trừ các nhóm có dòng riêng — suy luận,rule_derived,2026.1
hptc2425-elitech-khac-coban,EE-E18,'các chương trình tiên tiến khác' = Elitech trừ các nhóm có dòng riêng — suy luận,rule_derived,2026.1
hptc2425-elitech-khac-coban,EM-E13,'các chương trình tiên tiến khác' = Elitech trừ các nhóm có dòng riêng — suy luận,rule_derived,2026.1
hptc2425-elitech-khac-coban,ET-E16,'các chương trình tiên tiến khác' = Elitech trừ các nhóm có dòng riêng — suy luận,rule_derived,2026.1
hptc2425-elitech-khac-coban,ET-E4,'các chương trình tiên tiến khác' = Elitech trừ các nhóm có dòng riêng — suy luận,rule_derived,2026.1
hptc2425-elitech-khac-coban,ET-E5,'các chương trình tiên tiến khác' = Elitech trừ các nhóm có dòng riêng — suy luận,rule_derived,2026.1
hptc2425-elitech-khac-coban,ET-E9,'các chương trình tiên tiến khác' = Elitech trừ các nhóm có dòng riêng — suy luận,rule_derived,2026.1
hptc2425-elitech-khac-coban,ME-E1,'các chương trình tiên tiến khác' = Elitech trừ các nhóm có dòng riêng — suy luận,rule_derived,2026.1
hptc2425-elitech-khac-coban,TE-E2,'các chương trình tiên tiến khác' = Elitech trừ các nhóm có dòng riêng — suy luận,rule_derived,2026.1
hptc2425-elitech-khac-khac,BF-E12,Như trên — suy luận,rule_derived,2026.1
hptc2425-elitech-khac-khac,BF-E19,Như trên — suy luận,rule_derived,2026.1
hptc2425-elitech-khac-khac,CH-E11,Như trên — suy luận,rule_derived,2026.1
hptc2425-elitech-khac-khac,EE-E8,Như trên — suy luận,rule_derived,2026.1
hptc2425-elitech-khac-khac,EE-E18,Như trên — suy luận,rule_derived,2026.1
hptc2425-elitech-khac-khac,EM-E13,Như trên — suy luận,rule_derived,2026.1
hptc2425-elitech-khac-khac,ET-E16,Như trên — suy luận,rule_derived,2026.1
hptc2425-elitech-khac-khac,ET-E4,Như trên — suy luận,rule_derived,2026.1
hptc2425-elitech-khac-khac,ET-E5,Như trên — suy luận,rule_derived,2026.1
hptc2425-elitech-khac-khac,ET-E9,Như trên — suy luận,rule_derived,2026.1
hptc2425-elitech-khac-khac,ME-E1,Như trên — suy luận,rule_derived,2026.1
hptc2425-elitech-khac-khac,TE-E2,Như trên — suy luận,rule_derived,2026.1
hptc2425-pfiev,EE-EP,Chương trình PFIEV,rule_derived,2026.1
hptc2425-pfiev,TE-EP,Chương trình PFIEV,rule_derived,2026.1
hptc2425-me-gu-coban,ME-GU,"IT-LTU, IT-VUW không có trong danh mục ngành",rule_derived,2026.1
hptc2425-me-gu-khac,ME-GU,Như trên,rule_derived,2026.1
hptc2425-me-luh-coban,ME-LUH,Ghi mã trực tiếp,rule_derived,2026.1
hptc2425-me-luh-khac,ME-LUH,Ghi mã trực tiếp,rule_derived,2026.1
hptc2425-et-luh-coban,ET-LUH,IT-GINP không có trong danh mục ngành,rule_derived,2026.1
hptc2425-et-luh-khac,ET-LUH,Như trên,rule_derived,2026.1
hptc2425-me-nut-coban,ME-NUT,Ghi mã trực tiếp,rule_derived,2026.1
hptc2425-me-nut-khac,ME-NUT,Ghi mã trực tiếp,rule_derived,2026.1
hptc2425-troy-k69,TROY-BA,Khóa 69,rule_derived,2026.1
hptc2425-troy-k69,TROY-IT,Khóa 69,rule_derived,2026.1
hptc2425-troy-k68,TROY-BA,Khóa 68 trở về trước,rule_derived,2026.1
hptc2425-troy-k68,TROY-IT,Khóa 68 trở về trước,rule_derived,2026.1
hptc2425-chuan-480,ED5,"Ngành mở 2026, không có trong văn bản 2024-2025; gán theo câu 'và các CTĐT chuẩn khác' vì bảng tín chỉ dùng chung cho các năm (người dùng chốt 2026-10-04) — suy luận, khi trả lời phải ghi rõ mức của năm học 2024-2025",rule_derived,2026.1
hptc2425-chuan-480,FL4,"Ngành mở 2026, không có trong văn bản 2024-2025; gán theo câu 'và các CTĐT chuẩn khác' vì bảng tín chỉ dùng chung cho các năm (người dùng chốt 2026-10-04) — suy luận, khi trả lời phải ghi rõ mức của năm học 2024-2025",rule_derived,2026.1
hptc2425-elitech-khac-coban,CH-E20,"Ngành mở 2026, không có trong văn bản 2024-2025; gán theo câu 'các chương trình tiên tiến khác' vì bảng tín chỉ dùng chung cho các năm (người dùng chốt 2026-10-04) — suy luận, khi trả lời phải ghi rõ mức của năm học 2024-2025",rule_derived,2026.1
hptc2425-elitech-khac-khac,CH-E20,"Ngành mở 2026, không có trong văn bản 2024-2025; gán theo câu 'các chương trình tiên tiến khác' vì bảng tín chỉ dùng chung cho các năm (người dùng chốt 2026-10-04) — suy luận, khi trả lời phải ghi rõ mức của năm học 2024-2025",rule_derived,2026.1
hptc2425-elitech-khac-coban,EM-E17,"Ngành mở 2026, không có trong văn bản 2024-2025; gán theo câu 'các chương trình tiên tiến khác' vì bảng tín chỉ dùng chung cho các năm (người dùng chốt 2026-10-04) — suy luận, khi trả lời phải ghi rõ mức của năm học 2024-2025",rule_derived,2026.1
hptc2425-elitech-khac-khac,EM-E17,"Ngành mở 2026, không có trong văn bản 2024-2025; gán theo câu 'các chương trình tiên tiến khác' vì bảng tín chỉ dùng chung cho các năm (người dùng chốt 2026-10-04) — suy luận, khi trả lời phải ghi rõ mức của năm học 2024-2025",rule_derived,2026.1
hptc2425-elitech-khac-coban,MI-E22,"Ngành mở 2026, không có trong văn bản 2024-2025; gán theo câu 'các chương trình tiên tiến khác' vì bảng tín chỉ dùng chung cho các năm (người dùng chốt 2026-10-04) — suy luận, khi trả lời phải ghi rõ mức của năm học 2024-2025",rule_derived,2026.1
hptc2425-elitech-khac-khac,MI-E22,"Ngành mở 2026, không có trong văn bản 2024-2025; gán theo câu 'các chương trình tiên tiến khác' vì bảng tín chỉ dùng chung cho các năm (người dùng chốt 2026-10-04) — suy luận, khi trả lời phải ghi rõ mức của năm học 2024-2025",rule_derived,2026.1
hptc2526-chuan-630,ME1,Theo danh sách tên trong QĐ học phí,rule_derived,2026.1
hptc2526-chuan-630,ET1,Theo danh sách tên trong QĐ học phí,rule_derived,2026.1
hptc2526-chuan-630,EE2,Theo danh sách tên trong QĐ học phí,rule_derived,2026.1
hptc2526-chuan-630,IT1,Theo danh sách tên trong QĐ học phí,rule_derived,2026.1
hptc2526-chuan-630,IT2,Theo danh sách tên trong QĐ học phí,rule_derived,2026.1
hptc2526-chuan-600,MI1,Theo danh sách tên trong QĐ học phí,rule_derived,2026.1
hptc2526-chuan-600,MI2,Theo danh sách tên trong QĐ học phí,rule_derived,2026.1
hptc2526-chuan-600,ET2,Theo danh sách tên trong QĐ học phí,rule_derived,2026.1
hptc2526-chuan-600,ME2,Theo danh sách tên trong QĐ học phí,rule_derived,2026.1
hptc2526-chuan-600,TE2,Theo danh sách tên trong QĐ học phí,rule_derived,2026.1
hptc2526-chuan-600,BF2,Theo danh sách tên trong QĐ học phí,rule_derived,2026.1
hptc2526-chuan-600,BF1,Theo danh sách tên trong QĐ học phí,rule_derived,2026.1
hptc2526-chuan-600,TE1,Theo danh sách tên trong QĐ học phí,rule_derived,2026.1
hptc2526-chuan-600,EE1,Theo danh sách tên trong QĐ học phí,rule_derived,2026.1
hptc2526-chuan-600,EM5,Theo danh sách tên trong QĐ học phí,rule_derived,2026.1
hptc2526-chuan-600,EM2,Theo danh sách tên trong QĐ học phí,rule_derived,2026.1
hptc2526-chuan-600,EM1,Theo danh sách tên trong QĐ học phí,rule_derived,2026.1
hptc2526-chuan-600,EM3,Theo danh sách tên trong QĐ học phí,rule_derived,2026.1
hptc2526-chuan-600,EM4,Theo danh sách tên trong QĐ học phí,rule_derived,2026.1
hptc2526-chuan-600,FL1,Theo danh sách tên trong QĐ học phí,rule_derived,2026.1
hptc2526-chuan-600,FL3,Theo danh sách tên trong QĐ học phí,rule_derived,2026.1
hptc2526-chuan-550,CH1,Theo danh sách tên trong QĐ học phí,rule_derived,2026.1
hptc2526-chuan-550,CH2,Theo danh sách tên trong QĐ học phí,rule_derived,2026.1
hptc2526-chuan-550,MS5,Theo danh sách tên trong QĐ học phí,rule_derived,2026.1
hptc2526-chuan-550,MS1,Theo danh sách tên trong QĐ học phí,rule_derived,2026.1
hptc2526-chuan-550,MS3,Theo danh sách tên trong QĐ học phí,rule_derived,2026.1
hptc2526-chuan-550,MS2,Theo danh sách tên trong QĐ học phí,rule_derived,2026.1
hptc2526-chuan-550,TE3,Theo danh sách tên trong QĐ học phí,rule_derived,2026.1
hptc2526-chuan-550,PH1,Theo danh sách tên trong QĐ học phí,rule_derived,2026.1
hptc2526-chuan-550,PH2,Theo danh sách tên trong QĐ học phí,rule_derived,2026.1
hptc2526-chuan-550,HE1,Theo danh sách tên trong QĐ học phí,rule_derived,2026.1
hptc2526-chuan-550,PH3,Theo danh sách tên trong QĐ học phí,rule_derived,2026.1
hptc2526-chuan-550,TX1,Theo danh sách tên trong QĐ học phí,rule_derived,2026.1
hptc2526-chuan-550,EV1,Theo danh sách tên trong QĐ học phí,rule_derived,2026.1
hptc2526-chuan-550,EV2,Theo danh sách tên trong QĐ học phí,rule_derived,2026.1
hptc2526-chuan-550,ED2,Theo danh sách tên trong QĐ học phí,rule_derived,2026.1
hptc2526-chuan-550,ED3,Theo danh sách tên trong QĐ học phí,rule_derived,2026.1
hptc2526-elitech-cntt-vn-gict-coban,IT-E6,Theo danh sách tên trong QĐ học phí,rule_derived,2026.1
hptc2526-elitech-cntt-vn-gict-coban,IT-E7,Theo danh sách tên trong QĐ học phí,rule_derived,2026.1
hptc2526-elitech-cntt-vn-gict-khac,IT-E6,Theo danh sách tên trong QĐ học phí,rule_derived,2026.1
hptc2526-elitech-cntt-vn-gict-khac,IT-E7,Theo danh sách tên trong QĐ học phí,rule_derived,2026.1
hptc2526-elitech-khdl-logistics-coban,IT-E10,Theo danh sách tên trong QĐ học phí,rule_derived,2026.1
hptc2526-elitech-khdl-logistics-coban,EM-E14,Theo danh sách tên trong QĐ học phí,rule_derived,2026.1
hptc2526-elitech-khdl-logistics-khac,IT-E10,Theo danh sách tên trong QĐ học phí,rule_derived,2026.1
hptc2526-elitech-khdl-logistics-khac,EM-E14,Theo danh sách tên trong QĐ học phí,rule_derived,2026.1
hptc2526-elitech-dktdh-coban,EE-E8,Theo danh sách tên trong QĐ học phí,rule_derived,2026.1
hptc2526-elitech-dktdh-khac,EE-E8,Theo danh sách tên trong QĐ học phí,rule_derived,2026.1
hptc2526-elitech-codientu-coban,ME-E1,Theo danh sách tên trong QĐ học phí,rule_derived,2026.1
hptc2526-elitech-codientu-khac,ME-E1,Theo danh sách tên trong QĐ học phí,rule_derived,2026.1
hptc2526-elitech-vietphap-conlai-coban,BF-E12,Theo danh sách tên trong QĐ học phí; 'các CT tiên tiến còn lại' = các ngành ELITECH không có tên riêng,rule_derived,2026.1
hptc2526-elitech-vietphap-conlai-coban,BF-E19,Theo danh sách tên trong QĐ học phí; 'các CT tiên tiến còn lại' = các ngành ELITECH không có tên riêng,rule_derived,2026.1
hptc2526-elitech-vietphap-conlai-coban,CH-E11,Theo danh sách tên trong QĐ học phí; 'các CT tiên tiến còn lại' = các ngành ELITECH không có tên riêng,rule_derived,2026.1
hptc2526-elitech-vietphap-conlai-coban,EE-E18,Theo danh sách tên trong QĐ học phí; 'các CT tiên tiến còn lại' = các ngành ELITECH không có tên riêng,rule_derived,2026.1
hptc2526-elitech-vietphap-conlai-coban,EM-E13,Theo danh sách tên trong QĐ học phí; 'các CT tiên tiến còn lại' = các ngành ELITECH không có tên riêng,rule_derived,2026.1
hptc2526-elitech-vietphap-conlai-coban,ET-E16,Theo danh sách tên trong QĐ học phí; 'các CT tiên tiến còn lại' = các ngành ELITECH không có tên riêng,rule_derived,2026.1
hptc2526-elitech-vietphap-conlai-coban,ET-E4,Theo danh sách tên trong QĐ học phí; 'các CT tiên tiến còn lại' = các ngành ELITECH không có tên riêng,rule_derived,2026.1
hptc2526-elitech-vietphap-conlai-coban,ET-E5,Theo danh sách tên trong QĐ học phí; 'các CT tiên tiến còn lại' = các ngành ELITECH không có tên riêng,rule_derived,2026.1
hptc2526-elitech-vietphap-conlai-coban,ET-E9,Theo danh sách tên trong QĐ học phí; 'các CT tiên tiến còn lại' = các ngành ELITECH không có tên riêng,rule_derived,2026.1
hptc2526-elitech-vietphap-conlai-coban,IT-E15,Theo danh sách tên trong QĐ học phí; 'các CT tiên tiến còn lại' = các ngành ELITECH không có tên riêng,rule_derived,2026.1
hptc2526-elitech-vietphap-conlai-coban,IT-EP,Theo danh sách tên trong QĐ học phí; 'các CT tiên tiến còn lại' = các ngành ELITECH không có tên riêng,rule_derived,2026.1
hptc2526-elitech-vietphap-conlai-coban,MS-E3,Theo danh sách tên trong QĐ học phí; 'các CT tiên tiến còn lại' = các ngành ELITECH không có tên riêng,rule_derived,2026.1
hptc2526-elitech-vietphap-conlai-coban,TE-E2,Theo danh sách tên trong QĐ học phí; 'các CT tiên tiến còn lại' = các ngành ELITECH không có tên riêng,rule_derived,2026.1
hptc2526-elitech-vietphap-conlai-khac,BF-E12,Theo danh sách tên trong QĐ học phí; 'các CT tiên tiến còn lại' = các ngành ELITECH không có tên riêng,rule_derived,2026.1
hptc2526-elitech-vietphap-conlai-khac,BF-E19,Theo danh sách tên trong QĐ học phí; 'các CT tiên tiến còn lại' = các ngành ELITECH không có tên riêng,rule_derived,2026.1
hptc2526-elitech-vietphap-conlai-khac,CH-E11,Theo danh sách tên trong QĐ học phí; 'các CT tiên tiến còn lại' = các ngành ELITECH không có tên riêng,rule_derived,2026.1
hptc2526-elitech-vietphap-conlai-khac,EE-E18,Theo danh sách tên trong QĐ học phí; 'các CT tiên tiến còn lại' = các ngành ELITECH không có tên riêng,rule_derived,2026.1
hptc2526-elitech-vietphap-conlai-khac,EM-E13,Theo danh sách tên trong QĐ học phí; 'các CT tiên tiến còn lại' = các ngành ELITECH không có tên riêng,rule_derived,2026.1
hptc2526-elitech-vietphap-conlai-khac,ET-E16,Theo danh sách tên trong QĐ học phí; 'các CT tiên tiến còn lại' = các ngành ELITECH không có tên riêng,rule_derived,2026.1
hptc2526-elitech-vietphap-conlai-khac,ET-E4,Theo danh sách tên trong QĐ học phí; 'các CT tiên tiến còn lại' = các ngành ELITECH không có tên riêng,rule_derived,2026.1
hptc2526-elitech-vietphap-conlai-khac,ET-E5,Theo danh sách tên trong QĐ học phí; 'các CT tiên tiến còn lại' = các ngành ELITECH không có tên riêng,rule_derived,2026.1
hptc2526-elitech-vietphap-conlai-khac,ET-E9,Theo danh sách tên trong QĐ học phí; 'các CT tiên tiến còn lại' = các ngành ELITECH không có tên riêng,rule_derived,2026.1
hptc2526-elitech-vietphap-conlai-khac,IT-E15,Theo danh sách tên trong QĐ học phí; 'các CT tiên tiến còn lại' = các ngành ELITECH không có tên riêng,rule_derived,2026.1
hptc2526-elitech-vietphap-conlai-khac,IT-EP,Theo danh sách tên trong QĐ học phí; 'các CT tiên tiến còn lại' = các ngành ELITECH không có tên riêng,rule_derived,2026.1
hptc2526-elitech-vietphap-conlai-khac,MS-E3,Theo danh sách tên trong QĐ học phí; 'các CT tiên tiến còn lại' = các ngành ELITECH không có tên riêng,rule_derived,2026.1
hptc2526-elitech-vietphap-conlai-khac,TE-E2,Theo danh sách tên trong QĐ học phí; 'các CT tiên tiến còn lại' = các ngành ELITECH không có tên riêng,rule_derived,2026.1
hptc2526-pfiev-ipe,EE-EP,Theo danh sách tên trong QĐ học phí,rule_derived,2026.1
hptc2526-pfiev-ipe,TE-EP,Theo danh sách tên trong QĐ học phí,rule_derived,2026.1
hptc2526-pfiev-ipe,FL2,Theo danh sách tên trong QĐ học phí,rule_derived,2026.1
hptc2526-me-gu-nut-coban,ME-GU,Theo danh sách tên trong QĐ học phí,rule_derived,2026.1
hptc2526-me-gu-nut-coban,ME-NUT,Theo danh sách tên trong QĐ học phí,rule_derived,2026.1
hptc2526-me-gu-nut-khac,ME-GU,Theo danh sách tên trong QĐ học phí,rule_derived,2026.1
hptc2526-me-gu-nut-khac,ME-NUT,Theo danh sách tên trong QĐ học phí,rule_derived,2026.1
hptc2526-luh-coban,ME-LUH,Theo danh sách tên trong QĐ học phí,rule_derived,2026.1
hptc2526-luh-coban,ET-LUH,Theo danh sách tên trong QĐ học phí,rule_derived,2026.1
hptc2526-luh-khac,ME-LUH,Theo danh sách tên trong QĐ học phí,rule_derived,2026.1
hptc2526-luh-khac,ET-LUH,Theo danh sách tên trong QĐ học phí,rule_derived,2026.1
hptc2526-troy-k70,TROY-BA,Theo danh sách tên trong QĐ học phí,rule_derived,2026.1
hptc2526-troy-k70,TROY-IT,Theo danh sách tên trong QĐ học phí,rule_derived,2026.1
hptc2526-troy-k69,TROY-BA,Theo danh sách tên trong QĐ học phí,rule_derived,2026.1
hptc2526-troy-k69,TROY-IT,Theo danh sách tên trong QĐ học phí,rule_derived,2026.1
hptc2526-troy-k68,TROY-BA,Theo danh sách tên trong QĐ học phí,rule_derived,2026.1
hptc2526-troy-k68,TROY-IT,Theo danh sách tên trong QĐ học phí,rule_derived,2026.1
hptc2627-chuan-700,ME1,Theo danh sách tên trong QĐ học phí,rule_derived,2026.1
hptc2627-chuan-700,ET1,Theo danh sách tên trong QĐ học phí,rule_derived,2026.1
hptc2627-chuan-700,EE2,Theo danh sách tên trong QĐ học phí,rule_derived,2026.1
hptc2627-chuan-700,IT1,Theo danh sách tên trong QĐ học phí,rule_derived,2026.1
hptc2627-chuan-700,IT2,Theo danh sách tên trong QĐ học phí,rule_derived,2026.1
hptc2627-chuan-680,MI1,Theo danh sách tên trong QĐ học phí,rule_derived,2026.1
hptc2627-chuan-680,MI2,Theo danh sách tên trong QĐ học phí,rule_derived,2026.1
hptc2627-chuan-680,ET2,Theo danh sách tên trong QĐ học phí,rule_derived,2026.1
hptc2627-chuan-680,ME2,Theo danh sách tên trong QĐ học phí,rule_derived,2026.1
hptc2627-chuan-680,TE2,Theo danh sách tên trong QĐ học phí,rule_derived,2026.1
hptc2627-chuan-680,BF2,Theo danh sách tên trong QĐ học phí,rule_derived,2026.1
hptc2627-chuan-680,BF1,Theo danh sách tên trong QĐ học phí,rule_derived,2026.1
hptc2627-chuan-680,TE1,Theo danh sách tên trong QĐ học phí,rule_derived,2026.1
hptc2627-chuan-680,EE1,Theo danh sách tên trong QĐ học phí,rule_derived,2026.1
hptc2627-chuan-680,EM5,Theo danh sách tên trong QĐ học phí,rule_derived,2026.1
hptc2627-chuan-680,EM2,Theo danh sách tên trong QĐ học phí,rule_derived,2026.1
hptc2627-chuan-680,EM1,Theo danh sách tên trong QĐ học phí,rule_derived,2026.1
hptc2627-chuan-680,EM3,Theo danh sách tên trong QĐ học phí,rule_derived,2026.1
hptc2627-chuan-680,EM4,Theo danh sách tên trong QĐ học phí,rule_derived,2026.1
hptc2627-chuan-680,FL1,Theo danh sách tên trong QĐ học phí,rule_derived,2026.1
hptc2627-chuan-680,FL3,Theo danh sách tên trong QĐ học phí,rule_derived,2026.1
hptc2627-chuan-680,FL4,Theo danh sách tên trong QĐ học phí,rule_derived,2026.1
hptc2627-chuan-620,CH1,Theo danh sách tên trong QĐ học phí,rule_derived,2026.1
hptc2627-chuan-620,CH2,Theo danh sách tên trong QĐ học phí,rule_derived,2026.1
hptc2627-chuan-620,MS5,Theo danh sách tên trong QĐ học phí,rule_derived,2026.1
hptc2627-chuan-620,MS1,Theo danh sách tên trong QĐ học phí,rule_derived,2026.1
hptc2627-chuan-620,MS3,Theo danh sách tên trong QĐ học phí,rule_derived,2026.1
hptc2627-chuan-620,MS2,Theo danh sách tên trong QĐ học phí,rule_derived,2026.1
hptc2627-chuan-620,TE3,Theo danh sách tên trong QĐ học phí,rule_derived,2026.1
hptc2627-chuan-620,PH1,Theo danh sách tên trong QĐ học phí,rule_derived,2026.1
hptc2627-chuan-620,PH2,Theo danh sách tên trong QĐ học phí,rule_derived,2026.1
hptc2627-chuan-620,HE1,Theo danh sách tên trong QĐ học phí,rule_derived,2026.1
hptc2627-chuan-620,PH3,Theo danh sách tên trong QĐ học phí,rule_derived,2026.1
hptc2627-chuan-620,TX1,Theo danh sách tên trong QĐ học phí,rule_derived,2026.1
hptc2627-chuan-620,EV1,Theo danh sách tên trong QĐ học phí,rule_derived,2026.1
hptc2627-chuan-620,EV2,Theo danh sách tên trong QĐ học phí,rule_derived,2026.1
hptc2627-chuan-620,ED2,Theo danh sách tên trong QĐ học phí,rule_derived,2026.1
hptc2627-chuan-620,ED3,Theo danh sách tên trong QĐ học phí,rule_derived,2026.1
hptc2627-chuan-620,ED5,Theo danh sách tên trong QĐ học phí,rule_derived,2026.1
hptc2627-elitech-cntt-vn-coban,IT-E6,Theo danh sách tên trong QĐ học phí,rule_derived,2026.1
hptc2627-elitech-cntt-vn-khac,IT-E6,Theo danh sách tên trong QĐ học phí,rule_derived,2026.1
hptc2627-elitech-khdl-logistics-coban,IT-E10,Theo danh sách tên trong QĐ học phí,rule_derived,2026.1
hptc2627-elitech-khdl-logistics-coban,EM-E14,Theo danh sách tên trong QĐ học phí,rule_derived,2026.1
hptc2627-elitech-khdl-logistics-khac,IT-E10,Theo danh sách tên trong QĐ học phí,rule_derived,2026.1
hptc2627-elitech-khdl-logistics-khac,EM-E14,Theo danh sách tên trong QĐ học phí,rule_derived,2026.1
hptc2627-elitech-dktdh-gict-coban,EE-E8,Theo danh sách tên trong QĐ học phí,rule_derived,2026.1
hptc2627-elitech-dktdh-gict-coban,IT-E7,Theo danh sách tên trong QĐ học phí,rule_derived,2026.1
hptc2627-elitech-dktdh-gict-khac,EE-E8,Theo danh sách tên trong QĐ học phí,rule_derived,2026.1
hptc2627-elitech-dktdh-gict-khac,IT-E7,Theo danh sách tên trong QĐ học phí,rule_derived,2026.1
hptc2627-elitech-codientu-coban,ME-E1,Theo danh sách tên trong QĐ học phí,rule_derived,2026.1
hptc2627-elitech-codientu-khac,ME-E1,Theo danh sách tên trong QĐ học phí,rule_derived,2026.1
hptc2627-elitech-vietphap-conlai-coban,BF-E12,Theo danh sách tên trong QĐ học phí; 'các CT tiên tiến còn lại' = các ngành ELITECH không có tên riêng,rule_derived,2026.1
hptc2627-elitech-vietphap-conlai-coban,BF-E19,Theo danh sách tên trong QĐ học phí; 'các CT tiên tiến còn lại' = các ngành ELITECH không có tên riêng,rule_derived,2026.1
hptc2627-elitech-vietphap-conlai-coban,CH-E11,Theo danh sách tên trong QĐ học phí; 'các CT tiên tiến còn lại' = các ngành ELITECH không có tên riêng,rule_derived,2026.1
hptc2627-elitech-vietphap-conlai-coban,CH-E20,Theo danh sách tên trong QĐ học phí; 'các CT tiên tiến còn lại' = các ngành ELITECH không có tên riêng,rule_derived,2026.1
hptc2627-elitech-vietphap-conlai-coban,EE-E18,Theo danh sách tên trong QĐ học phí; 'các CT tiên tiến còn lại' = các ngành ELITECH không có tên riêng,rule_derived,2026.1
hptc2627-elitech-vietphap-conlai-coban,EM-E13,Theo danh sách tên trong QĐ học phí; 'các CT tiên tiến còn lại' = các ngành ELITECH không có tên riêng,rule_derived,2026.1
hptc2627-elitech-vietphap-conlai-coban,ET-E16,Theo danh sách tên trong QĐ học phí; 'các CT tiên tiến còn lại' = các ngành ELITECH không có tên riêng,rule_derived,2026.1
hptc2627-elitech-vietphap-conlai-coban,ET-E4,Theo danh sách tên trong QĐ học phí; 'các CT tiên tiến còn lại' = các ngành ELITECH không có tên riêng,rule_derived,2026.1
hptc2627-elitech-vietphap-conlai-coban,ET-E5,Theo danh sách tên trong QĐ học phí; 'các CT tiên tiến còn lại' = các ngành ELITECH không có tên riêng,rule_derived,2026.1
hptc2627-elitech-vietphap-conlai-coban,ET-E9,Theo danh sách tên trong QĐ học phí; 'các CT tiên tiến còn lại' = các ngành ELITECH không có tên riêng,rule_derived,2026.1
hptc2627-elitech-vietphap-conlai-coban,IT-E15,Theo danh sách tên trong QĐ học phí; 'các CT tiên tiến còn lại' = các ngành ELITECH không có tên riêng,rule_derived,2026.1
hptc2627-elitech-vietphap-conlai-coban,IT-EP,Theo danh sách tên trong QĐ học phí; 'các CT tiên tiến còn lại' = các ngành ELITECH không có tên riêng,rule_derived,2026.1
hptc2627-elitech-vietphap-conlai-coban,MS-E3,Theo danh sách tên trong QĐ học phí; 'các CT tiên tiến còn lại' = các ngành ELITECH không có tên riêng,rule_derived,2026.1
hptc2627-elitech-vietphap-conlai-coban,TE-E2,Theo danh sách tên trong QĐ học phí; 'các CT tiên tiến còn lại' = các ngành ELITECH không có tên riêng,rule_derived,2026.1
hptc2627-elitech-vietphap-conlai-khac,BF-E12,Theo danh sách tên trong QĐ học phí; 'các CT tiên tiến còn lại' = các ngành ELITECH không có tên riêng,rule_derived,2026.1
hptc2627-elitech-vietphap-conlai-khac,BF-E19,Theo danh sách tên trong QĐ học phí; 'các CT tiên tiến còn lại' = các ngành ELITECH không có tên riêng,rule_derived,2026.1
hptc2627-elitech-vietphap-conlai-khac,CH-E11,Theo danh sách tên trong QĐ học phí; 'các CT tiên tiến còn lại' = các ngành ELITECH không có tên riêng,rule_derived,2026.1
hptc2627-elitech-vietphap-conlai-khac,CH-E20,Theo danh sách tên trong QĐ học phí; 'các CT tiên tiến còn lại' = các ngành ELITECH không có tên riêng,rule_derived,2026.1
hptc2627-elitech-vietphap-conlai-khac,EE-E18,Theo danh sách tên trong QĐ học phí; 'các CT tiên tiến còn lại' = các ngành ELITECH không có tên riêng,rule_derived,2026.1
hptc2627-elitech-vietphap-conlai-khac,EM-E13,Theo danh sách tên trong QĐ học phí; 'các CT tiên tiến còn lại' = các ngành ELITECH không có tên riêng,rule_derived,2026.1
hptc2627-elitech-vietphap-conlai-khac,ET-E16,Theo danh sách tên trong QĐ học phí; 'các CT tiên tiến còn lại' = các ngành ELITECH không có tên riêng,rule_derived,2026.1
hptc2627-elitech-vietphap-conlai-khac,ET-E4,Theo danh sách tên trong QĐ học phí; 'các CT tiên tiến còn lại' = các ngành ELITECH không có tên riêng,rule_derived,2026.1
hptc2627-elitech-vietphap-conlai-khac,ET-E5,Theo danh sách tên trong QĐ học phí; 'các CT tiên tiến còn lại' = các ngành ELITECH không có tên riêng,rule_derived,2026.1
hptc2627-elitech-vietphap-conlai-khac,ET-E9,Theo danh sách tên trong QĐ học phí; 'các CT tiên tiến còn lại' = các ngành ELITECH không có tên riêng,rule_derived,2026.1
hptc2627-elitech-vietphap-conlai-khac,IT-E15,Theo danh sách tên trong QĐ học phí; 'các CT tiên tiến còn lại' = các ngành ELITECH không có tên riêng,rule_derived,2026.1
hptc2627-elitech-vietphap-conlai-khac,IT-EP,Theo danh sách tên trong QĐ học phí; 'các CT tiên tiến còn lại' = các ngành ELITECH không có tên riêng,rule_derived,2026.1
hptc2627-elitech-vietphap-conlai-khac,MS-E3,Theo danh sách tên trong QĐ học phí; 'các CT tiên tiến còn lại' = các ngành ELITECH không có tên riêng,rule_derived,2026.1
hptc2627-elitech-vietphap-conlai-khac,TE-E2,Theo danh sách tên trong QĐ học phí; 'các CT tiên tiến còn lại' = các ngành ELITECH không có tên riêng,rule_derived,2026.1
hptc2627-elitech-ketoan-mie22,EM-E17,Theo danh sách tên trong QĐ học phí,rule_derived,2026.1
hptc2627-elitech-ketoan-mie22,MI-E22,Theo danh sách tên trong QĐ học phí,rule_derived,2026.1
hptc2627-pfiev-ipe,EE-EP,Theo danh sách tên trong QĐ học phí,rule_derived,2026.1
hptc2627-pfiev-ipe,TE-EP,Theo danh sách tên trong QĐ học phí,rule_derived,2026.1
hptc2627-pfiev-ipe,FL2,Theo danh sách tên trong QĐ học phí,rule_derived,2026.1
hptc2627-me-gu-nut-coban,ME-GU,Theo danh sách tên trong QĐ học phí,rule_derived,2026.1
hptc2627-me-gu-nut-coban,ME-NUT,Theo danh sách tên trong QĐ học phí,rule_derived,2026.1
hptc2627-me-gu-nut-khac,ME-GU,Theo danh sách tên trong QĐ học phí,rule_derived,2026.1
hptc2627-me-gu-nut-khac,ME-NUT,Theo danh sách tên trong QĐ học phí,rule_derived,2026.1
hptc2627-luh-coban,ME-LUH,Theo danh sách tên trong QĐ học phí,rule_derived,2026.1
hptc2627-luh-coban,ET-LUH,Theo danh sách tên trong QĐ học phí,rule_derived,2026.1
hptc2627-luh-khac,ME-LUH,Theo danh sách tên trong QĐ học phí,rule_derived,2026.1
hptc2627-luh-khac,ET-LUH,Theo danh sách tên trong QĐ học phí,rule_derived,2026.1
hptc2627-troy-k71,TROY-BA,Theo danh sách tên trong QĐ học phí,rule_derived,2026.1
hptc2627-troy-k71,TROY-IT,Theo danh sách tên trong QĐ học phí,rule_derived,2026.1
hptc2627-troy-k70,TROY-BA,Theo danh sách tên trong QĐ học phí,rule_derived,2026.1
hptc2627-troy-k70,TROY-IT,Theo danh sách tên trong QĐ học phí,rule_derived,2026.1
hptc2627-troy-k69,TROY-BA,Theo danh sách tên trong QĐ học phí,rule_derived,2026.1
hptc2627-troy-k69,TROY-IT,Theo danh sách tên trong QĐ học phí,rule_derived,2026.1
hptc2627-troy-k68,TROY-BA,Theo danh sách tên trong QĐ học phí,rule_derived,2026.1
hptc2627-troy-k68,TROY-IT,Theo danh sách tên trong QĐ học phí,rule_derived,2026.1
