program_code,program_name,method_code,scale,score,combination_group,subject_combinations,score_note,year,source,source_url,collection_date,verification_status,dataset_version
IT-E10,Khoa học dữ liệu và Trí tuệ nhân tạo (CT tiên tiến),THPT,30,29.39,ky_thuat,A00;A01;K01,,2025,Bài công bố điểm chuẩn 2025 (ts.hust.edu.vn),https://ts.hust.edu.vn/tin-tuc/diem-chuan-cao-nhat-dh-bach-khoa-ha-noi-2025-29-39-diem-thpt-tuong-duong-93-96-diem-xttn-va-86-97-diem-tsa,2026-09-24,vision_double_read,2026.1
IT-E10,Khoa học dữ liệu và Trí tuệ nhân tạo (CT tiên tiến),XTTN_1.2,100,93.18,,A00,,2025,Bài công bố điểm chuẩn 2025 (ts.hust.edu.vn),https://ts.hust.edu.vn/tin-tuc/diem-chuan-cao-nhat-dh-bach-khoa-ha-noi-2025-29-39-diem-thpt-tuong-duong-93-96-diem-xttn-va-86-97-diem-tsa,2026-09-24,vision_double_read,2026.1
IT-E10,Khoa học dữ liệu và Trí tuệ nhân tạo (CT tiên tiến),XTTN_1.3,100,95.64,,A00,,2025,Bài công bố điểm chuẩn 2025 (ts.hust.edu.vn),https://ts.hust.edu.vn/tin-tuc/diem-chuan-cao-nhat-dh-bach-khoa-ha-noi-2025-29-39-diem-thpt-tuong-duong-93-96-diem-xttn-va-86-97-diem-tsa,2026-09-24,vision_double_read,2026.1
IT-E10,Khoa học dữ liệu và Trí tuệ nhân tạo (CT tiên tiến),DGTD,100,86.97,,A00,,2025,Bài công bố điểm chuẩn 2025 (ts.hust.edu.vn),https://ts.hust.edu.vn/tin-tuc/diem-chuan-cao-nhat-dh-bach-khoa-ha-noi-2025-29-39-diem-thpt-tuong-duong-93-96-diem-xttn-va-86-97-diem-tsa,2026-09-24,vision_double_read,2026.1
IT1,CNTT: Khoa học Máy tính,THPT,30,29.19,ky_thuat,A00;A01;K01,,2025,Bài công bố điểm chuẩn 2025 (ts.hust.edu.vn),https://ts.hust.edu.vn/tin-tuc/diem-chuan-cao-nhat-dh-bach-khoa-ha-noi-2025-29-39-diem-thpt-tuong-duong-93-96-diem-xttn-va-86-97-diem-tsa,2026-09-24,vision_double_read,2026.1
IT1,CNTT: Khoa học Máy tính,XTTN_1.2,100,90.61,,A00,,2025,Bài công bố điểm chuẩn 2025 (ts.hust.edu.vn),https://ts.hust.edu.vn/tin-tuc/diem-chuan-cao-nhat-dh-bach-khoa-ha-noi-2025-29-39-diem-thpt-tuong-duong-93-96-diem-xttn-va-86-97-diem-tsa,2026-09-24,vision_double_read,2026.1
IT1,CNTT: Khoa học Máy tính,XTTN_1.3,100,93.92,,A00,,2025,Bài công bố điểm chuẩn 2025 (ts.hust.edu.vn),https://ts.hust.edu.vn/tin-tuc/diem-chuan-cao-nhat-dh-bach-khoa-ha-noi-2025-29-39-diem-thpt-tuong-duong-93-96-diem-xttn-va-86-97-diem-tsa,2026-09-24,vision_double_read,2026.1
IT1,CNTT: Khoa học Máy tính,DGTD,100,83.39,,A00,,2025,Bài công bố điểm chuẩn 2025 (ts.hust.edu.vn),https://ts.hust.edu.vn/tin-tuc/diem-chuan-cao-nhat-dh-bach-khoa-ha-noi-2025-29-39-diem-thpt-tuong-duong-93-96-diem-xttn-va-86-97-diem-tsa,2026-09-24,vision_double_read,2026.1
IT2,CNTT: Kỹ thuật Máy tính,THPT,30,28.83,ky_thuat,A00;A01;K01,,2025,Bài công bố điểm chuẩn 2025 (ts.hust.edu.vn),https://ts.hust.edu.vn/tin-tuc/diem-chuan-cao-nhat-dh-bach-khoa-ha-noi-2025-29-39-diem-thpt-tuong-duong-93-96-diem-xttn-va-86-97-diem-tsa,2026-09-24,vision_double_read,2026.1
IT2,CNTT: Kỹ thuật Máy tính,XTTN_1.2,100,84.64,,A00,,2025,Bài công bố điểm chuẩn 2025 (ts.hust.edu.vn),https://ts.hust.edu.vn/tin-tuc/diem-chuan-cao-nhat-dh-bach-khoa-ha-noi-2025-29-39-diem-thpt-tuong-duong-93-96-diem-xttn-va-86-97-diem-tsa,2026-09-24,vision_double_read,2026.1
IT2,CNTT: Kỹ thuật Máy tính,XTTN_1.3,100,89.62,,A00,,2025,Bài công bố điểm chuẩn 2025 (ts.hust.edu.vn),https://ts.hust.edu.vn/tin-tuc/diem-chuan-cao-nhat-dh-bach-khoa-ha-noi-2025-29-39-diem-thpt-tuong-duong-93-96-diem-xttn-va-86-97-diem-tsa,2026-09-24,vision_double_read,2026.1
IT2,CNTT: Kỹ thuật Máy tính,DGTD,100,79.86,,A00,,2025,Bài công bố điểm chuẩn 2025 (ts.hust.edu.vn),https://ts.hust.edu.vn/tin-tuc/diem-chuan-cao-nhat-dh-bach-khoa-ha-noi-2025-29-39-diem-thpt-tuong-duong-93-96-diem-xttn-va-86-97-diem-tsa,2026-09-24,vision_double_read,2026.1
IT-E15,An toàn không gian số - Cyber Security (CT Tiên tiến),THPT,30,28.69,ky_thuat,A00;A01;K01,,2025,Bài công bố điểm chuẩn 2025 (ts.hust.edu.vn),https://ts.hust.edu.vn/tin-tuc/diem-chuan-cao-nhat-dh-bach-khoa-ha-noi-2025-29-39-diem-thpt-tuong-duong-93-96-diem-xttn-va-86-97-diem-tsa,2026-09-24,vision_double_read,2026.1
IT-E15,An toàn không gian số - Cyber Security (CT Tiên tiến),XTTN_1.2,100,82.32,,A00,,2025,Bài công bố điểm chuẩn 2025 (ts.hust.edu.vn),https://ts.hust.edu.vn/tin-tuc/diem-chuan-cao-nhat-dh-bach-khoa-ha-noi-2025-29-39-diem-thpt-tuong-duong-93-96-diem-xttn-va-86-97-diem-tsa,2026-09-24,vision_double_read,2026.1
IT-E15,An toàn không gian số - Cyber Security (CT Tiên tiến),XTTN_1.3,100,87.95,,A00,,2025,Bài công bố điểm chuẩn 2025 (ts.hust.edu.vn),https://ts.hust.edu.vn/tin-tuc/diem-chuan-cao-nhat-dh-bach-khoa-ha-noi-2025-29-39-diem-thpt-tuong-duong-93-96-diem-xttn-va-86-97-diem-tsa,2026-09-24,vision_double_read,2026.1
IT-E15,An toàn không gian số - Cyber Security (CT Tiên tiến),DGTD,100,78.49,,A00,,2025,Bài công bố điểm chuẩn 2025 (ts.hust.edu.vn),https://ts.hust.edu.vn/tin-tuc/diem-chuan-cao-nhat-dh-bach-khoa-ha-noi-2025-29-39-diem-thpt-tuong-duong-93-96-diem-xttn-va-86-97-diem-tsa,2026-09-24,vision_double_read,2026.1
IT-E7,Công nghệ thông tin (Global ICT),THPT,30,28.66,ky_thuat,A00;A01;K01,,2025,Bài công bố điểm chuẩn 2025 (ts.hust.edu.vn),https://ts.hust.edu.vn/tin-tuc/diem-chuan-cao-nhat-dh-bach-khoa-ha-noi-2025-29-39-diem-thpt-tuong-duong-93-96-diem-xttn-va-86-97-diem-tsa,2026-09-24,vision_double_read,2026.1
IT-E7,Công nghệ thông tin (Global ICT),XTTN_1.2,100,81.82,,A00,,2025,Bài công bố điểm chuẩn 2025 (ts.hust.edu.vn),https://ts.hust.edu.vn/tin-tuc/diem-chuan-cao-nhat-dh-bach-khoa-ha-noi-2025-29-39-diem-thpt-tuong-duong-93-96-diem-xttn-va-86-97-diem-tsa,2026-09-24,vision_double_read,2026.1
IT-E7,Công nghệ thông tin (Global ICT),XTTN_1.3,100,87.59,,A00,,2025,Bài công bố điểm chuẩn 2025 (ts.hust.edu.vn),https://ts.hust.edu.vn/tin-tuc/diem-chuan-cao-nhat-dh-bach-khoa-ha-noi-2025-29-39-diem-thpt-tuong-duong-93-96-diem-xttn-va-86-97-diem-tsa,2026-09-24,vision_double_read,2026.1
IT-E7,Công nghệ thông tin (Global ICT),DGTD,100,78.19,,A00,,2025,Bài công bố điểm chuẩn 2025 (ts.hust.edu.vn),https://ts.hust.edu.vn/tin-tuc/diem-chuan-cao-nhat-dh-bach-khoa-ha-noi-2025-29-39-diem-thpt-tuong-duong-93-96-diem-xttn-va-86-97-diem-tsa,2026-09-24,vision_double_read,2026.1
EE2,Kỹ thuật Điều khiển - Tự động hoá,THPT,30,28.48,ky_thuat,A00;A01;K01,,2025,Bài công bố điểm chuẩn 2025 (ts.hust.edu.vn),https://ts.hust.edu.vn/tin-tuc/diem-chuan-cao-nhat-dh-bach-khoa-ha-noi-2025-29-39-diem-thpt-tuong-duong-93-96-diem-xttn-va-86-97-diem-tsa,2026-09-24,vision_double_read,2026.1
EE2,Kỹ thuật Điều khiển - Tự động hoá,XTTN_1.2,100,78.83,,A00,,2025,Bài công bố điểm chuẩn 2025 (ts.hust.edu.vn),https://ts.hust.edu.vn/tin-tuc/diem-chuan-cao-nhat-dh-bach-khoa-ha-noi-2025-29-39-diem-thpt-tuong-duong-93-96-diem-xttn-va-86-97-diem-tsa,2026-09-24,vision_double_read,2026.1
EE2,Kỹ thuật Điều khiển - Tự động hoá,XTTN_1.3,100,85.44,,A00,,2025,Bài công bố điểm chuẩn 2025 (ts.hust.edu.vn),https://ts.hust.edu.vn/tin-tuc/diem-chuan-cao-nhat-dh-bach-khoa-ha-noi-2025-29-39-diem-thpt-tuong-duong-93-96-diem-xttn-va-86-97-diem-tsa,2026-09-24,vision_double_read,2026.1
EE2,Kỹ thuật Điều khiển - Tự động hoá,DGTD,100,76.43,,A00,,2025,Bài công bố điểm chuẩn 2025 (ts.hust.edu.vn),https://ts.hust.edu.vn/tin-tuc/diem-chuan-cao-nhat-dh-bach-khoa-ha-noi-2025-29-39-diem-thpt-tuong-duong-93-96-diem-xttn-va-86-97-diem-tsa,2026-09-24,vision_double_read,2026.1
MS2,Kỹ thuật Vi điện tử và Công nghệ nano,THPT,30,28.25,ky_thuat,A00;A01;D07;K01,,2025,Bài công bố điểm chuẩn 2025 (ts.hust.edu.vn),https://ts.hust.edu.vn/tin-tuc/diem-chuan-cao-nhat-dh-bach-khoa-ha-noi-2025-29-39-diem-thpt-tuong-duong-93-96-diem-xttn-va-86-97-diem-tsa,2026-09-24,vision_double_read,2026.1
MS2,Kỹ thuật Vi điện tử và Công nghệ nano,XTTN_1.2,100,77.20,,A00,,2025,Bài công bố điểm chuẩn 2025 (ts.hust.edu.vn),https://ts.hust.edu.vn/tin-tuc/diem-chuan-cao-nhat-dh-bach-khoa-ha-noi-2025-29-39-diem-thpt-tuong-duong-93-96-diem-xttn-va-86-97-diem-tsa,2026-09-24,vision_double_read,2026.1
MS2,Kỹ thuật Vi điện tử và Công nghệ nano,XTTN_1.3,100,80.90,,A00,,2025,Bài công bố điểm chuẩn 2025 (ts.hust.edu.vn),https://ts.hust.edu.vn/tin-tuc/diem-chuan-cao-nhat-dh-bach-khoa-ha-noi-2025-29-39-diem-thpt-tuong-duong-93-96-diem-xttn-va-86-97-diem-tsa,2026-09-24,vision_double_read,2026.1
MS2,Kỹ thuật Vi điện tử và Công nghệ nano,DGTD,100,74.76,,A00,,2025,Bài công bố điểm chuẩn 2025 (ts.hust.edu.vn),https://ts.hust.edu.vn/tin-tuc/diem-chuan-cao-nhat-dh-bach-khoa-ha-noi-2025-29-39-diem-thpt-tuong-duong-93-96-diem-xttn-va-86-97-diem-tsa,2026-09-24,vision_double_read,2026.1
EE-E8,Kỹ thuật Điều khiển - Tự động hoá (CT tiên tiến),THPT,30,28.12,ky_thuat,A00;A01;K01,,2025,Bài công bố điểm chuẩn 2025 (ts.hust.edu.vn),https://ts.hust.edu.vn/tin-tuc/diem-chuan-cao-nhat-dh-bach-khoa-ha-noi-2025-29-39-diem-thpt-tuong-duong-93-96-diem-xttn-va-86-97-diem-tsa,2026-09-24,vision_double_read,2026.1
EE-E8,Kỹ thuật Điều khiển - Tự động hoá (CT tiên tiến),XTTN_1.2,100,76.40,,A00,,2025,Bài công bố điểm chuẩn 2025 (ts.hust.edu.vn),https://ts.hust.edu.vn/tin-tuc/diem-chuan-cao-nhat-dh-bach-khoa-ha-noi-2025-29-39-diem-thpt-tuong-duong-93-96-diem-xttn-va-86-97-diem-tsa,2026-09-24,vision_double_read,2026.1
EE-E8,Kỹ thuật Điều khiển - Tự động hoá (CT tiên tiến),XTTN_1.3,100,78.24,,A00,,2025,Bài công bố điểm chuẩn 2025 (ts.hust.edu.vn),https://ts.hust.edu.vn/tin-tuc/diem-chuan-cao-nhat-dh-bach-khoa-ha-noi-2025-29-39-diem-thpt-tuong-duong-93-96-diem-xttn-va-86-97-diem-tsa,2026-09-24,vision_double_read,2026.1
EE-E8,Kỹ thuật Điều khiển - Tự động hoá (CT tiên tiến),DGTD,100,73.86,,A00,,2025,Bài công bố điểm chuẩn 2025 (ts.hust.edu.vn),https://ts.hust.edu.vn/tin-tuc/diem-chuan-cao-nhat-dh-bach-khoa-ha-noi-2025-29-39-diem-thpt-tuong-duong-93-96-diem-xttn-va-86-97-diem-tsa,2026-09-24,vision_double_read,2026.1
ET1,Kỹ thuật Điện tử - Viễn thông,THPT,30,28.07,ky_thuat,A00;A01;K01,,2025,Bài công bố điểm chuẩn 2025 (ts.hust.edu.vn),https://ts.hust.edu.vn/tin-tuc/diem-chuan-cao-nhat-dh-bach-khoa-ha-noi-2025-29-39-diem-thpt-tuong-duong-93-96-diem-xttn-va-86-97-diem-tsa,2026-09-24,vision_double_read,2026.1
ET1,Kỹ thuật Điện tử - Viễn thông,XTTN_1.2,100,76.09,,A00,,2025,Bài công bố điểm chuẩn 2025 (ts.hust.edu.vn),https://ts.hust.edu.vn/tin-tuc/diem-chuan-cao-nhat-dh-bach-khoa-ha-noi-2025-29-39-diem-thpt-tuong-duong-93-96-diem-xttn-va-86-97-diem-tsa,2026-09-24,vision_double_read,2026.1
ET1,Kỹ thuật Điện tử - Viễn thông,XTTN_1.3,100,77.22,,A00,,2025,Bài công bố điểm chuẩn 2025 (ts.hust.edu.vn),https://ts.hust.edu.vn/tin-tuc/diem-chuan-cao-nhat-dh-bach-khoa-ha-noi-2025-29-39-diem-thpt-tuong-duong-93-96-diem-xttn-va-86-97-diem-tsa,2026-09-24,vision_double_read,2026.1
ET1,Kỹ thuật Điện tử - Viễn thông,DGTD,100,73.51,,A00,,2025,Bài công bố điểm chuẩn 2025 (ts.hust.edu.vn),https://ts.hust.edu.vn/tin-tuc/diem-chuan-cao-nhat-dh-bach-khoa-ha-noi-2025-29-39-diem-thpt-tuong-duong-93-96-diem-xttn-va-86-97-diem-tsa,2026-09-24,vision_double_read,2026.1
IT-E6,Công nghệ thông tin (Việt - Nhật),THPT,30,27.97,ky_thuat,A00;A01;K01,,2025,Bài công bố điểm chuẩn 2025 (ts.hust.edu.vn),https://ts.hust.edu.vn/tin-tuc/diem-chuan-cao-nhat-dh-bach-khoa-ha-noi-2025-29-39-diem-thpt-tuong-duong-93-96-diem-xttn-va-86-97-diem-tsa,2026-09-24,vision_double_read,2026.1
IT-E6,Công nghệ thông tin (Việt - Nhật),XTTN_1.2,100,75.47,,A00,,2025,Bài công bố điểm chuẩn 2025 (ts.hust.edu.vn),https://ts.hust.edu.vn/tin-tuc/diem-chuan-cao-nhat-dh-bach-khoa-ha-noi-2025-29-39-diem-thpt-tuong-duong-93-96-diem-xttn-va-86-97-diem-tsa,2026-09-24,vision_double_read,2026.1
IT-E6,Công nghệ thông tin (Việt - Nhật),XTTN_1.3,100,75.17,,A00,,2025,Bài công bố điểm chuẩn 2025 (ts.hust.edu.vn),https://ts.hust.edu.vn/tin-tuc/diem-chuan-cao-nhat-dh-bach-khoa-ha-noi-2025-29-39-diem-thpt-tuong-duong-93-96-diem-xttn-va-86-97-diem-tsa,2026-09-24,vision_double_read,2026.1
IT-E6,Công nghệ thông tin (Việt - Nhật),DGTD,100,72.81,,A00,,2025,Bài công bố điểm chuẩn 2025 (ts.hust.edu.vn),https://ts.hust.edu.vn/tin-tuc/diem-chuan-cao-nhat-dh-bach-khoa-ha-noi-2025-29-39-diem-thpt-tuong-duong-93-96-diem-xttn-va-86-97-diem-tsa,2026-09-24,vision_double_read,2026.1
ME1,Kỹ thuật Cơ điện tử,THPT,30,27.90,ky_thuat,A00;A01;K01,,2025,Bài công bố điểm chuẩn 2025 (ts.hust.edu.vn),https://ts.hust.edu.vn/tin-tuc/diem-chuan-cao-nhat-dh-bach-khoa-ha-noi-2025-29-39-diem-thpt-tuong-duong-93-96-diem-xttn-va-86-97-diem-tsa,2026-09-24,vision_double_read,2026.1
ME1,Kỹ thuật Cơ điện tử,XTTN_1.2,100,75.04,,A00,,2025,Bài công bố điểm chuẩn 2025 (ts.hust.edu.vn),https://ts.hust.edu.vn/tin-tuc/diem-chuan-cao-nhat-dh-bach-khoa-ha-noi-2025-29-39-diem-thpt-tuong-duong-93-96-diem-xttn-va-86-97-diem-tsa,2026-09-24,vision_double_read,2026.1
ME1,Kỹ thuật Cơ điện tử,XTTN_1.3,100,73.74,,A00,,2025,Bài công bố điểm chuẩn 2025 (ts.hust.edu.vn),https://ts.hust.edu.vn/tin-tuc/diem-chuan-cao-nhat-dh-bach-khoa-ha-noi-2025-29-39-diem-thpt-tuong-duong-93-96-diem-xttn-va-86-97-diem-tsa,2026-09-24,vision_double_read,2026.1
ME1,Kỹ thuật Cơ điện tử,DGTD,100,72.32,,A00,,2025,Bài công bố điểm chuẩn 2025 (ts.hust.edu.vn),https://ts.hust.edu.vn/tin-tuc/diem-chuan-cao-nhat-dh-bach-khoa-ha-noi-2025-29-39-diem-thpt-tuong-duong-93-96-diem-xttn-va-86-97-diem-tsa,2026-09-24,vision_double_read,2026.1
ET-E9,Hệ thống nhúng thông minh và IoT (CT tiên tiến),THPT,30,27.85,ky_thuat,A00;A01;K01,,2025,Bài công bố điểm chuẩn 2025 (ts.hust.edu.vn),https://ts.hust.edu.vn/tin-tuc/diem-chuan-cao-nhat-dh-bach-khoa-ha-noi-2025-29-39-diem-thpt-tuong-duong-93-96-diem-xttn-va-86-97-diem-tsa,2026-09-24,vision_double_read,2026.1
ET-E9,Hệ thống nhúng thông minh và IoT (CT tiên tiến),XTTN_1.2,100,74.73,,A00,,2025,Bài công bố điểm chuẩn 2025 (ts.hust.edu.vn),https://ts.hust.edu.vn/tin-tuc/diem-chuan-cao-nhat-dh-bach-khoa-ha-noi-2025-29-39-diem-thpt-tuong-duong-93-96-diem-xttn-va-86-97-diem-tsa,2026-09-24,vision_double_read,2026.1
ET-E9,Hệ thống nhúng thông minh và IoT (CT tiên tiến),XTTN_1.3,100,72.71,,A00,,2025,Bài công bố điểm chuẩn 2025 (ts.hust.edu.vn),https://ts.hust.edu.vn/tin-tuc/diem-chuan-cao-nhat-dh-bach-khoa-ha-noi-2025-29-39-diem-thpt-tuong-duong-93-96-diem-xttn-va-86-97-diem-tsa,2026-09-24,vision_double_read,2026.1
ET-E9,Hệ thống nhúng thông minh và IoT (CT tiên tiến),DGTD,100,71.97,,A00,,2025,Bài công bố điểm chuẩn 2025 (ts.hust.edu.vn),https://ts.hust.edu.vn/tin-tuc/diem-chuan-cao-nhat-dh-bach-khoa-ha-noi-2025-29-39-diem-thpt-tuong-duong-93-96-diem-xttn-va-86-97-diem-tsa,2026-09-24,vision_double_read,2026.1
IT-EP,Công nghệ thông tin (Việt - Pháp),THPT,30,27.83,ky_thuat,A00;A01;K01,,2025,Bài công bố điểm chuẩn 2025 (ts.hust.edu.vn),https://ts.hust.edu.vn/tin-tuc/diem-chuan-cao-nhat-dh-bach-khoa-ha-noi-2025-29-39-diem-thpt-tuong-duong-93-96-diem-xttn-va-86-97-diem-tsa,2026-09-24,vision_double_read,2026.1
IT-EP,Công nghệ thông tin (Việt - Pháp),XTTN_1.2,100,74.61,,A00,,2025,Bài công bố điểm chuẩn 2025 (ts.hust.edu.vn),https://ts.hust.edu.vn/tin-tuc/diem-chuan-cao-nhat-dh-bach-khoa-ha-noi-2025-29-39-diem-thpt-tuong-duong-93-96-diem-xttn-va-86-97-diem-tsa,2026-09-24,vision_double_read,2026.1
IT-EP,Công nghệ thông tin (Việt - Pháp),XTTN_1.3,100,72.30,,A00,,2025,Bài công bố điểm chuẩn 2025 (ts.hust.edu.vn),https://ts.hust.edu.vn/tin-tuc/diem-chuan-cao-nhat-dh-bach-khoa-ha-noi-2025-29-39-diem-thpt-tuong-duong-93-96-diem-xttn-va-86-97-diem-tsa,2026-09-24,vision_double_read,2026.1
IT-EP,Công nghệ thông tin (Việt - Pháp),DGTD,100,71.83,,A00,,2025,Bài công bố điểm chuẩn 2025 (ts.hust.edu.vn),https://ts.hust.edu.vn/tin-tuc/diem-chuan-cao-nhat-dh-bach-khoa-ha-noi-2025-29-39-diem-thpt-tuong-duong-93-96-diem-xttn-va-86-97-diem-tsa,2026-09-24,vision_double_read,2026.1
MI1,Toán - Tin,THPT,30,27.80,ky_thuat,A00;A01;K01,,2025,Bài công bố điểm chuẩn 2025 (ts.hust.edu.vn),https://ts.hust.edu.vn/tin-tuc/diem-chuan-cao-nhat-dh-bach-khoa-ha-noi-2025-29-39-diem-thpt-tuong-duong-93-96-diem-xttn-va-86-97-diem-tsa,2026-09-24,vision_double_read,2026.1
MI1,Toán - Tin,XTTN_1.2,100,74.42,,A00,,2025,Bài công bố điểm chuẩn 2025 (ts.hust.edu.vn),https://ts.hust.edu.vn/tin-tuc/diem-chuan-cao-nhat-dh-bach-khoa-ha-noi-2025-29-39-diem-thpt-tuong-duong-93-96-diem-xttn-va-86-97-diem-tsa,2026-09-24,vision_double_read,2026.1
MI1,Toán - Tin,XTTN_1.3,100,71.69,,A00,,2025,Bài công bố điểm chuẩn 2025 (ts.hust.edu.vn),https://ts.hust.edu.vn/tin-tuc/diem-chuan-cao-nhat-dh-bach-khoa-ha-noi-2025-29-39-diem-thpt-tuong-duong-93-96-diem-xttn-va-86-97-diem-tsa,2026-09-24,vision_double_read,2026.1
MI1,Toán - Tin,DGTD,100,71.62,,A00,,2025,Bài công bố điểm chuẩn 2025 (ts.hust.edu.vn),https://ts.hust.edu.vn/tin-tuc/diem-chuan-cao-nhat-dh-bach-khoa-ha-noi-2025-29-39-diem-thpt-tuong-duong-93-96-diem-xttn-va-86-97-diem-tsa,2026-09-24,vision_double_read,2026.1
MI2,Hệ thống thông tin quản lý,THPT,30,27.72,ky_thuat,A00;A01;K01,,2025,Bài công bố điểm chuẩn 2025 (ts.hust.edu.vn),https://ts.hust.edu.vn/tin-tuc/diem-chuan-cao-nhat-dh-bach-khoa-ha-noi-2025-29-39-diem-thpt-tuong-duong-93-96-diem-xttn-va-86-97-diem-tsa,2026-09-24,vision_double_read,2026.1
MI2,Hệ thống thông tin quản lý,XTTN_1.2,100,73.93,,A00,,2025,Bài công bố điểm chuẩn 2025 (ts.hust.edu.vn),https://ts.hust.edu.vn/tin-tuc/diem-chuan-cao-nhat-dh-bach-khoa-ha-noi-2025-29-39-diem-thpt-tuong-duong-93-96-diem-xttn-va-86-97-diem-tsa,2026-09-24,vision_double_read,2026.1
MI2,Hệ thống thông tin quản lý,XTTN_1.3,100,70.05,,A00,,2025,Bài công bố điểm chuẩn 2025 (ts.hust.edu.vn),https://ts.hust.edu.vn/tin-tuc/diem-chuan-cao-nhat-dh-bach-khoa-ha-noi-2025-29-39-diem-thpt-tuong-duong-93-96-diem-xttn-va-86-97-diem-tsa,2026-09-24,vision_double_read,2026.1
MI2,Hệ thống thông tin quản lý,DGTD,100,71.07,,A00,,2025,Bài công bố điểm chuẩn 2025 (ts.hust.edu.vn),https://ts.hust.edu.vn/tin-tuc/diem-chuan-cao-nhat-dh-bach-khoa-ha-noi-2025-29-39-diem-thpt-tuong-duong-93-96-diem-xttn-va-86-97-diem-tsa,2026-09-24,vision_double_read,2026.1
EE1,Kỹ thuật Điện,THPT,30,27.55,ky_thuat,A00;A01;K01,,2025,Bài công bố điểm chuẩn 2025 (ts.hust.edu.vn),https://ts.hust.edu.vn/tin-tuc/diem-chuan-cao-nhat-dh-bach-khoa-ha-noi-2025-29-39-diem-thpt-tuong-duong-93-96-diem-xttn-va-86-97-diem-tsa,2026-09-24,vision_double_read,2026.1
EE1,Kỹ thuật Điện,XTTN_1.2,100,72.88,,A00,,2025,Bài công bố điểm chuẩn 2025 (ts.hust.edu.vn),https://ts.hust.edu.vn/tin-tuc/diem-chuan-cao-nhat-dh-bach-khoa-ha-noi-2025-29-39-diem-thpt-tuong-duong-93-96-diem-xttn-va-86-97-diem-tsa,2026-09-24,vision_double_read,2026.1
EE1,Kỹ thuật Điện,XTTN_1.3,100,66.57,,A00,,2025,Bài công bố điểm chuẩn 2025 (ts.hust.edu.vn),https://ts.hust.edu.vn/tin-tuc/diem-chuan-cao-nhat-dh-bach-khoa-ha-noi-2025-29-39-diem-thpt-tuong-duong-93-96-diem-xttn-va-86-97-diem-tsa,2026-09-24,vision_double_read,2026.1
EE1,Kỹ thuật Điện,DGTD,100,69.88,,A00,,2025,Bài công bố điểm chuẩn 2025 (ts.hust.edu.vn),https://ts.hust.edu.vn/tin-tuc/diem-chuan-cao-nhat-dh-bach-khoa-ha-noi-2025-29-39-diem-thpt-tuong-duong-93-96-diem-xttn-va-86-97-diem-tsa,2026-09-24,vision_double_read,2026.1
ET-E4,Kỹ thuật Điện tử - Viễn thông (CT tiên tiến),THPT,30,27.55,ky_thuat,A00;A01;K01,,2025,Bài công bố điểm chuẩn 2025 (ts.hust.edu.vn),https://ts.hust.edu.vn/tin-tuc/diem-chuan-cao-nhat-dh-bach-khoa-ha-noi-2025-29-39-diem-thpt-tuong-duong-93-96-diem-xttn-va-86-97-diem-tsa,2026-09-24,vision_double_read,2026.1
ET-E4,Kỹ thuật Điện tử - Viễn thông (CT tiên tiến),XTTN_1.2,100,72.88,,A00,,2025,Bài công bố điểm chuẩn 2025 (ts.hust.edu.vn),https://ts.hust.edu.vn/tin-tuc/diem-chuan-cao-nhat-dh-bach-khoa-ha-noi-2025-29-39-diem-thpt-tuong-duong-93-96-diem-xttn-va-86-97-diem-tsa,2026-09-24,vision_double_read,2026.1
ET-E4,Kỹ thuật Điện tử - Viễn thông (CT tiên tiến),XTTN_1.3,100,66.57,,A00,,2025,Bài công bố điểm chuẩn 2025 (ts.hust.edu.vn),https://ts.hust.edu.vn/tin-tuc/diem-chuan-cao-nhat-dh-bach-khoa-ha-noi-2025-29-39-diem-thpt-tuong-duong-93-96-diem-xttn-va-86-97-diem-tsa,2026-09-24,vision_double_read,2026.1
ET-E4,Kỹ thuật Điện tử - Viễn thông (CT tiên tiến),DGTD,100,69.88,,A00,,2025,Bài công bố điểm chuẩn 2025 (ts.hust.edu.vn),https://ts.hust.edu.vn/tin-tuc/diem-chuan-cao-nhat-dh-bach-khoa-ha-noi-2025-29-39-diem-thpt-tuong-duong-93-96-diem-xttn-va-86-97-diem-tsa,2026-09-24,vision_double_read,2026.1
EE-EP,Tin học công nghiệp và Tự động hóa (Chương trình Việt - Pháp PFIEV),THPT,30,27.27,ky_thuat,A00;A01;K01,,2025,Bài công bố điểm chuẩn 2025 (ts.hust.edu.vn),https://ts.hust.edu.vn/tin-tuc/diem-chuan-cao-nhat-dh-bach-khoa-ha-noi-2025-29-39-diem-thpt-tuong-duong-93-96-diem-xttn-va-86-97-diem-tsa,2026-09-24,vision_double_read,2026.1
EE-EP,Tin học công nghiệp và Tự động hóa (Chương trình Việt - Pháp PFIEV),XTTN_1.2,100,70.85,,A00,,2025,Bài công bố điểm chuẩn 2025 (ts.hust.edu.vn),https://ts.hust.edu.vn/tin-tuc/diem-chuan-cao-nhat-dh-bach-khoa-ha-noi-2025-29-39-diem-thpt-tuong-duong-93-96-diem-xttn-va-86-97-diem-tsa,2026-09-24,vision_double_read,2026.1
EE-EP,Tin học công nghiệp và Tự động hóa (Chương trình Việt - Pháp PFIEV),XTTN_1.3,100,65.26,,A00,,2025,Bài công bố điểm chuẩn 2025 (ts.hust.edu.vn),https://ts.hust.edu.vn/tin-tuc/diem-chuan-cao-nhat-dh-bach-khoa-ha-noi-2025-29-39-diem-thpt-tuong-duong-93-96-diem-xttn-va-86-97-diem-tsa,2026-09-24,vision_double_read,2026.1
EE-EP,Tin học công nghiệp và Tự động hóa (Chương trình Việt - Pháp PFIEV),DGTD,100,68.73,,A00,,2025,Bài công bố điểm chuẩn 2025 (ts.hust.edu.vn),https://ts.hust.edu.vn/tin-tuc/diem-chuan-cao-nhat-dh-bach-khoa-ha-noi-2025-29-39-diem-thpt-tuong-duong-93-96-diem-xttn-va-86-97-diem-tsa,2026-09-24,vision_double_read,2026.1
TE1,Kỹ thuật Ô tô,THPT,30,27.03,ky_thuat,A00;A01;K01,,2025,Bài công bố điểm chuẩn 2025 (ts.hust.edu.vn),https://ts.hust.edu.vn/tin-tuc/diem-chuan-cao-nhat-dh-bach-khoa-ha-noi-2025-29-39-diem-thpt-tuong-duong-93-96-diem-xttn-va-86-97-diem-tsa,2026-09-24,vision_double_read,2026.1
TE1,Kỹ thuật Ô tô,XTTN_1.2,100,69.12,,A00,,2025,Bài công bố điểm chuẩn 2025 (ts.hust.edu.vn),https://ts.hust.edu.vn/tin-tuc/diem-chuan-cao-nhat-dh-bach-khoa-ha-noi-2025-29-39-diem-thpt-tuong-duong-93-96-diem-xttn-va-86-97-diem-tsa,2026-09-24,vision_double_read,2026.1
TE1,Kỹ thuật Ô tô,XTTN_1.3,100,64.13,,A00,,2025,Bài công bố điểm chuẩn 2025 (ts.hust.edu.vn),https://ts.hust.edu.vn/tin-tuc/diem-chuan-cao-nhat-dh-bach-khoa-ha-noi-2025-29-39-diem-thpt-tuong-duong-93-96-diem-xttn-va-86-97-diem-tsa,2026-09-24,vision_double_read,2026.1
TE1,Kỹ thuật Ô tô,DGTD,100,67.74,,A00,,2025,Bài công bố điểm chuẩn 2025 (ts.hust.edu.vn),https://ts.hust.edu.vn/tin-tuc/diem-chuan-cao-nhat-dh-bach-khoa-ha-noi-2025-29-39-diem-thpt-tuong-duong-93-96-diem-xttn-va-86-97-diem-tsa,2026-09-24,vision_double_read,2026.1
ME-E1,Kỹ thuật Cơ điện tử (CT tiên tiến),THPT,30,26.74,ky_thuat,A00;A01;K01,,2025,Bài công bố điểm chuẩn 2025 (ts.hust.edu.vn),https://ts.hust.edu.vn/tin-tuc/diem-chuan-cao-nhat-dh-bach-khoa-ha-noi-2025-29-39-diem-thpt-tuong-duong-93-96-diem-xttn-va-86-97-diem-tsa,2026-09-24,vision_double_read,2026.1
ME-E1,Kỹ thuật Cơ điện tử (CT tiên tiến),XTTN_1.2,100,67.02,,A00,,2025,Bài công bố điểm chuẩn 2025 (ts.hust.edu.vn),https://ts.hust.edu.vn/tin-tuc/diem-chuan-cao-nhat-dh-bach-khoa-ha-noi-2025-29-39-diem-thpt-tuong-duong-93-96-diem-xttn-va-86-97-diem-tsa,2026-09-24,vision_double_read,2026.1
ME-E1,Kỹ thuật Cơ điện tử (CT tiên tiến),XTTN_1.3,100,62.78,,A00,,2025,Bài công bố điểm chuẩn 2025 (ts.hust.edu.vn),https://ts.hust.edu.vn/tin-tuc/diem-chuan-cao-nhat-dh-bach-khoa-ha-noi-2025-29-39-diem-thpt-tuong-duong-93-96-diem-xttn-va-86-97-diem-tsa,2026-09-24,vision_double_read,2026.1
ME-E1,Kỹ thuật Cơ điện tử (CT tiên tiến),DGTD,100,66.54,,A00,,2025,Bài công bố điểm chuẩn 2025 (ts.hust.edu.vn),https://ts.hust.edu.vn/tin-tuc/diem-chuan-cao-nhat-dh-bach-khoa-ha-noi-2025-29-39-diem-thpt-tuong-duong-93-96-diem-xttn-va-86-97-diem-tsa,2026-09-24,vision_double_read,2026.1
ET-E16,Truyền thông số và Kỹ thuật đa phương tiện (CT tiên tiến),THPT,30,26.62,ky_thuat,A00;A01;K01,,2025,Bài công bố điểm chuẩn 2025 (ts.hust.edu.vn),https://ts.hust.edu.vn/tin-tuc/diem-chuan-cao-nhat-dh-bach-khoa-ha-noi-2025-29-39-diem-thpt-tuong-duong-93-96-diem-xttn-va-86-97-diem-tsa,2026-09-24,vision_double_read,2026.1
ET-E16,Truyền thông số và Kỹ thuật đa phương tiện (CT tiên tiến),XTTN_1.2,100,66.15,,A00,,2025,Bài công bố điểm chuẩn 2025 (ts.hust.edu.vn),https://ts.hust.edu.vn/tin-tuc/diem-chuan-cao-nhat-dh-bach-khoa-ha-noi-2025-29-39-diem-thpt-tuong-duong-93-96-diem-xttn-va-86-97-diem-tsa,2026-09-24,vision_double_read,2026.1
ET-E16,Truyền thông số và Kỹ thuật đa phương tiện (CT tiên tiến),XTTN_1.3,100,62.21,,A00,,2025,Bài công bố điểm chuẩn 2025 (ts.hust.edu.vn),https://ts.hust.edu.vn/tin-tuc/diem-chuan-cao-nhat-dh-bach-khoa-ha-noi-2025-29-39-diem-thpt-tuong-duong-93-96-diem-xttn-va-86-97-diem-tsa,2026-09-24,vision_double_read,2026.1
ET-E16,Truyền thông số và Kỹ thuật đa phương tiện (CT tiên tiến),DGTD,100,66.05,,A00,,2025,Bài công bố điểm chuẩn 2025 (ts.hust.edu.vn),https://ts.hust.edu.vn/tin-tuc/diem-chuan-cao-nhat-dh-bach-khoa-ha-noi-2025-29-39-diem-thpt-tuong-duong-93-96-diem-xttn-va-86-97-diem-tsa,2026-09-24,vision_double_read,2026.1
ME2,Kỹ thuật Cơ khí,THPT,30,26.62,ky_thuat,A00;A01;K01,,2025,Bài công bố điểm chuẩn 2025 (ts.hust.edu.vn),https://ts.hust.edu.vn/tin-tuc/diem-chuan-cao-nhat-dh-bach-khoa-ha-noi-2025-29-39-diem-thpt-tuong-duong-93-96-diem-xttn-va-86-97-diem-tsa,2026-09-24,vision_double_read,2026.1
ME2,Kỹ thuật Cơ khí,XTTN_1.2,100,66.15,,A00,,2025,Bài công bố điểm chuẩn 2025 (ts.hust.edu.vn),https://ts.hust.edu.vn/tin-tuc/diem-chuan-cao-nhat-dh-bach-khoa-ha-noi-2025-29-39-diem-thpt-tuong-duong-93-96-diem-xttn-va-86-97-diem-tsa,2026-09-24,vision_double_read,2026.1
ME2,Kỹ thuật Cơ khí,XTTN_1.3,100,62.21,,A00,,2025,Bài công bố điểm chuẩn 2025 (ts.hust.edu.vn),https://ts.hust.edu.vn/tin-tuc/diem-chuan-cao-nhat-dh-bach-khoa-ha-noi-2025-29-39-diem-thpt-tuong-duong-93-96-diem-xttn-va-86-97-diem-tsa,2026-09-24,vision_double_read,2026.1
ME2,Kỹ thuật Cơ khí,DGTD,100,66.05,,A00,,2025,Bài công bố điểm chuẩn 2025 (ts.hust.edu.vn),https://ts.hust.edu.vn/tin-tuc/diem-chuan-cao-nhat-dh-bach-khoa-ha-noi-2025-29-39-diem-thpt-tuong-duong-93-96-diem-xttn-va-86-97-diem-tsa,2026-09-24,vision_double_read,2026.1
TE3,Kỹ thuật Hàng không,THPT,30,26.60,ky_thuat,A00;A01;K01,,2025,Bài công bố điểm chuẩn 2025 (ts.hust.edu.vn),https://ts.hust.edu.vn/tin-tuc/diem-chuan-cao-nhat-dh-bach-khoa-ha-noi-2025-29-39-diem-thpt-tuong-duong-93-96-diem-xttn-va-86-97-diem-tsa,2026-09-24,vision_double_read,2026.1
TE3,Kỹ thuật Hàng không,XTTN_1.2,100,66.00,,A00,,2025,Bài công bố điểm chuẩn 2025 (ts.hust.edu.vn),https://ts.hust.edu.vn/tin-tuc/diem-chuan-cao-nhat-dh-bach-khoa-ha-noi-2025-29-39-diem-thpt-tuong-duong-93-96-diem-xttn-va-86-97-diem-tsa,2026-09-24,vision_double_read,2026.1
TE3,Kỹ thuật Hàng không,XTTN_1.3,100,62.12,,A00,,2025,Bài công bố điểm chuẩn 2025 (ts.hust.edu.vn),https://ts.hust.edu.vn/tin-tuc/diem-chuan-cao-nhat-dh-bach-khoa-ha-noi-2025-29-39-diem-thpt-tuong-duong-93-96-diem-xttn-va-86-97-diem-tsa,2026-09-24,vision_double_read,2026.1
TE3,Kỹ thuật Hàng không,DGTD,100,65.97,,A00,,2025,Bài công bố điểm chuẩn 2025 (ts.hust.edu.vn),https://ts.hust.edu.vn/tin-tuc/diem-chuan-cao-nhat-dh-bach-khoa-ha-noi-2025-29-39-diem-thpt-tuong-duong-93-96-diem-xttn-va-86-97-diem-tsa,2026-09-24,vision_double_read,2026.1
EE-E18,Hệ thống điện và năng lượng tái tạo (CT tiên tiến),THPT,30,26.56,ky_thuat,A00;A01;K01,,2025,Bài công bố điểm chuẩn 2025 (ts.hust.edu.vn),https://ts.hust.edu.vn/tin-tuc/diem-chuan-cao-nhat-dh-bach-khoa-ha-noi-2025-29-39-diem-thpt-tuong-duong-93-96-diem-xttn-va-86-97-diem-tsa,2026-09-24,vision_double_read,2026.1
EE-E18,Hệ thống điện và năng lượng tái tạo (CT tiên tiến),XTTN_1.2,100,65.71,,A00,,2025,Bài công bố điểm chuẩn 2025 (ts.hust.edu.vn),https://ts.hust.edu.vn/tin-tuc/diem-chuan-cao-nhat-dh-bach-khoa-ha-noi-2025-29-39-diem-thpt-tuong-duong-93-96-diem-xttn-va-86-97-diem-tsa,2026-09-24,vision_double_read,2026.1
EE-E18,Hệ thống điện và năng lượng tái tạo (CT tiên tiến),XTTN_1.3,100,61.93,,A00,,2025,Bài công bố điểm chuẩn 2025 (ts.hust.edu.vn),https://ts.hust.edu.vn/tin-tuc/diem-chuan-cao-nhat-dh-bach-khoa-ha-noi-2025-29-39-diem-thpt-tuong-duong-93-96-diem-xttn-va-86-97-diem-tsa,2026-09-24,vision_double_read,2026.1
EE-E18,Hệ thống điện và năng lượng tái tạo (CT tiên tiến),DGTD,100,65.80,,A00,,2025,Bài công bố điểm chuẩn 2025 (ts.hust.edu.vn),https://ts.hust.edu.vn/tin-tuc/diem-chuan-cao-nhat-dh-bach-khoa-ha-noi-2025-29-39-diem-thpt-tuong-duong-93-96-diem-xttn-va-86-97-diem-tsa,2026-09-24,vision_double_read,2026.1
ET-LUH,Điện tử - Viễn thông - hợp tác với ĐH Leibniz Hannover (Đức),THPT,30,26.55,ky_thuat,A00;A01;K01,,2025,Bài công bố điểm chuẩn 2025 (ts.hust.edu.vn),https://ts.hust.edu.vn/tin-tuc/diem-chuan-cao-nhat-dh-bach-khoa-ha-noi-2025-29-39-diem-thpt-tuong-duong-93-96-diem-xttn-va-86-97-diem-tsa,2026-09-24,vision_double_read,2026.1
ET-LUH,Điện tử - Viễn thông - hợp tác với ĐH Leibniz Hannover (Đức),XTTN_1.2,100,65.64,,A00,,2025,Bài công bố điểm chuẩn 2025 (ts.hust.edu.vn),https://ts.hust.edu.vn/tin-tuc/diem-chuan-cao-nhat-dh-bach-khoa-ha-noi-2025-29-39-diem-thpt-tuong-duong-93-96-diem-xttn-va-86-97-diem-tsa,2026-09-24,vision_double_read,2026.1
ET-LUH,Điện tử - Viễn thông - hợp tác với ĐH Leibniz Hannover (Đức),XTTN_1.3,100,61.89,,A00,,2025,Bài công bố điểm chuẩn 2025 (ts.hust.edu.vn),https://ts.hust.edu.vn/tin-tuc/diem-chuan-cao-nhat-dh-bach-khoa-ha-noi-2025-29-39-diem-thpt-tuong-duong-93-96-diem-xttn-va-86-97-diem-tsa,2026-09-24,vision_double_read,2026.1
ET-LUH,Điện tử - Viễn thông - hợp tác với ĐH Leibniz Hannover (Đức),DGTD,100,65.76,,A00,,2025,Bài công bố điểm chuẩn 2025 (ts.hust.edu.vn),https://ts.hust.edu.vn/tin-tuc/diem-chuan-cao-nhat-dh-bach-khoa-ha-noi-2025-29-39-diem-thpt-tuong-duong-93-96-diem-xttn-va-86-97-diem-tsa,2026-09-24,vision_double_read,2026.1
PH1,Vật lý kỹ thuật,THPT,30,26.41,ky_thuat,A00;A01;K01,,2025,Bài công bố điểm chuẩn 2025 (ts.hust.edu.vn),https://ts.hust.edu.vn/tin-tuc/diem-chuan-cao-nhat-dh-bach-khoa-ha-noi-2025-29-39-diem-thpt-tuong-duong-93-96-diem-xttn-va-86-97-diem-tsa,2026-09-24,vision_double_read,2026.1
PH1,Vật lý kỹ thuật,XTTN_1.2,100,64.63,,A00,,2025,Bài công bố điểm chuẩn 2025 (ts.hust.edu.vn),https://ts.hust.edu.vn/tin-tuc/diem-chuan-cao-nhat-dh-bach-khoa-ha-noi-2025-29-39-diem-thpt-tuong-duong-93-96-diem-xttn-va-86-97-diem-tsa,2026-09-24,vision_double_read,2026.1
PH1,Vật lý kỹ thuật,XTTN_1.3,100,61.23,,A00,,2025,Bài công bố điểm chuẩn 2025 (ts.hust.edu.vn),https://ts.hust.edu.vn/tin-tuc/diem-chuan-cao-nhat-dh-bach-khoa-ha-noi-2025-29-39-diem-thpt-tuong-duong-93-96-diem-xttn-va-86-97-diem-tsa,2026-09-24,vision_double_read,2026.1
PH1,Vật lý kỹ thuật,DGTD,100,65.19,,A00,,2025,Bài công bố điểm chuẩn 2025 (ts.hust.edu.vn),https://ts.hust.edu.vn/tin-tuc/diem-chuan-cao-nhat-dh-bach-khoa-ha-noi-2025-29-39-diem-thpt-tuong-duong-93-96-diem-xttn-va-86-97-diem-tsa,2026-09-24,vision_double_read,2026.1
ET2,Kỹ thuật Y sinh,THPT,30,26.32,ky_thuat,A00;A01;B00;K01,,2025,Bài công bố điểm chuẩn 2025 (ts.hust.edu.vn),https://ts.hust.edu.vn/tin-tuc/diem-chuan-cao-nhat-dh-bach-khoa-ha-noi-2025-29-39-diem-thpt-tuong-duong-93-96-diem-xttn-va-86-97-diem-tsa,2026-09-24,vision_double_read,2026.1
ET2,Kỹ thuật Y sinh,XTTN_1.2,100,63.98,,A00,,2025,Bài công bố điểm chuẩn 2025 (ts.hust.edu.vn),https://ts.hust.edu.vn/tin-tuc/diem-chuan-cao-nhat-dh-bach-khoa-ha-noi-2025-29-39-diem-thpt-tuong-duong-93-96-diem-xttn-va-86-97-diem-tsa,2026-09-24,vision_double_read,2026.1
ET2,Kỹ thuật Y sinh,XTTN_1.3,100,60.81,,A00,,2025,Bài công bố điểm chuẩn 2025 (ts.hust.edu.vn),https://ts.hust.edu.vn/tin-tuc/diem-chuan-cao-nhat-dh-bach-khoa-ha-noi-2025-29-39-diem-thpt-tuong-duong-93-96-diem-xttn-va-86-97-diem-tsa,2026-09-24,vision_double_read,2026.1
ET2,Kỹ thuật Y sinh,DGTD,100,64.82,,A00,,2025,Bài công bố điểm chuẩn 2025 (ts.hust.edu.vn),https://ts.hust.edu.vn/tin-tuc/diem-chuan-cao-nhat-dh-bach-khoa-ha-noi-2025-29-39-diem-thpt-tuong-duong-93-96-diem-xttn-va-86-97-diem-tsa,2026-09-24,vision_double_read,2026.1
TE2,Kỹ thuật Cơ khí động lực,THPT,30,26.25,ky_thuat,A00;A01;K01,,2025,Bài công bố điểm chuẩn 2025 (ts.hust.edu.vn),https://ts.hust.edu.vn/tin-tuc/diem-chuan-cao-nhat-dh-bach-khoa-ha-noi-2025-29-39-diem-thpt-tuong-duong-93-96-diem-xttn-va-86-97-diem-tsa,2026-09-24,vision_double_read,2026.1
TE2,Kỹ thuật Cơ khí động lực,XTTN_1.2,100,63.47,,A00,,2025,Bài công bố điểm chuẩn 2025 (ts.hust.edu.vn),https://ts.hust.edu.vn/tin-tuc/diem-chuan-cao-nhat-dh-bach-khoa-ha-noi-2025-29-39-diem-thpt-tuong-duong-93-96-diem-xttn-va-86-97-diem-tsa,2026-09-24,vision_double_read,2026.1
TE2,Kỹ thuật Cơ khí động lực,XTTN_1.3,100,60.48,,A00,,2025,Bài công bố điểm chuẩn 2025 (ts.hust.edu.vn),https://ts.hust.edu.vn/tin-tuc/diem-chuan-cao-nhat-dh-bach-khoa-ha-noi-2025-29-39-diem-thpt-tuong-duong-93-96-diem-xttn-va-86-97-diem-tsa,2026-09-24,vision_double_read,2026.1
TE2,Kỹ thuật Cơ khí động lực,DGTD,100,64.53,,A00,,2025,Bài công bố điểm chuẩn 2025 (ts.hust.edu.vn),https://ts.hust.edu.vn/tin-tuc/diem-chuan-cao-nhat-dh-bach-khoa-ha-noi-2025-29-39-diem-thpt-tuong-duong-93-96-diem-xttn-va-86-97-diem-tsa,2026-09-24,vision_double_read,2026.1
ME-LUH,Cơ điện tử - hợp tác với ĐH Leibniz Hannover (Đức),THPT,30,26.19,ky_thuat,A00;A01;K01,,2025,Bài công bố điểm chuẩn 2025 (ts.hust.edu.vn),https://ts.hust.edu.vn/tin-tuc/diem-chuan-cao-nhat-dh-bach-khoa-ha-noi-2025-29-39-diem-thpt-tuong-duong-93-96-diem-xttn-va-86-97-diem-tsa,2026-09-24,vision_double_read,2026.1
ME-LUH,Cơ điện tử - hợp tác với ĐH Leibniz Hannover (Đức),XTTN_1.2,100,63.04,,A00,,2025,Bài công bố điểm chuẩn 2025 (ts.hust.edu.vn),https://ts.hust.edu.vn/tin-tuc/diem-chuan-cao-nhat-dh-bach-khoa-ha-noi-2025-29-39-diem-thpt-tuong-duong-93-96-diem-xttn-va-86-97-diem-tsa,2026-09-24,vision_double_read,2026.1
ME-LUH,Cơ điện tử - hợp tác với ĐH Leibniz Hannover (Đức),XTTN_1.3,100,60.20,,A00,,2025,Bài công bố điểm chuẩn 2025 (ts.hust.edu.vn),https://ts.hust.edu.vn/tin-tuc/diem-chuan-cao-nhat-dh-bach-khoa-ha-noi-2025-29-39-diem-thpt-tuong-duong-93-96-diem-xttn-va-86-97-diem-tsa,2026-09-24,vision_double_read,2026.1
ME-LUH,Cơ điện tử - hợp tác với ĐH Leibniz Hannover (Đức),DGTD,100,64.28,,A00,,2025,Bài công bố điểm chuẩn 2025 (ts.hust.edu.vn),https://ts.hust.edu.vn/tin-tuc/diem-chuan-cao-nhat-dh-bach-khoa-ha-noi-2025-29-39-diem-thpt-tuong-duong-93-96-diem-xttn-va-86-97-diem-tsa,2026-09-24,vision_double_read,2026.1
TE-EP,Cơ khí hàng không (Chương trình Việt - Pháp PFIEV),THPT,30,25.84,ky_thuat,A00;A01;K01,,2025,Bài công bố điểm chuẩn 2025 (ts.hust.edu.vn),https://ts.hust.edu.vn/tin-tuc/diem-chuan-cao-nhat-dh-bach-khoa-ha-noi-2025-29-39-diem-thpt-tuong-duong-93-96-diem-xttn-va-86-97-diem-tsa,2026-09-24,vision_double_read,2026.1
TE-EP,Cơ khí hàng không (Chương trình Việt - Pháp PFIEV),XTTN_1.2,100,60.50,,A00,,2025,Bài công bố điểm chuẩn 2025 (ts.hust.edu.vn),https://ts.hust.edu.vn/tin-tuc/diem-chuan-cao-nhat-dh-bach-khoa-ha-noi-2025-29-39-diem-thpt-tuong-duong-93-96-diem-xttn-va-86-97-diem-tsa,2026-09-24,vision_double_read,2026.1
TE-EP,Cơ khí hàng không (Chương trình Việt - Pháp PFIEV),XTTN_1.3,100,58.56,,A00,,2025,Bài công bố điểm chuẩn 2025 (ts.hust.edu.vn),https://ts.hust.edu.vn/tin-tuc/diem-chuan-cao-nhat-dh-bach-khoa-ha-noi-2025-29-39-diem-thpt-tuong-duong-93-96-diem-xttn-va-86-97-diem-tsa,2026-09-24,vision_double_read,2026.1
TE-EP,Cơ khí hàng không (Chương trình Việt - Pháp PFIEV),DGTD,100,62.84,,A00,,2025,Bài công bố điểm chuẩn 2025 (ts.hust.edu.vn),https://ts.hust.edu.vn/tin-tuc/diem-chuan-cao-nhat-dh-bach-khoa-ha-noi-2025-29-39-diem-thpt-tuong-duong-93-96-diem-xttn-va-86-97-diem-tsa,2026-09-24,vision_double_read,2026.1
ME-NUT,Cơ điện tử - hợp tác với ĐH Công nghệ Nagaoka (Nhật Bản),THPT,30,25.68,ky_thuat,A00;A01;K01,,2025,Bài công bố điểm chuẩn 2025 (ts.hust.edu.vn),https://ts.hust.edu.vn/tin-tuc/diem-chuan-cao-nhat-dh-bach-khoa-ha-noi-2025-29-39-diem-thpt-tuong-duong-93-96-diem-xttn-va-86-97-diem-tsa,2026-09-24,vision_double_read,2026.1
ME-NUT,Cơ điện tử - hợp tác với ĐH Công nghệ Nagaoka (Nhật Bản),XTTN_1.2,100,59.34,,A00,,2025,Bài công bố điểm chuẩn 2025 (ts.hust.edu.vn),https://ts.hust.edu.vn/tin-tuc/diem-chuan-cao-nhat-dh-bach-khoa-ha-noi-2025-29-39-diem-thpt-tuong-duong-93-96-diem-xttn-va-86-97-diem-tsa,2026-09-24,vision_double_read,2026.1
ME-NUT,Cơ điện tử - hợp tác với ĐH Công nghệ Nagaoka (Nhật Bản),XTTN_1.3,100,57.81,,A00,,2025,Bài công bố điểm chuẩn 2025 (ts.hust.edu.vn),https://ts.hust.edu.vn/tin-tuc/diem-chuan-cao-nhat-dh-bach-khoa-ha-noi-2025-29-39-diem-thpt-tuong-duong-93-96-diem-xttn-va-86-97-diem-tsa,2026-09-24,vision_double_read,2026.1
ME-NUT,Cơ điện tử - hợp tác với ĐH Công nghệ Nagaoka (Nhật Bản),DGTD,100,62.18,,A00,,2025,Bài công bố điểm chuẩn 2025 (ts.hust.edu.vn),https://ts.hust.edu.vn/tin-tuc/diem-chuan-cao-nhat-dh-bach-khoa-ha-noi-2025-29-39-diem-thpt-tuong-duong-93-96-diem-xttn-va-86-97-diem-tsa,2026-09-24,vision_double_read,2026.1
ET-E5,Kỹ thuật Y sinh (CT tiên tiến),THPT,30,25.58,ky_thuat,A00;A01;K01,,2025,Bài công bố điểm chuẩn 2025 (ts.hust.edu.vn),https://ts.hust.edu.vn/tin-tuc/diem-chuan-cao-nhat-dh-bach-khoa-ha-noi-2025-29-39-diem-thpt-tuong-duong-93-96-diem-xttn-va-86-97-diem-tsa,2026-09-24,vision_double_read,2026.1
ET-E5,Kỹ thuật Y sinh (CT tiên tiến),XTTN_1.2,100,58.62,,A00,,2025,Bài công bố điểm chuẩn 2025 (ts.hust.edu.vn),https://ts.hust.edu.vn/tin-tuc/diem-chuan-cao-nhat-dh-bach-khoa-ha-noi-2025-29-39-diem-thpt-tuong-duong-93-96-diem-xttn-va-86-97-diem-tsa,2026-09-24,vision_double_read,2026.1
ET-E5,Kỹ thuật Y sinh (CT tiên tiến),XTTN_1.3,100,57.34,,A00,,2025,Bài công bố điểm chuẩn 2025 (ts.hust.edu.vn),https://ts.hust.edu.vn/tin-tuc/diem-chuan-cao-nhat-dh-bach-khoa-ha-noi-2025-29-39-diem-thpt-tuong-duong-93-96-diem-xttn-va-86-97-diem-tsa,2026-09-24,vision_double_read,2026.1
ET-E5,Kỹ thuật Y sinh (CT tiên tiến),DGTD,100,61.77,,A00,,2025,Bài công bố điểm chuẩn 2025 (ts.hust.edu.vn),https://ts.hust.edu.vn/tin-tuc/diem-chuan-cao-nhat-dh-bach-khoa-ha-noi-2025-29-39-diem-thpt-tuong-duong-93-96-diem-xttn-va-86-97-diem-tsa,2026-09-24,vision_double_read,2026.1
HE1,Kỹ thuật Nhiệt,THPT,30,25.47,ky_thuat,A00;A01;K01,,2025,Bài công bố điểm chuẩn 2025 (ts.hust.edu.vn),https://ts.hust.edu.vn/tin-tuc/diem-chuan-cao-nhat-dh-bach-khoa-ha-noi-2025-29-39-diem-thpt-tuong-duong-93-96-diem-xttn-va-86-97-diem-tsa,2026-09-24,vision_double_read,2026.1
HE1,Kỹ thuật Nhiệt,XTTN_1.2,100,57.82,,A00,,2025,Bài công bố điểm chuẩn 2025 (ts.hust.edu.vn),https://ts.hust.edu.vn/tin-tuc/diem-chuan-cao-nhat-dh-bach-khoa-ha-noi-2025-29-39-diem-thpt-tuong-duong-93-96-diem-xttn-va-86-97-diem-tsa,2026-09-24,vision_double_read,2026.1
HE1,Kỹ thuật Nhiệt,XTTN_1.3,100,56.83,,A00,,2025,Bài công bố điểm chuẩn 2025 (ts.hust.edu.vn),https://ts.hust.edu.vn/tin-tuc/diem-chuan-cao-nhat-dh-bach-khoa-ha-noi-2025-29-39-diem-thpt-tuong-duong-93-96-diem-xttn-va-86-97-diem-tsa,2026-09-24,vision_double_read,2026.1
HE1,Kỹ thuật Nhiệt,DGTD,100,61.32,,A00,,2025,Bài công bố điểm chuẩn 2025 (ts.hust.edu.vn),https://ts.hust.edu.vn/tin-tuc/diem-chuan-cao-nhat-dh-bach-khoa-ha-noi-2025-29-39-diem-thpt-tuong-duong-93-96-diem-xttn-va-86-97-diem-tsa,2026-09-24,vision_double_read,2026.1
MS1,Kỹ thuật Vật liệu,THPT,30,25.39,ky_thuat,A00;A01;D07;K01,,2025,Bài công bố điểm chuẩn 2025 (ts.hust.edu.vn),https://ts.hust.edu.vn/tin-tuc/diem-chuan-cao-nhat-dh-bach-khoa-ha-noi-2025-29-39-diem-thpt-tuong-duong-93-96-diem-xttn-va-86-97-diem-tsa,2026-09-24,vision_double_read,2026.1
MS1,Kỹ thuật Vật liệu,XTTN_1.2,100,57.24,,A00,,2025,Bài công bố điểm chuẩn 2025 (ts.hust.edu.vn),https://ts.hust.edu.vn/tin-tuc/diem-chuan-cao-nhat-dh-bach-khoa-ha-noi-2025-29-39-diem-thpt-tuong-duong-93-96-diem-xttn-va-86-97-diem-tsa,2026-09-24,vision_double_read,2026.1
MS1,Kỹ thuật Vật liệu,XTTN_1.3,100,56.45,,A00,,2025,Bài công bố điểm chuẩn 2025 (ts.hust.edu.vn),https://ts.hust.edu.vn/tin-tuc/diem-chuan-cao-nhat-dh-bach-khoa-ha-noi-2025-29-39-diem-thpt-tuong-duong-93-96-diem-xttn-va-86-97-diem-tsa,2026-09-24,vision_double_read,2026.1
MS1,Kỹ thuật Vật liệu,DGTD,100,60.99,,A00,,2025,Bài công bố điểm chuẩn 2025 (ts.hust.edu.vn),https://ts.hust.edu.vn/tin-tuc/diem-chuan-cao-nhat-dh-bach-khoa-ha-noi-2025-29-39-diem-thpt-tuong-duong-93-96-diem-xttn-va-86-97-diem-tsa,2026-09-24,vision_double_read,2026.1
PH3,Vật lý Y khoa,THPT,30,25.20,ky_thuat,A00;A01;K01,,2025,Bài công bố điểm chuẩn 2025 (ts.hust.edu.vn),https://ts.hust.edu.vn/tin-tuc/diem-chuan-cao-nhat-dh-bach-khoa-ha-noi-2025-29-39-diem-thpt-tuong-duong-93-96-diem-xttn-va-86-97-diem-tsa,2026-09-24,vision_double_read,2026.1
PH3,Vật lý Y khoa,XTTN_1.2,100,55.87,,A00,,2025,Bài công bố điểm chuẩn 2025 (ts.hust.edu.vn),https://ts.hust.edu.vn/tin-tuc/diem-chuan-cao-nhat-dh-bach-khoa-ha-noi-2025-29-39-diem-thpt-tuong-duong-93-96-diem-xttn-va-86-97-diem-tsa,2026-09-24,vision_double_read,2026.1
PH3,Vật lý Y khoa,XTTN_1.3,100,55.56,,A00,,2025,Bài công bố điểm chuẩn 2025 (ts.hust.edu.vn),https://ts.hust.edu.vn/tin-tuc/diem-chuan-cao-nhat-dh-bach-khoa-ha-noi-2025-29-39-diem-thpt-tuong-duong-93-96-diem-xttn-va-86-97-diem-tsa,2026-09-24,vision_double_read,2026.1
PH3,Vật lý Y khoa,DGTD,100,60.20,,A00,,2025,Bài công bố điểm chuẩn 2025 (ts.hust.edu.vn),https://ts.hust.edu.vn/tin-tuc/diem-chuan-cao-nhat-dh-bach-khoa-ha-noi-2025-29-39-diem-thpt-tuong-duong-93-96-diem-xttn-va-86-97-diem-tsa,2026-09-24,vision_double_read,2026.1
TE-E2,Kỹ thuật Ô tô (CT tiên tiến),THPT,30,25.18,ky_thuat,A00;A01;K01,,2025,Bài công bố điểm chuẩn 2025 (ts.hust.edu.vn),https://ts.hust.edu.vn/tin-tuc/diem-chuan-cao-nhat-dh-bach-khoa-ha-noi-2025-29-39-diem-thpt-tuong-duong-93-96-diem-xttn-va-86-97-diem-tsa,2026-09-24,vision_double_read,2026.1
TE-E2,Kỹ thuật Ô tô (CT tiên tiến),XTTN_1.2,100,55.72,,A00,,2025,Bài công bố điểm chuẩn 2025 (ts.hust.edu.vn),https://ts.hust.edu.vn/tin-tuc/diem-chuan-cao-nhat-dh-bach-khoa-ha-noi-2025-29-39-diem-thpt-tuong-duong-93-96-diem-xttn-va-86-97-diem-tsa,2026-09-24,vision_double_read,2026.1
TE-E2,Kỹ thuật Ô tô (CT tiên tiến),XTTN_1.3,100,55.47,,A00,,2025,Bài công bố điểm chuẩn 2025 (ts.hust.edu.vn),https://ts.hust.edu.vn/tin-tuc/diem-chuan-cao-nhat-dh-bach-khoa-ha-noi-2025-29-39-diem-thpt-tuong-duong-93-96-diem-xttn-va-86-97-diem-tsa,2026-09-24,vision_double_read,2026.1
TE-E2,Kỹ thuật Ô tô (CT tiên tiến),DGTD,100,60.12,,A00,,2025,Bài công bố điểm chuẩn 2025 (ts.hust.edu.vn),https://ts.hust.edu.vn/tin-tuc/diem-chuan-cao-nhat-dh-bach-khoa-ha-noi-2025-29-39-diem-thpt-tuong-duong-93-96-diem-xttn-va-86-97-diem-tsa,2026-09-24,vision_double_read,2026.1
MS3,Công nghệ vật liệu Polyme và Compozit,THPT,30,25.16,ky_thuat,A00;A01;D07;K01,,2025,Bài công bố điểm chuẩn 2025 (ts.hust.edu.vn),https://ts.hust.edu.vn/tin-tuc/diem-chuan-cao-nhat-dh-bach-khoa-ha-noi-2025-29-39-diem-thpt-tuong-duong-93-96-diem-xttn-va-86-97-diem-tsa,2026-09-24,vision_double_read,2026.1
MS3,Công nghệ vật liệu Polyme và Compozit,XTTN_1.2,100,55.58,,A00,,2025,Bài công bố điểm chuẩn 2025 (ts.hust.edu.vn),https://ts.hust.edu.vn/tin-tuc/diem-chuan-cao-nhat-dh-bach-khoa-ha-noi-2025-29-39-diem-thpt-tuong-duong-93-96-diem-xttn-va-86-97-diem-tsa,2026-09-24,vision_double_read,2026.1
MS3,Công nghệ vật liệu Polyme và Compozit,XTTN_1.3,100,55.37,,A00,,2025,Bài công bố điểm chuẩn 2025 (ts.hust.edu.vn),https://ts.hust.edu.vn/tin-tuc/diem-chuan-cao-nhat-dh-bach-khoa-ha-noi-2025-29-39-diem-thpt-tuong-duong-93-96-diem-xttn-va-86-97-diem-tsa,2026-09-24,vision_double_read,2026.1
MS3,Công nghệ vật liệu Polyme và Compozit,DGTD,100,60.04,,A00,,2025,Bài công bố điểm chuẩn 2025 (ts.hust.edu.vn),https://ts.hust.edu.vn/tin-tuc/diem-chuan-cao-nhat-dh-bach-khoa-ha-noi-2025-29-39-diem-thpt-tuong-duong-93-96-diem-xttn-va-86-97-diem-tsa,2026-09-24,vision_double_read,2026.1
PH2,Kỹ thuật hạt nhân,THPT,30,25.07,ky_thuat,A00;A01;K01,,2025,Bài công bố điểm chuẩn 2025 (ts.hust.edu.vn),https://ts.hust.edu.vn/tin-tuc/diem-chuan-cao-nhat-dh-bach-khoa-ha-noi-2025-29-39-diem-thpt-tuong-duong-93-96-diem-xttn-va-86-97-diem-tsa,2026-09-24,vision_double_read,2026.1
PH2,Kỹ thuật hạt nhân,XTTN_1.2,100,55.00,,A00,,2025,Bài công bố điểm chuẩn 2025 (ts.hust.edu.vn),https://ts.hust.edu.vn/tin-tuc/diem-chuan-cao-nhat-dh-bach-khoa-ha-noi-2025-29-39-diem-thpt-tuong-duong-93-96-diem-xttn-va-86-97-diem-tsa,2026-09-24,vision_double_read,2026.1
PH2,Kỹ thuật hạt nhân,XTTN_1.3,100,55.00,,A00,,2025,Bài công bố điểm chuẩn 2025 (ts.hust.edu.vn),https://ts.hust.edu.vn/tin-tuc/diem-chuan-cao-nhat-dh-bach-khoa-ha-noi-2025-29-39-diem-thpt-tuong-duong-93-96-diem-xttn-va-86-97-diem-tsa,2026-09-24,vision_double_read,2026.1
PH2,Kỹ thuật hạt nhân,DGTD,100,59.68,,A00,,2025,Bài công bố điểm chuẩn 2025 (ts.hust.edu.vn),https://ts.hust.edu.vn/tin-tuc/diem-chuan-cao-nhat-dh-bach-khoa-ha-noi-2025-29-39-diem-thpt-tuong-duong-93-96-diem-xttn-va-86-97-diem-tsa,2026-09-24,vision_double_read,2026.1
ME-GU,Cơ khí - Chế tạo máy - hợp tác với ĐH Griffith (Úc),THPT,30,25.00,ky_thuat,A00;A01;K01,,2025,Bài công bố điểm chuẩn 2025 (ts.hust.edu.vn),https://ts.hust.edu.vn/tin-tuc/diem-chuan-cao-nhat-dh-bach-khoa-ha-noi-2025-29-39-diem-thpt-tuong-duong-93-96-diem-xttn-va-86-97-diem-tsa,2026-09-24,vision_double_read,2026.1
ME-GU,Cơ khí - Chế tạo máy - hợp tác với ĐH Griffith (Úc),XTTN_1.2,100,55.00,,A00,,2025,Bài công bố điểm chuẩn 2025 (ts.hust.edu.vn),https://ts.hust.edu.vn/tin-tuc/diem-chuan-cao-nhat-dh-bach-khoa-ha-noi-2025-29-39-diem-thpt-tuong-duong-93-96-diem-xttn-va-86-97-diem-tsa,2026-09-24,vision_double_read,2026.1
ME-GU,Cơ khí - Chế tạo máy - hợp tác với ĐH Griffith (Úc),XTTN_1.3,100,55.00,,A00,,2025,Bài công bố điểm chuẩn 2025 (ts.hust.edu.vn),https://ts.hust.edu.vn/tin-tuc/diem-chuan-cao-nhat-dh-bach-khoa-ha-noi-2025-29-39-diem-thpt-tuong-duong-93-96-diem-xttn-va-86-97-diem-tsa,2026-09-24,vision_double_read,2026.1
ME-GU,Cơ khí - Chế tạo máy - hợp tác với ĐH Griffith (Úc),DGTD,100,59.49,,A00,,2025,Bài công bố điểm chuẩn 2025 (ts.hust.edu.vn),https://ts.hust.edu.vn/tin-tuc/diem-chuan-cao-nhat-dh-bach-khoa-ha-noi-2025-29-39-diem-thpt-tuong-duong-93-96-diem-xttn-va-86-97-diem-tsa,2026-09-24,vision_double_read,2026.1
MS5,Kỹ thuật in,THPT,30,24.06,ky_thuat,A00;A01;D07;K01,,2025,Bài công bố điểm chuẩn 2025 (ts.hust.edu.vn),https://ts.hust.edu.vn/tin-tuc/diem-chuan-cao-nhat-dh-bach-khoa-ha-noi-2025-29-39-diem-thpt-tuong-duong-93-96-diem-xttn-va-86-97-diem-tsa,2026-09-24,vision_double_read,2026.1
MS5,Kỹ thuật in,XTTN_1.2,100,55.00,,A00,,2025,Bài công bố điểm chuẩn 2025 (ts.hust.edu.vn),https://ts.hust.edu.vn/tin-tuc/diem-chuan-cao-nhat-dh-bach-khoa-ha-noi-2025-29-39-diem-thpt-tuong-duong-93-96-diem-xttn-va-86-97-diem-tsa,2026-09-24,vision_double_read,2026.1
MS5,Kỹ thuật in,XTTN_1.3,100,55.00,,A00,,2025,Bài công bố điểm chuẩn 2025 (ts.hust.edu.vn),https://ts.hust.edu.vn/tin-tuc/diem-chuan-cao-nhat-dh-bach-khoa-ha-noi-2025-29-39-diem-thpt-tuong-duong-93-96-diem-xttn-va-86-97-diem-tsa,2026-09-24,vision_double_read,2026.1
MS5,Kỹ thuật in,DGTD,100,56.88,,A00,,2025,Bài công bố điểm chuẩn 2025 (ts.hust.edu.vn),https://ts.hust.edu.vn/tin-tuc/diem-chuan-cao-nhat-dh-bach-khoa-ha-noi-2025-29-39-diem-thpt-tuong-duong-93-96-diem-xttn-va-86-97-diem-tsa,2026-09-24,vision_double_read,2026.1
CH1,Kỹ thuật Hoá học,THPT,30,24.05,ky_thuat,A00;B00;D07;K01,,2025,Bài công bố điểm chuẩn 2025 (ts.hust.edu.vn),https://ts.hust.edu.vn/tin-tuc/diem-chuan-cao-nhat-dh-bach-khoa-ha-noi-2025-29-39-diem-thpt-tuong-duong-93-96-diem-xttn-va-86-97-diem-tsa,2026-09-24,vision_double_read,2026.1
CH1,Kỹ thuật Hoá học,XTTN_1.2,100,55.00,,A00,,2025,Bài công bố điểm chuẩn 2025 (ts.hust.edu.vn),https://ts.hust.edu.vn/tin-tuc/diem-chuan-cao-nhat-dh-bach-khoa-ha-noi-2025-29-39-diem-thpt-tuong-duong-93-96-diem-xttn-va-86-97-diem-tsa,2026-09-24,vision_double_read,2026.1
CH1,Kỹ thuật Hoá học,XTTN_1.3,100,55.00,,A00,,2025,Bài công bố điểm chuẩn 2025 (ts.hust.edu.vn),https://ts.hust.edu.vn/tin-tuc/diem-chuan-cao-nhat-dh-bach-khoa-ha-noi-2025-29-39-diem-thpt-tuong-duong-93-96-diem-xttn-va-86-97-diem-tsa,2026-09-24,vision_double_read,2026.1
CH1,Kỹ thuật Hoá học,DGTD,100,56.86,,A00,,2025,Bài công bố điểm chuẩn 2025 (ts.hust.edu.vn),https://ts.hust.edu.vn/tin-tuc/diem-chuan-cao-nhat-dh-bach-khoa-ha-noi-2025-29-39-diem-thpt-tuong-duong-93-96-diem-xttn-va-86-97-diem-tsa,2026-09-24,vision_double_read,2026.1
MS-E3,Khoa học và kỹ thuật vật liệu (CT tiên tiến),THPT,30,23.70,ky_thuat,A00;A01;D07,,2025,Bài công bố điểm chuẩn 2025 (ts.hust.edu.vn),https://ts.hust.edu.vn/tin-tuc/diem-chuan-cao-nhat-dh-bach-khoa-ha-noi-2025-29-39-diem-thpt-tuong-duong-93-96-diem-xttn-va-86-97-diem-tsa,2026-09-24,vision_double_read,2026.1
MS-E3,Khoa học và kỹ thuật vật liệu (CT tiên tiến),XTTN_1.2,100,55.00,,A00,,2025,Bài công bố điểm chuẩn 2025 (ts.hust.edu.vn),https://ts.hust.edu.vn/tin-tuc/diem-chuan-cao-nhat-dh-bach-khoa-ha-noi-2025-29-39-diem-thpt-tuong-duong-93-96-diem-xttn-va-86-97-diem-tsa,2026-09-24,vision_double_read,2026.1
MS-E3,Khoa học và kỹ thuật vật liệu (CT tiên tiến),XTTN_1.3,100,55.00,,A00,,2025,Bài công bố điểm chuẩn 2025 (ts.hust.edu.vn),https://ts.hust.edu.vn/tin-tuc/diem-chuan-cao-nhat-dh-bach-khoa-ha-noi-2025-29-39-diem-thpt-tuong-duong-93-96-diem-xttn-va-86-97-diem-tsa,2026-09-24,vision_double_read,2026.1
MS-E3,Khoa học và kỹ thuật vật liệu (CT tiên tiến),DGTD,100,55.89,,A00,,2025,Bài công bố điểm chuẩn 2025 (ts.hust.edu.vn),https://ts.hust.edu.vn/tin-tuc/diem-chuan-cao-nhat-dh-bach-khoa-ha-noi-2025-29-39-diem-thpt-tuong-duong-93-96-diem-xttn-va-86-97-diem-tsa,2026-09-24,vision_double_read,2026.1
BF2,Kỹ thuật Thực phẩm,THPT,30,23.38,ky_thuat,A00;B00;D07;K01,,2025,Bài công bố điểm chuẩn 2025 (ts.hust.edu.vn),https://ts.hust.edu.vn/tin-tuc/diem-chuan-cao-nhat-dh-bach-khoa-ha-noi-2025-29-39-diem-thpt-tuong-duong-93-96-diem-xttn-va-86-97-diem-tsa,2026-09-24,vision_double_read,2026.1
BF2,Kỹ thuật Thực phẩm,XTTN_1.2,100,55.00,,A00,,2025,Bài công bố điểm chuẩn 2025 (ts.hust.edu.vn),https://ts.hust.edu.vn/tin-tuc/diem-chuan-cao-nhat-dh-bach-khoa-ha-noi-2025-29-39-diem-thpt-tuong-duong-93-96-diem-xttn-va-86-97-diem-tsa,2026-09-24,vision_double_read,2026.1
BF2,Kỹ thuật Thực phẩm,XTTN_1.3,100,55.00,,A00,,2025,Bài công bố điểm chuẩn 2025 (ts.hust.edu.vn),https://ts.hust.edu.vn/tin-tuc/diem-chuan-cao-nhat-dh-bach-khoa-ha-noi-2025-29-39-diem-thpt-tuong-duong-93-96-diem-xttn-va-86-97-diem-tsa,2026-09-24,vision_double_read,2026.1
BF2,Kỹ thuật Thực phẩm,DGTD,100,55.05,,A00,,2025,Bài công bố điểm chuẩn 2025 (ts.hust.edu.vn),https://ts.hust.edu.vn/tin-tuc/diem-chuan-cao-nhat-dh-bach-khoa-ha-noi-2025-29-39-diem-thpt-tuong-duong-93-96-diem-xttn-va-86-97-diem-tsa,2026-09-24,vision_double_read,2026.1
CH2,Hoá học,THPT,30,23.19,ky_thuat,A00;B00;D07;K01,,2025,Bài công bố điểm chuẩn 2025 (ts.hust.edu.vn),https://ts.hust.edu.vn/tin-tuc/diem-chuan-cao-nhat-dh-bach-khoa-ha-noi-2025-29-39-diem-thpt-tuong-duong-93-96-diem-xttn-va-86-97-diem-tsa,2026-09-24,vision_double_read,2026.1
CH2,Hoá học,XTTN_1.2,100,55.00,,A00,,2025,Bài công bố điểm chuẩn 2025 (ts.hust.edu.vn),https://ts.hust.edu.vn/tin-tuc/diem-chuan-cao-nhat-dh-bach-khoa-ha-noi-2025-29-39-diem-thpt-tuong-duong-93-96-diem-xttn-va-86-97-diem-tsa,2026-09-24,vision_double_read,2026.1
CH2,Hoá học,XTTN_1.3,100,55.00,,A00,,2025,Bài công bố điểm chuẩn 2025 (ts.hust.edu.vn),https://ts.hust.edu.vn/tin-tuc/diem-chuan-cao-nhat-dh-bach-khoa-ha-noi-2025-29-39-diem-thpt-tuong-duong-93-96-diem-xttn-va-86-97-diem-tsa,2026-09-24,vision_double_read,2026.1
CH2,Hoá học,DGTD,100,54.66,,A00,,2025,Bài công bố điểm chuẩn 2025 (ts.hust.edu.vn),https://ts.hust.edu.vn/tin-tuc/diem-chuan-cao-nhat-dh-bach-khoa-ha-noi-2025-29-39-diem-thpt-tuong-duong-93-96-diem-xttn-va-86-97-diem-tsa,2026-09-24,vision_double_read,2026.1
BF1,Kỹ thuật Sinh học,THPT,30,23.02,ky_thuat,A00;B00;D07;K01,,2025,Bài công bố điểm chuẩn 2025 (ts.hust.edu.vn),https://ts.hust.edu.vn/tin-tuc/diem-chuan-cao-nhat-dh-bach-khoa-ha-noi-2025-29-39-diem-thpt-tuong-duong-93-96-diem-xttn-va-86-97-diem-tsa,2026-09-24,vision_double_read,2026.1
BF1,Kỹ thuật Sinh học,XTTN_1.2,100,55.00,,A00,,2025,Bài công bố điểm chuẩn 2025 (ts.hust.edu.vn),https://ts.hust.edu.vn/tin-tuc/diem-chuan-cao-nhat-dh-bach-khoa-ha-noi-2025-29-39-diem-thpt-tuong-duong-93-96-diem-xttn-va-86-97-diem-tsa,2026-09-24,vision_double_read,2026.1
BF1,Kỹ thuật Sinh học,XTTN_1.3,100,55.00,,A00,,2025,Bài công bố điểm chuẩn 2025 (ts.hust.edu.vn),https://ts.hust.edu.vn/tin-tuc/diem-chuan-cao-nhat-dh-bach-khoa-ha-noi-2025-29-39-diem-thpt-tuong-duong-93-96-diem-xttn-va-86-97-diem-tsa,2026-09-24,vision_double_read,2026.1
BF1,Kỹ thuật Sinh học,DGTD,100,54.30,,A00,,2025,Bài công bố điểm chuẩn 2025 (ts.hust.edu.vn),https://ts.hust.edu.vn/tin-tuc/diem-chuan-cao-nhat-dh-bach-khoa-ha-noi-2025-29-39-diem-thpt-tuong-duong-93-96-diem-xttn-va-86-97-diem-tsa,2026-09-24,vision_double_read,2026.1
TX1,Công nghệ Dệt - May,THPT,30,22.48,ky_thuat,A00;A01;D07;K01,,2025,Bài công bố điểm chuẩn 2025 (ts.hust.edu.vn),https://ts.hust.edu.vn/tin-tuc/diem-chuan-cao-nhat-dh-bach-khoa-ha-noi-2025-29-39-diem-thpt-tuong-duong-93-96-diem-xttn-va-86-97-diem-tsa,2026-09-24,vision_double_read,2026.1
TX1,Công nghệ Dệt - May,XTTN_1.2,100,55.00,,A00,,2025,Bài công bố điểm chuẩn 2025 (ts.hust.edu.vn),https://ts.hust.edu.vn/tin-tuc/diem-chuan-cao-nhat-dh-bach-khoa-ha-noi-2025-29-39-diem-thpt-tuong-duong-93-96-diem-xttn-va-86-97-diem-tsa,2026-09-24,vision_double_read,2026.1
TX1,Công nghệ Dệt - May,XTTN_1.3,100,55.00,,A00,,2025,Bài công bố điểm chuẩn 2025 (ts.hust.edu.vn),https://ts.hust.edu.vn/tin-tuc/diem-chuan-cao-nhat-dh-bach-khoa-ha-noi-2025-29-39-diem-thpt-tuong-duong-93-96-diem-xttn-va-86-97-diem-tsa,2026-09-24,vision_double_read,2026.1
TX1,Công nghệ Dệt - May,DGTD,100,53.17,,A00,,2025,Bài công bố điểm chuẩn 2025 (ts.hust.edu.vn),https://ts.hust.edu.vn/tin-tuc/diem-chuan-cao-nhat-dh-bach-khoa-ha-noi-2025-29-39-diem-thpt-tuong-duong-93-96-diem-xttn-va-86-97-diem-tsa,2026-09-24,vision_double_read,2026.1
EV1,Kỹ thuật Môi trường,THPT,30,22.22,ky_thuat,A00;B00;D07;K01,,2025,Bài công bố điểm chuẩn 2025 (ts.hust.edu.vn),https://ts.hust.edu.vn/tin-tuc/diem-chuan-cao-nhat-dh-bach-khoa-ha-noi-2025-29-39-diem-thpt-tuong-duong-93-96-diem-xttn-va-86-97-diem-tsa,2026-09-24,vision_double_read,2026.1
EV1,Kỹ thuật Môi trường,XTTN_1.2,100,55.00,,A00,,2025,Bài công bố điểm chuẩn 2025 (ts.hust.edu.vn),https://ts.hust.edu.vn/tin-tuc/diem-chuan-cao-nhat-dh-bach-khoa-ha-noi-2025-29-39-diem-thpt-tuong-duong-93-96-diem-xttn-va-86-97-diem-tsa,2026-09-24,vision_double_read,2026.1
EV1,Kỹ thuật Môi trường,XTTN_1.3,100,55.00,,A00,,2025,Bài công bố điểm chuẩn 2025 (ts.hust.edu.vn),https://ts.hust.edu.vn/tin-tuc/diem-chuan-cao-nhat-dh-bach-khoa-ha-noi-2025-29-39-diem-thpt-tuong-duong-93-96-diem-xttn-va-86-97-diem-tsa,2026-09-24,vision_double_read,2026.1
EV1,Kỹ thuật Môi trường,DGTD,100,52.63,,A00,,2025,Bài công bố điểm chuẩn 2025 (ts.hust.edu.vn),https://ts.hust.edu.vn/tin-tuc/diem-chuan-cao-nhat-dh-bach-khoa-ha-noi-2025-29-39-diem-thpt-tuong-duong-93-96-diem-xttn-va-86-97-diem-tsa,2026-09-24,vision_double_read,2026.1
EV2,Quản lý Tài nguyên và Môi trường,THPT,30,21.53,ky_thuat,A00;B00;D07;K01,,2025,Bài công bố điểm chuẩn 2025 (ts.hust.edu.vn),https://ts.hust.edu.vn/tin-tuc/diem-chuan-cao-nhat-dh-bach-khoa-ha-noi-2025-29-39-diem-thpt-tuong-duong-93-96-diem-xttn-va-86-97-diem-tsa,2026-09-24,vision_double_read,2026.1
EV2,Quản lý Tài nguyên và Môi trường,XTTN_1.2,100,55.00,,A00,,2025,Bài công bố điểm chuẩn 2025 (ts.hust.edu.vn),https://ts.hust.edu.vn/tin-tuc/diem-chuan-cao-nhat-dh-bach-khoa-ha-noi-2025-29-39-diem-thpt-tuong-duong-93-96-diem-xttn-va-86-97-diem-tsa,2026-09-24,vision_double_read,2026.1
EV2,Quản lý Tài nguyên và Môi trường,XTTN_1.3,100,55.00,,A00,,2025,Bài công bố điểm chuẩn 2025 (ts.hust.edu.vn),https://ts.hust.edu.vn/tin-tuc/diem-chuan-cao-nhat-dh-bach-khoa-ha-noi-2025-29-39-diem-thpt-tuong-duong-93-96-diem-xttn-va-86-97-diem-tsa,2026-09-24,vision_double_read,2026.1
EV2,Quản lý Tài nguyên và Môi trường,DGTD,100,51.19,,A00,,2025,Bài công bố điểm chuẩn 2025 (ts.hust.edu.vn),https://ts.hust.edu.vn/tin-tuc/diem-chuan-cao-nhat-dh-bach-khoa-ha-noi-2025-29-39-diem-thpt-tuong-duong-93-96-diem-xttn-va-86-97-diem-tsa,2026-09-24,vision_double_read,2026.1
CH-E11,Kỹ thuật Hóa dược (CT tiên tiến),THPT,30,21.38,ky_thuat,A00;B00;D07;K01,,2025,Bài công bố điểm chuẩn 2025 (ts.hust.edu.vn),https://ts.hust.edu.vn/tin-tuc/diem-chuan-cao-nhat-dh-bach-khoa-ha-noi-2025-29-39-diem-thpt-tuong-duong-93-96-diem-xttn-va-86-97-diem-tsa,2026-09-24,vision_double_read,2026.1
CH-E11,Kỹ thuật Hóa dược (CT tiên tiến),XTTN_1.2,100,55.00,,A00,,2025,Bài công bố điểm chuẩn 2025 (ts.hust.edu.vn),https://ts.hust.edu.vn/tin-tuc/diem-chuan-cao-nhat-dh-bach-khoa-ha-noi-2025-29-39-diem-thpt-tuong-duong-93-96-diem-xttn-va-86-97-diem-tsa,2026-09-24,vision_double_read,2026.1
CH-E11,Kỹ thuật Hóa dược (CT tiên tiến),XTTN_1.3,100,55.00,,A00,,2025,Bài công bố điểm chuẩn 2025 (ts.hust.edu.vn),https://ts.hust.edu.vn/tin-tuc/diem-chuan-cao-nhat-dh-bach-khoa-ha-noi-2025-29-39-diem-thpt-tuong-duong-93-96-diem-xttn-va-86-97-diem-tsa,2026-09-24,vision_double_read,2026.1
CH-E11,Kỹ thuật Hóa dược (CT tiên tiến),DGTD,100,50.88,,A00,,2025,Bài công bố điểm chuẩn 2025 (ts.hust.edu.vn),https://ts.hust.edu.vn/tin-tuc/diem-chuan-cao-nhat-dh-bach-khoa-ha-noi-2025-29-39-diem-thpt-tuong-duong-93-96-diem-xttn-va-86-97-diem-tsa,2026-09-24,vision_double_read,2026.1
BF-E12,Kỹ thuật Thực phẩm (CT tiên tiến),THPT,30,21.00,ky_thuat,A00;B00;D07;K01,,2025,Bài công bố điểm chuẩn 2025 (ts.hust.edu.vn),https://ts.hust.edu.vn/tin-tuc/diem-chuan-cao-nhat-dh-bach-khoa-ha-noi-2025-29-39-diem-thpt-tuong-duong-93-96-diem-xttn-va-86-97-diem-tsa,2026-09-24,vision_double_read,2026.1
BF-E12,Kỹ thuật Thực phẩm (CT tiên tiến),XTTN_1.2,100,55.00,,A00,,2025,Bài công bố điểm chuẩn 2025 (ts.hust.edu.vn),https://ts.hust.edu.vn/tin-tuc/diem-chuan-cao-nhat-dh-bach-khoa-ha-noi-2025-29-39-diem-thpt-tuong-duong-93-96-diem-xttn-va-86-97-diem-tsa,2026-09-24,vision_double_read,2026.1
BF-E12,Kỹ thuật Thực phẩm (CT tiên tiến),XTTN_1.3,100,55.00,,A00,,2025,Bài công bố điểm chuẩn 2025 (ts.hust.edu.vn),https://ts.hust.edu.vn/tin-tuc/diem-chuan-cao-nhat-dh-bach-khoa-ha-noi-2025-29-39-diem-thpt-tuong-duong-93-96-diem-xttn-va-86-97-diem-tsa,2026-09-24,vision_double_read,2026.1
BF-E12,Kỹ thuật Thực phẩm (CT tiên tiến),DGTD,100,50.08,,A00,,2025,Bài công bố điểm chuẩn 2025 (ts.hust.edu.vn),https://ts.hust.edu.vn/tin-tuc/diem-chuan-cao-nhat-dh-bach-khoa-ha-noi-2025-29-39-diem-thpt-tuong-duong-93-96-diem-xttn-va-86-97-diem-tsa,2026-09-24,vision_double_read,2026.1
BF-E19,Kỹ thuật sinh học (CT tiên tiến),THPT,30,20.00,ky_thuat,A00;B00;D07;K01,,2025,Bài công bố điểm chuẩn 2025 (ts.hust.edu.vn),https://ts.hust.edu.vn/tin-tuc/diem-chuan-cao-nhat-dh-bach-khoa-ha-noi-2025-29-39-diem-thpt-tuong-duong-93-96-diem-xttn-va-86-97-diem-tsa,2026-09-24,vision_double_read,2026.1
BF-E19,Kỹ thuật sinh học (CT tiên tiến),XTTN_1.2,100,55.00,,A00,,2025,Bài công bố điểm chuẩn 2025 (ts.hust.edu.vn),https://ts.hust.edu.vn/tin-tuc/diem-chuan-cao-nhat-dh-bach-khoa-ha-noi-2025-29-39-diem-thpt-tuong-duong-93-96-diem-xttn-va-86-97-diem-tsa,2026-09-24,vision_double_read,2026.1
BF-E19,Kỹ thuật sinh học (CT tiên tiến),XTTN_1.3,100,55.00,,A00,,2025,Bài công bố điểm chuẩn 2025 (ts.hust.edu.vn),https://ts.hust.edu.vn/tin-tuc/diem-chuan-cao-nhat-dh-bach-khoa-ha-noi-2025-29-39-diem-thpt-tuong-duong-93-96-diem-xttn-va-86-97-diem-tsa,2026-09-24,vision_double_read,2026.1
BF-E19,Kỹ thuật sinh học (CT tiên tiến),DGTD,100,47.99,,A00,,2025,Bài công bố điểm chuẩn 2025 (ts.hust.edu.vn),https://ts.hust.edu.vn/tin-tuc/diem-chuan-cao-nhat-dh-bach-khoa-ha-noi-2025-29-39-diem-thpt-tuong-duong-93-96-diem-xttn-va-86-97-diem-tsa,2026-09-24,vision_double_read,2026.1
FL3,Tiếng Trung KHKT và Công nghệ,THPT,30,25.36,ky_thuat,K01,"Ngành này xét tổ hợp thuộc cả hai khối. Điểm chuẩn tổ hợp khối ngành kỹ thuật cao hơn tổ hợp khối ngành kinh tế, giáo dục, ngoại ngữ 0.5 điểm, theo quy định độ lệch điểm giữa các tổ hợp mà Đại học Bách khoa Hà Nội công bố năm 2025 (căn cứ phổ điểm thi tốt nghiệp THPT). Điểm trên bảng công bố gắn với tổ hợp gốc D01. Dòng này là mức điểm của khối ngành kỹ thuật; khối ngành kinh tế, giáo dục, ngoại ngữ xem dòng còn lại. Năm 2025 chưa có bảng tổ hợp theo ngành nên danh sách tổ hợp lấy theo năm 2026.",2025,Bài công bố điểm chuẩn 2025 (ts.hust.edu.vn),https://ts.hust.edu.vn/tin-tuc/diem-chuan-cao-nhat-dh-bach-khoa-ha-noi-2025-29-39-diem-thpt-tuong-duong-93-96-diem-xttn-va-86-97-diem-tsa,2026-09-24,rule_derived,2026.1
FL3,Tiếng Trung KHKT và Công nghệ,THPT,30,24.86,kinh_te_gd_nn,D01;D04,"Ngành này xét tổ hợp thuộc cả hai khối. Điểm chuẩn tổ hợp khối ngành kỹ thuật cao hơn tổ hợp khối ngành kinh tế, giáo dục, ngoại ngữ 0.5 điểm, theo quy định độ lệch điểm giữa các tổ hợp mà Đại học Bách khoa Hà Nội công bố năm 2025 (căn cứ phổ điểm thi tốt nghiệp THPT). Điểm trên bảng công bố gắn với tổ hợp gốc D01. Dòng này là mức điểm của khối ngành kinh tế, giáo dục, ngoại ngữ; khối ngành kỹ thuật xem dòng còn lại.",2025,Bài công bố điểm chuẩn 2025 (ts.hust.edu.vn),https://ts.hust.edu.vn/tin-tuc/diem-chuan-cao-nhat-dh-bach-khoa-ha-noi-2025-29-39-diem-thpt-tuong-duong-93-96-diem-xttn-va-86-97-diem-tsa,2026-09-24,vision_double_read,2026.1
FL3,Tiếng Trung KHKT và Công nghệ,XTTN_1.2,100,69.81,,D01,,2025,Bài công bố điểm chuẩn 2025 (ts.hust.edu.vn),https://ts.hust.edu.vn/tin-tuc/diem-chuan-cao-nhat-dh-bach-khoa-ha-noi-2025-29-39-diem-thpt-tuong-duong-93-96-diem-xttn-va-86-97-diem-tsa,2026-09-24,vision_double_read,2026.1
FL3,Tiếng Trung KHKT và Công nghệ,XTTN_1.3,100,64.59,,D01,,2025,Bài công bố điểm chuẩn 2025 (ts.hust.edu.vn),https://ts.hust.edu.vn/tin-tuc/diem-chuan-cao-nhat-dh-bach-khoa-ha-noi-2025-29-39-diem-thpt-tuong-duong-93-96-diem-xttn-va-86-97-diem-tsa,2026-09-24,vision_double_read,2026.1
FL3,Tiếng Trung KHKT và Công nghệ,DGTD,100,68.14,,D01,,2025,Bài công bố điểm chuẩn 2025 (ts.hust.edu.vn),https://ts.hust.edu.vn/tin-tuc/diem-chuan-cao-nhat-dh-bach-khoa-ha-noi-2025-29-39-diem-thpt-tuong-duong-93-96-diem-xttn-va-86-97-diem-tsa,2026-09-24,vision_double_read,2026.1
EM3,Quản trị kinh doanh,THPT,30,24.80,ky_thuat,A00;A01;K01,"Ngành này xét tổ hợp thuộc cả hai khối. Điểm chuẩn tổ hợp khối ngành kỹ thuật cao hơn tổ hợp khối ngành kinh tế, giáo dục, ngoại ngữ 0.5 điểm, theo quy định độ lệch điểm giữa các tổ hợp mà Đại học Bách khoa Hà Nội công bố năm 2025 (căn cứ phổ điểm thi tốt nghiệp THPT). Điểm trên bảng công bố gắn với tổ hợp gốc D01. Dòng này là mức điểm của khối ngành kỹ thuật; khối ngành kinh tế, giáo dục, ngoại ngữ xem dòng còn lại. Năm 2025 chưa có bảng tổ hợp theo ngành nên danh sách tổ hợp lấy theo năm 2026.",2025,Bài công bố điểm chuẩn 2025 (ts.hust.edu.vn),https://ts.hust.edu.vn/tin-tuc/diem-chuan-cao-nhat-dh-bach-khoa-ha-noi-2025-29-39-diem-thpt-tuong-duong-93-96-diem-xttn-va-86-97-diem-tsa,2026-09-24,rule_derived,2026.1
EM3,Quản trị kinh doanh,THPT,30,24.30,kinh_te_gd_nn,D01,"Ngành này xét tổ hợp thuộc cả hai khối. Điểm chuẩn tổ hợp khối ngành kỹ thuật cao hơn tổ hợp khối ngành kinh tế, giáo dục, ngoại ngữ 0.5 điểm, theo quy định độ lệch điểm giữa các tổ hợp mà Đại học Bách khoa Hà Nội công bố năm 2025 (căn cứ phổ điểm thi tốt nghiệp THPT). Điểm trên bảng công bố gắn với tổ hợp gốc D01. Dòng này là mức điểm của khối ngành kinh tế, giáo dục, ngoại ngữ; khối ngành kỹ thuật xem dòng còn lại.",2025,Bài công bố điểm chuẩn 2025 (ts.hust.edu.vn),https://ts.hust.edu.vn/tin-tuc/diem-chuan-cao-nhat-dh-bach-khoa-ha-noi-2025-29-39-diem-thpt-tuong-duong-93-96-diem-xttn-va-86-97-diem-tsa,2026-09-24,vision_double_read,2026.1
EM3,Quản trị kinh doanh,XTTN_1.2,100,65.73,,D01,,2025,Bài công bố điểm chuẩn 2025 (ts.hust.edu.vn),https://ts.hust.edu.vn/tin-tuc/diem-chuan-cao-nhat-dh-bach-khoa-ha-noi-2025-29-39-diem-thpt-tuong-duong-93-96-diem-xttn-va-86-97-diem-tsa,2026-09-24,vision_double_read,2026.1
EM3,Quản trị kinh doanh,XTTN_1.3,100,61.94,,D01,,2025,Bài công bố điểm chuẩn 2025 (ts.hust.edu.vn),https://ts.hust.edu.vn/tin-tuc/diem-chuan-cao-nhat-dh-bach-khoa-ha-noi-2025-29-39-diem-thpt-tuong-duong-93-96-diem-xttn-va-86-97-diem-tsa,2026-09-24,vision_double_read,2026.1
EM3,Quản trị kinh doanh,DGTD,100,65.81,,D01,,2025,Bài công bố điểm chuẩn 2025 (ts.hust.edu.vn),https://ts.hust.edu.vn/tin-tuc/diem-chuan-cao-nhat-dh-bach-khoa-ha-noi-2025-29-39-diem-thpt-tuong-duong-93-96-diem-xttn-va-86-97-diem-tsa,2026-09-24,vision_double_read,2026.1
EM5,Tài chính - Ngân hàng,THPT,30,24.80,ky_thuat,A00;A01;K01,"Ngành này xét tổ hợp thuộc cả hai khối. Điểm chuẩn tổ hợp khối ngành kỹ thuật cao hơn tổ hợp khối ngành kinh tế, giáo dục, ngoại ngữ 0.5 điểm, theo quy định độ lệch điểm giữa các tổ hợp mà Đại học Bách khoa Hà Nội công bố năm 2025 (căn cứ phổ điểm thi tốt nghiệp THPT). Điểm trên bảng công bố gắn với tổ hợp gốc D01. Dòng này là mức điểm của khối ngành kỹ thuật; khối ngành kinh tế, giáo dục, ngoại ngữ xem dòng còn lại. Năm 2025 chưa có bảng tổ hợp theo ngành nên danh sách tổ hợp lấy theo năm 2026.",2025,Bài công bố điểm chuẩn 2025 (ts.hust.edu.vn),https://ts.hust.edu.vn/tin-tuc/diem-chuan-cao-nhat-dh-bach-khoa-ha-noi-2025-29-39-diem-thpt-tuong-duong-93-96-diem-xttn-va-86-97-diem-tsa,2026-09-24,rule_derived,2026.1
EM5,Tài chính - Ngân hàng,THPT,30,24.30,kinh_te_gd_nn,D01,"Ngành này xét tổ hợp thuộc cả hai khối. Điểm chuẩn tổ hợp khối ngành kỹ thuật cao hơn tổ hợp khối ngành kinh tế, giáo dục, ngoại ngữ 0.5 điểm, theo quy định độ lệch điểm giữa các tổ hợp mà Đại học Bách khoa Hà Nội công bố năm 2025 (căn cứ phổ điểm thi tốt nghiệp THPT). Điểm trên bảng công bố gắn với tổ hợp gốc D01. Dòng này là mức điểm của khối ngành kinh tế, giáo dục, ngoại ngữ; khối ngành kỹ thuật xem dòng còn lại.",2025,Bài công bố điểm chuẩn 2025 (ts.hust.edu.vn),https://ts.hust.edu.vn/tin-tuc/diem-chuan-cao-nhat-dh-bach-khoa-ha-noi-2025-29-39-diem-thpt-tuong-duong-93-96-diem-xttn-va-86-97-diem-tsa,2026-09-24,vision_double_read,2026.1
EM5,Tài chính - Ngân hàng,XTTN_1.2,100,65.73,,D01,,2025,Bài công bố điểm chuẩn 2025 (ts.hust.edu.vn),https://ts.hust.edu.vn/tin-tuc/diem-chuan-cao-nhat-dh-bach-khoa-ha-noi-2025-29-39-diem-thpt-tuong-duong-93-96-diem-xttn-va-86-97-diem-tsa,2026-09-24,vision_double_read,2026.1
EM5,Tài chính - Ngân hàng,XTTN_1.3,100,61.94,,D01,,2025,Bài công bố điểm chuẩn 2025 (ts.hust.edu.vn),https://ts.hust.edu.vn/tin-tuc/diem-chuan-cao-nhat-dh-bach-khoa-ha-noi-2025-29-39-diem-thpt-tuong-duong-93-96-diem-xttn-va-86-97-diem-tsa,2026-09-24,vision_double_read,2026.1
EM5,Tài chính - Ngân hàng,DGTD,100,65.81,,D01,,2025,Bài công bố điểm chuẩn 2025 (ts.hust.edu.vn),https://ts.hust.edu.vn/tin-tuc/diem-chuan-cao-nhat-dh-bach-khoa-ha-noi-2025-29-39-diem-thpt-tuong-duong-93-96-diem-xttn-va-86-97-diem-tsa,2026-09-24,vision_double_read,2026.1
FL1,Tiếng Anh KHKT và Công nghệ,THPT,30,24.80,ky_thuat,K01,"Ngành này xét tổ hợp thuộc cả hai khối. Điểm chuẩn tổ hợp khối ngành kỹ thuật cao hơn tổ hợp khối ngành kinh tế, giáo dục, ngoại ngữ 0.5 điểm, theo quy định độ lệch điểm giữa các tổ hợp mà Đại học Bách khoa Hà Nội công bố năm 2025 (căn cứ phổ điểm thi tốt nghiệp THPT). Điểm trên bảng công bố gắn với tổ hợp gốc D01. Dòng này là mức điểm của khối ngành kỹ thuật; khối ngành kinh tế, giáo dục, ngoại ngữ xem dòng còn lại. Năm 2025 chưa có bảng tổ hợp theo ngành nên danh sách tổ hợp lấy theo năm 2026.",2025,Bài công bố điểm chuẩn 2025 (ts.hust.edu.vn),https://ts.hust.edu.vn/tin-tuc/diem-chuan-cao-nhat-dh-bach-khoa-ha-noi-2025-29-39-diem-thpt-tuong-duong-93-96-diem-xttn-va-86-97-diem-tsa,2026-09-24,rule_derived,2026.1
FL1,Tiếng Anh KHKT và Công nghệ,THPT,30,24.30,kinh_te_gd_nn,D01,"Ngành này xét tổ hợp thuộc cả hai khối. Điểm chuẩn tổ hợp khối ngành kỹ thuật cao hơn tổ hợp khối ngành kinh tế, giáo dục, ngoại ngữ 0.5 điểm, theo quy định độ lệch điểm giữa các tổ hợp mà Đại học Bách khoa Hà Nội công bố năm 2025 (căn cứ phổ điểm thi tốt nghiệp THPT). Điểm trên bảng công bố gắn với tổ hợp gốc D01. Dòng này là mức điểm của khối ngành kinh tế, giáo dục, ngoại ngữ; khối ngành kỹ thuật xem dòng còn lại.",2025,Bài công bố điểm chuẩn 2025 (ts.hust.edu.vn),https://ts.hust.edu.vn/tin-tuc/diem-chuan-cao-nhat-dh-bach-khoa-ha-noi-2025-29-39-diem-thpt-tuong-duong-93-96-diem-xttn-va-86-97-diem-tsa,2026-09-24,vision_double_read,2026.1
FL1,Tiếng Anh KHKT và Công nghệ,XTTN_1.2,100,65.73,,D01,,2025,Bài công bố điểm chuẩn 2025 (ts.hust.edu.vn),https://ts.hust.edu.vn/tin-tuc/diem-chuan-cao-nhat-dh-bach-khoa-ha-noi-2025-29-39-diem-thpt-tuong-duong-93-96-diem-xttn-va-86-97-diem-tsa,2026-09-24,vision_double_read,2026.1
FL1,Tiếng Anh KHKT và Công nghệ,XTTN_1.3,100,61.94,,D01,,2025,Bài công bố điểm chuẩn 2025 (ts.hust.edu.vn),https://ts.hust.edu.vn/tin-tuc/diem-chuan-cao-nhat-dh-bach-khoa-ha-noi-2025-29-39-diem-thpt-tuong-duong-93-96-diem-xttn-va-86-97-diem-tsa,2026-09-24,vision_double_read,2026.1
FL1,Tiếng Anh KHKT và Công nghệ,DGTD,100,65.81,,D01,,2025,Bài công bố điểm chuẩn 2025 (ts.hust.edu.vn),https://ts.hust.edu.vn/tin-tuc/diem-chuan-cao-nhat-dh-bach-khoa-ha-noi-2025-29-39-diem-thpt-tuong-duong-93-96-diem-xttn-va-86-97-diem-tsa,2026-09-24,vision_double_read,2026.1
FL2,Tiếng Anh chuyên nghiệp quốc tế,THPT,30,24.80,ky_thuat,K01,"Ngành này xét tổ hợp thuộc cả hai khối. Điểm chuẩn tổ hợp khối ngành kỹ thuật cao hơn tổ hợp khối ngành kinh tế, giáo dục, ngoại ngữ 0.5 điểm, theo quy định độ lệch điểm giữa các tổ hợp mà Đại học Bách khoa Hà Nội công bố năm 2025 (căn cứ phổ điểm thi tốt nghiệp THPT). Điểm trên bảng công bố gắn với tổ hợp gốc D01. Dòng này là mức điểm của khối ngành kỹ thuật; khối ngành kinh tế, giáo dục, ngoại ngữ xem dòng còn lại. Năm 2025 chưa có bảng tổ hợp theo ngành nên danh sách tổ hợp lấy theo năm 2026.",2025,Bài công bố điểm chuẩn 2025 (ts.hust.edu.vn),https://ts.hust.edu.vn/tin-tuc/diem-chuan-cao-nhat-dh-bach-khoa-ha-noi-2025-29-39-diem-thpt-tuong-duong-93-96-diem-xttn-va-86-97-diem-tsa,2026-09-24,rule_derived,2026.1
FL2,Tiếng Anh chuyên nghiệp quốc tế,THPT,30,24.30,kinh_te_gd_nn,D01,"Ngành này xét tổ hợp thuộc cả hai khối. Điểm chuẩn tổ hợp khối ngành kỹ thuật cao hơn tổ hợp khối ngành kinh tế, giáo dục, ngoại ngữ 0.5 điểm, theo quy định độ lệch điểm giữa các tổ hợp mà Đại học Bách khoa Hà Nội công bố năm 2025 (căn cứ phổ điểm thi tốt nghiệp THPT). Điểm trên bảng công bố gắn với tổ hợp gốc D01. Dòng này là mức điểm của khối ngành kinh tế, giáo dục, ngoại ngữ; khối ngành kỹ thuật xem dòng còn lại.",2025,Bài công bố điểm chuẩn 2025 (ts.hust.edu.vn),https://ts.hust.edu.vn/tin-tuc/diem-chuan-cao-nhat-dh-bach-khoa-ha-noi-2025-29-39-diem-thpt-tuong-duong-93-96-diem-xttn-va-86-97-diem-tsa,2026-09-24,vision_double_read,2026.1
FL2,Tiếng Anh chuyên nghiệp quốc tế,XTTN_1.2,100,65.73,,D01,,2025,Bài công bố điểm chuẩn 2025 (ts.hust.edu.vn),https://ts.hust.edu.vn/tin-tuc/diem-chuan-cao-nhat-dh-bach-khoa-ha-noi-2025-29-39-diem-thpt-tuong-duong-93-96-diem-xttn-va-86-97-diem-tsa,2026-09-24,vision_double_read,2026.1
FL2,Tiếng Anh chuyên nghiệp quốc tế,XTTN_1.3,100,61.94,,D01,,2025,Bài công bố điểm chuẩn 2025 (ts.hust.edu.vn),https://ts.hust.edu.vn/tin-tuc/diem-chuan-cao-nhat-dh-bach-khoa-ha-noi-2025-29-39-diem-thpt-tuong-duong-93-96-diem-xttn-va-86-97-diem-tsa,2026-09-24,vision_double_read,2026.1
FL2,Tiếng Anh chuyên nghiệp quốc tế,DGTD,100,65.81,,D01,,2025,Bài công bố điểm chuẩn 2025 (ts.hust.edu.vn),https://ts.hust.edu.vn/tin-tuc/diem-chuan-cao-nhat-dh-bach-khoa-ha-noi-2025-29-39-diem-thpt-tuong-duong-93-96-diem-xttn-va-86-97-diem-tsa,2026-09-24,vision_double_read,2026.1
EM4,Kế toán,THPT,30,24.13,,D01,,2025,Bài công bố điểm chuẩn 2025 (ts.hust.edu.vn),https://ts.hust.edu.vn/tin-tuc/diem-chuan-cao-nhat-dh-bach-khoa-ha-noi-2025-29-39-diem-thpt-tuong-duong-93-96-diem-xttn-va-86-97-diem-tsa,2026-09-24,vision_double_read,2026.1
EM4,Kế toán,XTTN_1.2,100,64.49,,D01,,2025,Bài công bố điểm chuẩn 2025 (ts.hust.edu.vn),https://ts.hust.edu.vn/tin-tuc/diem-chuan-cao-nhat-dh-bach-khoa-ha-noi-2025-29-39-diem-thpt-tuong-duong-93-96-diem-xttn-va-86-97-diem-tsa,2026-09-24,vision_double_read,2026.1
EM4,Kế toán,XTTN_1.3,100,61.14,,D01,,2025,Bài công bố điểm chuẩn 2025 (ts.hust.edu.vn),https://ts.hust.edu.vn/tin-tuc/diem-chuan-cao-nhat-dh-bach-khoa-ha-noi-2025-29-39-diem-thpt-tuong-duong-93-96-diem-xttn-va-86-97-diem-tsa,2026-09-24,vision_double_read,2026.1
EM4,Kế toán,DGTD,100,65.11,,D01,,2025,Bài công bố điểm chuẩn 2025 (ts.hust.edu.vn),https://ts.hust.edu.vn/tin-tuc/diem-chuan-cao-nhat-dh-bach-khoa-ha-noi-2025-29-39-diem-thpt-tuong-duong-93-96-diem-xttn-va-86-97-diem-tsa,2026-09-24,vision_double_read,2026.1
EM2,Quản lý công nghiệp,THPT,30,24.40,ky_thuat,A00;A01;K01,"Ngành này xét tổ hợp thuộc cả hai khối. Điểm chuẩn tổ hợp khối ngành kỹ thuật cao hơn tổ hợp khối ngành kinh tế, giáo dục, ngoại ngữ 0.5 điểm, theo quy định độ lệch điểm giữa các tổ hợp mà Đại học Bách khoa Hà Nội công bố năm 2025 (căn cứ phổ điểm thi tốt nghiệp THPT). Điểm trên bảng công bố gắn với tổ hợp gốc D01. Dòng này là mức điểm của khối ngành kỹ thuật; khối ngành kinh tế, giáo dục, ngoại ngữ xem dòng còn lại. Năm 2025 chưa có bảng tổ hợp theo ngành nên danh sách tổ hợp lấy theo năm 2026.",2025,Bài công bố điểm chuẩn 2025 (ts.hust.edu.vn),https://ts.hust.edu.vn/tin-tuc/diem-chuan-cao-nhat-dh-bach-khoa-ha-noi-2025-29-39-diem-thpt-tuong-duong-93-96-diem-xttn-va-86-97-diem-tsa,2026-09-24,rule_derived,2026.1
EM2,Quản lý công nghiệp,THPT,30,23.90,kinh_te_gd_nn,D01,"Ngành này xét tổ hợp thuộc cả hai khối. Điểm chuẩn tổ hợp khối ngành kỹ thuật cao hơn tổ hợp khối ngành kinh tế, giáo dục, ngoại ngữ 0.5 điểm, theo quy định độ lệch điểm giữa các tổ hợp mà Đại học Bách khoa Hà Nội công bố năm 2025 (căn cứ phổ điểm thi tốt nghiệp THPT). Điểm trên bảng công bố gắn với tổ hợp gốc D01. Dòng này là mức điểm của khối ngành kinh tế, giáo dục, ngoại ngữ; khối ngành kỹ thuật xem dòng còn lại.",2025,Bài công bố điểm chuẩn 2025 (ts.hust.edu.vn),https://ts.hust.edu.vn/tin-tuc/diem-chuan-cao-nhat-dh-bach-khoa-ha-noi-2025-29-39-diem-thpt-tuong-duong-93-96-diem-xttn-va-86-97-diem-tsa,2026-09-24,vision_double_read,2026.1
EM2,Quản lý công nghiệp,XTTN_1.2,100,62.81,,D01,,2025,Bài công bố điểm chuẩn 2025 (ts.hust.edu.vn),https://ts.hust.edu.vn/tin-tuc/diem-chuan-cao-nhat-dh-bach-khoa-ha-noi-2025-29-39-diem-thpt-tuong-duong-93-96-diem-xttn-va-86-97-diem-tsa,2026-09-24,vision_double_read,2026.1
EM2,Quản lý công nghiệp,XTTN_1.3,100,60.05,,D01,,2025,Bài công bố điểm chuẩn 2025 (ts.hust.edu.vn),https://ts.hust.edu.vn/tin-tuc/diem-chuan-cao-nhat-dh-bach-khoa-ha-noi-2025-29-39-diem-thpt-tuong-duong-93-96-diem-xttn-va-86-97-diem-tsa,2026-09-24,vision_double_read,2026.1
EM2,Quản lý công nghiệp,DGTD,100,64.15,,D01,,2025,Bài công bố điểm chuẩn 2025 (ts.hust.edu.vn),https://ts.hust.edu.vn/tin-tuc/diem-chuan-cao-nhat-dh-bach-khoa-ha-noi-2025-29-39-diem-thpt-tuong-duong-93-96-diem-xttn-va-86-97-diem-tsa,2026-09-24,vision_double_read,2026.1
EM-E14,Logistics và Quản lý chuỗi cung ứng (CT tiên tiến),THPT,30,24.21,ky_thuat,A01;D07;K01,"Ngành này xét tổ hợp thuộc cả hai khối. Điểm chuẩn tổ hợp khối ngành kỹ thuật cao hơn tổ hợp khối ngành kinh tế, giáo dục, ngoại ngữ 0.5 điểm, theo quy định độ lệch điểm giữa các tổ hợp mà Đại học Bách khoa Hà Nội công bố năm 2025 (căn cứ phổ điểm thi tốt nghiệp THPT). Điểm trên bảng công bố gắn với tổ hợp gốc D01. Dòng này là mức điểm của khối ngành kỹ thuật; khối ngành kinh tế, giáo dục, ngoại ngữ xem dòng còn lại. Năm 2025 chưa có bảng tổ hợp theo ngành nên danh sách tổ hợp lấy theo năm 2026.",2025,Bài công bố điểm chuẩn 2025 (ts.hust.edu.vn),https://ts.hust.edu.vn/tin-tuc/diem-chuan-cao-nhat-dh-bach-khoa-ha-noi-2025-29-39-diem-thpt-tuong-duong-93-96-diem-xttn-va-86-97-diem-tsa,2026-09-24,rule_derived,2026.1
EM-E14,Logistics và Quản lý chuỗi cung ứng (CT tiên tiến),THPT,30,23.71,kinh_te_gd_nn,D01,"Ngành này xét tổ hợp thuộc cả hai khối. Điểm chuẩn tổ hợp khối ngành kỹ thuật cao hơn tổ hợp khối ngành kinh tế, giáo dục, ngoại ngữ 0.5 điểm, theo quy định độ lệch điểm giữa các tổ hợp mà Đại học Bách khoa Hà Nội công bố năm 2025 (căn cứ phổ điểm thi tốt nghiệp THPT). Điểm trên bảng công bố gắn với tổ hợp gốc D01. Dòng này là mức điểm của khối ngành kinh tế, giáo dục, ngoại ngữ; khối ngành kỹ thuật xem dòng còn lại.",2025,Bài công bố điểm chuẩn 2025 (ts.hust.edu.vn),https://ts.hust.edu.vn/tin-tuc/diem-chuan-cao-nhat-dh-bach-khoa-ha-noi-2025-29-39-diem-thpt-tuong-duong-93-96-diem-xttn-va-86-97-diem-tsa,2026-09-24,vision_double_read,2026.1
EM-E14,Logistics và Quản lý chuỗi cung ứng (CT tiên tiến),XTTN_1.2,100,61.42,,D01,,2025,Bài công bố điểm chuẩn 2025 (ts.hust.edu.vn),https://ts.hust.edu.vn/tin-tuc/diem-chuan-cao-nhat-dh-bach-khoa-ha-noi-2025-29-39-diem-thpt-tuong-duong-93-96-diem-xttn-va-86-97-diem-tsa,2026-09-24,vision_double_read,2026.1
EM-E14,Logistics và Quản lý chuỗi cung ứng (CT tiên tiến),XTTN_1.3,100,59.16,,D01,,2025,Bài công bố điểm chuẩn 2025 (ts.hust.edu.vn),https://ts.hust.edu.vn/tin-tuc/diem-chuan-cao-nhat-dh-bach-khoa-ha-noi-2025-29-39-diem-thpt-tuong-duong-93-96-diem-xttn-va-86-97-diem-tsa,2026-09-24,vision_double_read,2026.1
EM-E14,Logistics và Quản lý chuỗi cung ứng (CT tiên tiến),DGTD,100,63.36,,D01,,2025,Bài công bố điểm chuẩn 2025 (ts.hust.edu.vn),https://ts.hust.edu.vn/tin-tuc/diem-chuan-cao-nhat-dh-bach-khoa-ha-noi-2025-29-39-diem-thpt-tuong-duong-93-96-diem-xttn-va-86-97-diem-tsa,2026-09-24,vision_double_read,2026.1
EM1,Quản lý năng lượng,THPT,30,24.20,ky_thuat,A00;A01;K01,"Ngành này xét tổ hợp thuộc cả hai khối. Điểm chuẩn tổ hợp khối ngành kỹ thuật cao hơn tổ hợp khối ngành kinh tế, giáo dục, ngoại ngữ 0.5 điểm, theo quy định độ lệch điểm giữa các tổ hợp mà Đại học Bách khoa Hà Nội công bố năm 2025 (căn cứ phổ điểm thi tốt nghiệp THPT). Điểm trên bảng công bố gắn với tổ hợp gốc D01. Dòng này là mức điểm của khối ngành kỹ thuật; khối ngành kinh tế, giáo dục, ngoại ngữ xem dòng còn lại. Năm 2025 chưa có bảng tổ hợp theo ngành nên danh sách tổ hợp lấy theo năm 2026.",2025,Bài công bố điểm chuẩn 2025 (ts.hust.edu.vn),https://ts.hust.edu.vn/tin-tuc/diem-chuan-cao-nhat-dh-bach-khoa-ha-noi-2025-29-39-diem-thpt-tuong-duong-93-96-diem-xttn-va-86-97-diem-tsa,2026-09-24,rule_derived,2026.1
EM1,Quản lý năng lượng,THPT,30,23.70,kinh_te_gd_nn,D01,"Ngành này xét tổ hợp thuộc cả hai khối. Điểm chuẩn tổ hợp khối ngành kỹ thuật cao hơn tổ hợp khối ngành kinh tế, giáo dục, ngoại ngữ 0.5 điểm, theo quy định độ lệch điểm giữa các tổ hợp mà Đại học Bách khoa Hà Nội công bố năm 2025 (căn cứ phổ điểm thi tốt nghiệp THPT). Điểm trên bảng công bố gắn với tổ hợp gốc D01. Dòng này là mức điểm của khối ngành kinh tế, giáo dục, ngoại ngữ; khối ngành kỹ thuật xem dòng còn lại.",2025,Bài công bố điểm chuẩn 2025 (ts.hust.edu.vn),https://ts.hust.edu.vn/tin-tuc/diem-chuan-cao-nhat-dh-bach-khoa-ha-noi-2025-29-39-diem-thpt-tuong-duong-93-96-diem-xttn-va-86-97-diem-tsa,2026-09-24,vision_double_read,2026.1
EM1,Quản lý năng lượng,XTTN_1.2,100,61.35,,D01,,2025,Bài công bố điểm chuẩn 2025 (ts.hust.edu.vn),https://ts.hust.edu.vn/tin-tuc/diem-chuan-cao-nhat-dh-bach-khoa-ha-noi-2025-29-39-diem-thpt-tuong-duong-93-96-diem-xttn-va-86-97-diem-tsa,2026-09-24,vision_double_read,2026.1
EM1,Quản lý năng lượng,XTTN_1.3,100,59.11,,D01,,2025,Bài công bố điểm chuẩn 2025 (ts.hust.edu.vn),https://ts.hust.edu.vn/tin-tuc/diem-chuan-cao-nhat-dh-bach-khoa-ha-noi-2025-29-39-diem-thpt-tuong-duong-93-96-diem-xttn-va-86-97-diem-tsa,2026-09-24,vision_double_read,2026.1
EM1,Quản lý năng lượng,DGTD,100,63.32,,D01,,2025,Bài công bố điểm chuẩn 2025 (ts.hust.edu.vn),https://ts.hust.edu.vn/tin-tuc/diem-chuan-cao-nhat-dh-bach-khoa-ha-noi-2025-29-39-diem-thpt-tuong-duong-93-96-diem-xttn-va-86-97-diem-tsa,2026-09-24,vision_double_read,2026.1
ED2,Công nghệ giáo dục,THPT,30,23.80,ky_thuat,A00;A01;K01,"Ngành này xét tổ hợp thuộc cả hai khối. Điểm chuẩn tổ hợp khối ngành kỹ thuật cao hơn tổ hợp khối ngành kinh tế, giáo dục, ngoại ngữ 0.5 điểm, theo quy định độ lệch điểm giữa các tổ hợp mà Đại học Bách khoa Hà Nội công bố năm 2025 (căn cứ phổ điểm thi tốt nghiệp THPT). Điểm trên bảng công bố gắn với tổ hợp gốc D01. Dòng này là mức điểm của khối ngành kỹ thuật; khối ngành kinh tế, giáo dục, ngoại ngữ xem dòng còn lại. Năm 2025 chưa có bảng tổ hợp theo ngành nên danh sách tổ hợp lấy theo năm 2026.",2025,Bài công bố điểm chuẩn 2025 (ts.hust.edu.vn),https://ts.hust.edu.vn/tin-tuc/diem-chuan-cao-nhat-dh-bach-khoa-ha-noi-2025-29-39-diem-thpt-tuong-duong-93-96-diem-xttn-va-86-97-diem-tsa,2026-09-24,rule_derived,2026.1
ED2,Công nghệ giáo dục,THPT,30,23.30,kinh_te_gd_nn,D01,"Ngành này xét tổ hợp thuộc cả hai khối. Điểm chuẩn tổ hợp khối ngành kỹ thuật cao hơn tổ hợp khối ngành kinh tế, giáo dục, ngoại ngữ 0.5 điểm, theo quy định độ lệch điểm giữa các tổ hợp mà Đại học Bách khoa Hà Nội công bố năm 2025 (căn cứ phổ điểm thi tốt nghiệp THPT). Điểm trên bảng công bố gắn với tổ hợp gốc D01. Dòng này là mức điểm của khối ngành kinh tế, giáo dục, ngoại ngữ; khối ngành kỹ thuật xem dòng còn lại.",2025,Bài công bố điểm chuẩn 2025 (ts.hust.edu.vn),https://ts.hust.edu.vn/tin-tuc/diem-chuan-cao-nhat-dh-bach-khoa-ha-noi-2025-29-39-diem-thpt-tuong-duong-93-96-diem-xttn-va-86-97-diem-tsa,2026-09-24,vision_double_read,2026.1
ED2,Công nghệ giáo dục,XTTN_1.2,100,58.43,,D01,,2025,Bài công bố điểm chuẩn 2025 (ts.hust.edu.vn),https://ts.hust.edu.vn/tin-tuc/diem-chuan-cao-nhat-dh-bach-khoa-ha-noi-2025-29-39-diem-thpt-tuong-duong-93-96-diem-xttn-va-86-97-diem-tsa,2026-09-24,vision_double_read,2026.1
ED2,Công nghệ giáo dục,XTTN_1.3,100,57.22,,D01,,2025,Bài công bố điểm chuẩn 2025 (ts.hust.edu.vn),https://ts.hust.edu.vn/tin-tuc/diem-chuan-cao-nhat-dh-bach-khoa-ha-noi-2025-29-39-diem-thpt-tuong-duong-93-96-diem-xttn-va-86-97-diem-tsa,2026-09-24,vision_double_read,2026.1
ED2,Công nghệ giáo dục,DGTD,100,61.66,,D01,,2025,Bài công bố điểm chuẩn 2025 (ts.hust.edu.vn),https://ts.hust.edu.vn/tin-tuc/diem-chuan-cao-nhat-dh-bach-khoa-ha-noi-2025-29-39-diem-thpt-tuong-duong-93-96-diem-xttn-va-86-97-diem-tsa,2026-09-24,vision_double_read,2026.1
ED3,Quản lý giáo dục,THPT,30,23.70,ky_thuat,A00;A01;K01,"Ngành này xét tổ hợp thuộc cả hai khối. Điểm chuẩn tổ hợp khối ngành kỹ thuật cao hơn tổ hợp khối ngành kinh tế, giáo dục, ngoại ngữ 0.5 điểm, theo quy định độ lệch điểm giữa các tổ hợp mà Đại học Bách khoa Hà Nội công bố năm 2025 (căn cứ phổ điểm thi tốt nghiệp THPT). Điểm trên bảng công bố gắn với tổ hợp gốc D01. Dòng này là mức điểm của khối ngành kỹ thuật; khối ngành kinh tế, giáo dục, ngoại ngữ xem dòng còn lại. Năm 2025 chưa có bảng tổ hợp theo ngành nên danh sách tổ hợp lấy theo năm 2026.",2025,Bài công bố điểm chuẩn 2025 (ts.hust.edu.vn),https://ts.hust.edu.vn/tin-tuc/diem-chuan-cao-nhat-dh-bach-khoa-ha-noi-2025-29-39-diem-thpt-tuong-duong-93-96-diem-xttn-va-86-97-diem-tsa,2026-09-24,rule_derived,2026.1
ED3,Quản lý giáo dục,THPT,30,23.20,kinh_te_gd_nn,D01,"Ngành này xét tổ hợp thuộc cả hai khối. Điểm chuẩn tổ hợp khối ngành kỹ thuật cao hơn tổ hợp khối ngành kinh tế, giáo dục, ngoại ngữ 0.5 điểm, theo quy định độ lệch điểm giữa các tổ hợp mà Đại học Bách khoa Hà Nội công bố năm 2025 (căn cứ phổ điểm thi tốt nghiệp THPT). Điểm trên bảng công bố gắn với tổ hợp gốc D01. Dòng này là mức điểm của khối ngành kinh tế, giáo dục, ngoại ngữ; khối ngành kỹ thuật xem dòng còn lại.",2025,Bài công bố điểm chuẩn 2025 (ts.hust.edu.vn),https://ts.hust.edu.vn/tin-tuc/diem-chuan-cao-nhat-dh-bach-khoa-ha-noi-2025-29-39-diem-thpt-tuong-duong-93-96-diem-xttn-va-86-97-diem-tsa,2026-09-24,vision_double_read,2026.1
ED3,Quản lý giáo dục,XTTN_1.2,100,57.70,,D01,,2025,Bài công bố điểm chuẩn 2025 (ts.hust.edu.vn),https://ts.hust.edu.vn/tin-tuc/diem-chuan-cao-nhat-dh-bach-khoa-ha-noi-2025-29-39-diem-thpt-tuong-duong-93-96-diem-xttn-va-86-97-diem-tsa,2026-09-24,vision_double_read,2026.1
ED3,Quản lý giáo dục,XTTN_1.3,100,56.75,,D01,,2025,Bài công bố điểm chuẩn 2025 (ts.hust.edu.vn),https://ts.hust.edu.vn/tin-tuc/diem-chuan-cao-nhat-dh-bach-khoa-ha-noi-2025-29-39-diem-thpt-tuong-duong-93-96-diem-xttn-va-86-97-diem-tsa,2026-09-24,vision_double_read,2026.1
ED3,Quản lý giáo dục,DGTD,100,61.25,,D01,,2025,Bài công bố điểm chuẩn 2025 (ts.hust.edu.vn),https://ts.hust.edu.vn/tin-tuc/diem-chuan-cao-nhat-dh-bach-khoa-ha-noi-2025-29-39-diem-thpt-tuong-duong-93-96-diem-xttn-va-86-97-diem-tsa,2026-09-24,vision_double_read,2026.1
EM-E13,Phân tích kinh doanh (CT tiên tiến),THPT,30,23.56,ky_thuat,A01;D07;K01,"Ngành này xét tổ hợp thuộc cả hai khối. Điểm chuẩn tổ hợp khối ngành kỹ thuật cao hơn tổ hợp khối ngành kinh tế, giáo dục, ngoại ngữ 0.5 điểm, theo quy định độ lệch điểm giữa các tổ hợp mà Đại học Bách khoa Hà Nội công bố năm 2025 (căn cứ phổ điểm thi tốt nghiệp THPT). Điểm trên bảng công bố gắn với tổ hợp gốc D01. Dòng này là mức điểm của khối ngành kỹ thuật; khối ngành kinh tế, giáo dục, ngoại ngữ xem dòng còn lại. Năm 2025 chưa có bảng tổ hợp theo ngành nên danh sách tổ hợp lấy theo năm 2026.",2025,Bài công bố điểm chuẩn 2025 (ts.hust.edu.vn),https://ts.hust.edu.vn/tin-tuc/diem-chuan-cao-nhat-dh-bach-khoa-ha-noi-2025-29-39-diem-thpt-tuong-duong-93-96-diem-xttn-va-86-97-diem-tsa,2026-09-24,rule_derived,2026.1
EM-E13,Phân tích kinh doanh (CT tiên tiến),THPT,30,23.06,kinh_te_gd_nn,D01,"Ngành này xét tổ hợp thuộc cả hai khối. Điểm chuẩn tổ hợp khối ngành kỹ thuật cao hơn tổ hợp khối ngành kinh tế, giáo dục, ngoại ngữ 0.5 điểm, theo quy định độ lệch điểm giữa các tổ hợp mà Đại học Bách khoa Hà Nội công bố năm 2025 (căn cứ phổ điểm thi tốt nghiệp THPT). Điểm trên bảng công bố gắn với tổ hợp gốc D01. Dòng này là mức điểm của khối ngành kinh tế, giáo dục, ngoại ngữ; khối ngành kỹ thuật xem dòng còn lại.",2025,Bài công bố điểm chuẩn 2025 (ts.hust.edu.vn),https://ts.hust.edu.vn/tin-tuc/diem-chuan-cao-nhat-dh-bach-khoa-ha-noi-2025-29-39-diem-thpt-tuong-duong-93-96-diem-xttn-va-86-97-diem-tsa,2026-09-24,vision_double_read,2026.1
EM-E13,Phân tích kinh doanh (CT tiên tiến),XTTN_1.2,100,56.68,,D01,,2025,Bài công bố điểm chuẩn 2025 (ts.hust.edu.vn),https://ts.hust.edu.vn/tin-tuc/diem-chuan-cao-nhat-dh-bach-khoa-ha-noi-2025-29-39-diem-thpt-tuong-duong-93-96-diem-xttn-va-86-97-diem-tsa,2026-09-24,vision_double_read,2026.1
EM-E13,Phân tích kinh doanh (CT tiên tiến),XTTN_1.3,100,56.09,,D01,,2025,Bài công bố điểm chuẩn 2025 (ts.hust.edu.vn),https://ts.hust.edu.vn/tin-tuc/diem-chuan-cao-nhat-dh-bach-khoa-ha-noi-2025-29-39-diem-thpt-tuong-duong-93-96-diem-xttn-va-86-97-diem-tsa,2026-09-24,vision_double_read,2026.1
EM-E13,Phân tích kinh doanh (CT tiên tiến),DGTD,100,60.66,,D01,,2025,Bài công bố điểm chuẩn 2025 (ts.hust.edu.vn),https://ts.hust.edu.vn/tin-tuc/diem-chuan-cao-nhat-dh-bach-khoa-ha-noi-2025-29-39-diem-thpt-tuong-duong-93-96-diem-xttn-va-86-97-diem-tsa,2026-09-24,vision_double_read,2026.1
TROY-IT,Khoa học máy tính - hợp tác với ĐH Troy (Hoa Kỳ),THPT,30,21.80,ky_thuat,A00;A01;K01,"Ngành này xét tổ hợp thuộc cả hai khối. Điểm chuẩn tổ hợp khối ngành kỹ thuật cao hơn tổ hợp khối ngành kinh tế, giáo dục, ngoại ngữ 0.5 điểm, theo quy định độ lệch điểm giữa các tổ hợp mà Đại học Bách khoa Hà Nội công bố năm 2025 (căn cứ phổ điểm thi tốt nghiệp THPT). Điểm trên bảng công bố gắn với tổ hợp gốc D01. Dòng này là mức điểm của khối ngành kỹ thuật; khối ngành kinh tế, giáo dục, ngoại ngữ xem dòng còn lại. Năm 2025 chưa có bảng tổ hợp theo ngành nên danh sách tổ hợp lấy theo năm 2026.",2025,Bài công bố điểm chuẩn 2025 (ts.hust.edu.vn),https://ts.hust.edu.vn/tin-tuc/diem-chuan-cao-nhat-dh-bach-khoa-ha-noi-2025-29-39-diem-thpt-tuong-duong-93-96-diem-xttn-va-86-97-diem-tsa,2026-09-24,rule_derived,2026.1
TROY-IT,Khoa học máy tính - hợp tác với ĐH Troy (Hoa Kỳ),THPT,30,21.30,kinh_te_gd_nn,D01,"Ngành này xét tổ hợp thuộc cả hai khối. Điểm chuẩn tổ hợp khối ngành kỹ thuật cao hơn tổ hợp khối ngành kinh tế, giáo dục, ngoại ngữ 0.5 điểm, theo quy định độ lệch điểm giữa các tổ hợp mà Đại học Bách khoa Hà Nội công bố năm 2025 (căn cứ phổ điểm thi tốt nghiệp THPT). Điểm trên bảng công bố gắn với tổ hợp gốc D01. Dòng này là mức điểm của khối ngành kinh tế, giáo dục, ngoại ngữ; khối ngành kỹ thuật xem dòng còn lại.",2025,Bài công bố điểm chuẩn 2025 (ts.hust.edu.vn),https://ts.hust.edu.vn/tin-tuc/diem-chuan-cao-nhat-dh-bach-khoa-ha-noi-2025-29-39-diem-thpt-tuong-duong-93-96-diem-xttn-va-86-97-diem-tsa,2026-09-24,vision_double_read,2026.1
TROY-IT,Khoa học máy tính - hợp tác với ĐH Troy (Hoa Kỳ),XTTN_1.2,100,55.00,,D01,,2025,Bài công bố điểm chuẩn 2025 (ts.hust.edu.vn),https://ts.hust.edu.vn/tin-tuc/diem-chuan-cao-nhat-dh-bach-khoa-ha-noi-2025-29-39-diem-thpt-tuong-duong-93-96-diem-xttn-va-86-97-diem-tsa,2026-09-24,vision_double_read,2026.1
TROY-IT,Khoa học máy tính - hợp tác với ĐH Troy (Hoa Kỳ),XTTN_1.3,100,55.00,,D01,,2025,Bài công bố điểm chuẩn 2025 (ts.hust.edu.vn),https://ts.hust.edu.vn/tin-tuc/diem-chuan-cao-nhat-dh-bach-khoa-ha-noi-2025-29-39-diem-thpt-tuong-duong-93-96-diem-xttn-va-86-97-diem-tsa,2026-09-24,vision_double_read,2026.1
TROY-IT,Khoa học máy tính - hợp tác với ĐH Troy (Hoa Kỳ),DGTD,100,54.07,,D01,,2025,Bài công bố điểm chuẩn 2025 (ts.hust.edu.vn),https://ts.hust.edu.vn/tin-tuc/diem-chuan-cao-nhat-dh-bach-khoa-ha-noi-2025-29-39-diem-thpt-tuong-duong-93-96-diem-xttn-va-86-97-diem-tsa,2026-09-24,vision_double_read,2026.1
TROY-BA,Quản trị kinh doanh - hợp tác với ĐH Troy (Hoa Kỳ),THPT,30,19.00,,D01,,2025,Bài công bố điểm chuẩn 2025 (ts.hust.edu.vn),https://ts.hust.edu.vn/tin-tuc/diem-chuan-cao-nhat-dh-bach-khoa-ha-noi-2025-29-39-diem-thpt-tuong-duong-93-96-diem-xttn-va-86-97-diem-tsa,2026-09-24,vision_double_read,2026.1
TROY-BA,Quản trị kinh doanh - hợp tác với ĐH Troy (Hoa Kỳ),XTTN_1.2,100,55.00,,D01,,2025,Bài công bố điểm chuẩn 2025 (ts.hust.edu.vn),https://ts.hust.edu.vn/tin-tuc/diem-chuan-cao-nhat-dh-bach-khoa-ha-noi-2025-29-39-diem-thpt-tuong-duong-93-96-diem-xttn-va-86-97-diem-tsa,2026-09-24,vision_double_read,2026.1
TROY-BA,Quản trị kinh doanh - hợp tác với ĐH Troy (Hoa Kỳ),XTTN_1.3,100,55.00,,D01,,2025,Bài công bố điểm chuẩn 2025 (ts.hust.edu.vn),https://ts.hust.edu.vn/tin-tuc/diem-chuan-cao-nhat-dh-bach-khoa-ha-noi-2025-29-39-diem-thpt-tuong-duong-93-96-diem-xttn-va-86-97-diem-tsa,2026-09-24,vision_double_read,2026.1
TROY-BA,Quản trị kinh doanh - hợp tác với ĐH Troy (Hoa Kỳ),DGTD,100,46.48,,D01,,2025,Bài công bố điểm chuẩn 2025 (ts.hust.edu.vn),https://ts.hust.edu.vn/tin-tuc/diem-chuan-cao-nhat-dh-bach-khoa-ha-noi-2025-29-39-diem-thpt-tuong-duong-93-96-diem-xttn-va-86-97-diem-tsa,2026-09-24,vision_double_read,2026.1
