level_group,level,certificate,cert_value,note,year,source,source_url,collection_date,verification_status,dataset_version
Bậc 1,Bậc 1.1,CEFR,A1,,2026,"Quy định ngoại ngữ K71 - 10828/QĐ-ĐHBK ngày 07/9/2026, Phụ lục II, Bảng 2.1 (trang 8)",https://ctt.hust.edu.vn/DisplayWeb/DisplayBaiViet?baiviet=51634,2026-09-24,vision_extracted,2026.1
Bậc 1,Bậc 1.1,APTIS ESOL,A1,,2026,"Quy định ngoại ngữ K71 - 10828/QĐ-ĐHBK ngày 07/9/2026, Phụ lục II, Bảng 2.1 (trang 8)",https://ctt.hust.edu.vn/DisplayWeb/DisplayBaiViet?baiviet=51634,2026-09-24,vision_extracted,2026.1
Bậc 1,Bậc 1.1,IELTS Academic,2.0,,2026,"Quy định ngoại ngữ K71 - 10828/QĐ-ĐHBK ngày 07/9/2026, Phụ lục II, Bảng 2.1 (trang 8)",https://ctt.hust.edu.vn/DisplayWeb/DisplayBaiViet?baiviet=51634,2026-09-24,vision_extracted,2026.1
Bậc 1,Bậc 1.1,PEIC,Level A1,,2026,"Quy định ngoại ngữ K71 - 10828/QĐ-ĐHBK ngày 07/9/2026, Phụ lục II, Bảng 2.1 (trang 8)",https://ctt.hust.edu.vn/DisplayWeb/DisplayBaiViet?baiviet=51634,2026-09-24,vision_extracted,2026.1
Bậc 1,Bậc 1.1,PTE Academic,10÷19,,2026,"Quy định ngoại ngữ K71 - 10828/QĐ-ĐHBK ngày 07/9/2026, Phụ lục II, Bảng 2.1 (trang 8)",https://ctt.hust.edu.vn/DisplayWeb/DisplayBaiViet?baiviet=51634,2026-09-24,vision_extracted,2026.1
Bậc 1,Bậc 1.1,VEPT,10÷19,,2026,"Quy định ngoại ngữ K71 - 10828/QĐ-ĐHBK ngày 07/9/2026, Phụ lục II, Bảng 2.1 (trang 8)",https://ctt.hust.edu.vn/DisplayWeb/DisplayBaiViet?baiviet=51634,2026-09-24,vision_extracted,2026.1
Bậc 1,Bậc 1.1,LanguageCert Academic,10÷14,,2026,"Quy định ngoại ngữ K71 - 10828/QĐ-ĐHBK ngày 07/9/2026, Phụ lục II, Bảng 2.1 (trang 8)",https://ctt.hust.edu.vn/DisplayWeb/DisplayBaiViet?baiviet=51634,2026-09-24,vision_extracted,2026.1
Bậc 1,Bậc 1.1,Oxford Test of English (OTE),21÷35,,2026,"Quy định ngoại ngữ K71 - 10828/QĐ-ĐHBK ngày 07/9/2026, Phụ lục II, Bảng 2.1 (trang 8)",https://ctt.hust.edu.vn/DisplayWeb/DisplayBaiViet?baiviet=51634,2026-09-24,vision_extracted,2026.1
Bậc 1,Bậc 1.1,Linguaskill,100÷110,,2026,"Quy định ngoại ngữ K71 - 10828/QĐ-ĐHBK ngày 07/9/2026, Phụ lục II, Bảng 2.1 (trang 8)",https://ctt.hust.edu.vn/DisplayWeb/DisplayBaiViet?baiviet=51634,2026-09-24,vision_extracted,2026.1
Bậc 1,Bậc 1.1,Cambridge English Tests,KET (100÷110),,2026,"Quy định ngoại ngữ K71 - 10828/QĐ-ĐHBK ngày 07/9/2026, Phụ lục II, Bảng 2.1 (trang 8)",https://ctt.hust.edu.vn/DisplayWeb/DisplayBaiViet?baiviet=51634,2026-09-24,vision_extracted,2026.1
Bậc 1,Bậc 1.1,TOEIC Nghe,60÷80,,2026,"Quy định ngoại ngữ K71 - 10828/QĐ-ĐHBK ngày 07/9/2026, Phụ lục II, Bảng 2.1 (trang 8)",https://ctt.hust.edu.vn/DisplayWeb/DisplayBaiViet?baiviet=51634,2026-09-24,vision_extracted,2026.1
Bậc 1,Bậc 1.1,TOEIC Đọc,60÷80,,2026,"Quy định ngoại ngữ K71 - 10828/QĐ-ĐHBK ngày 07/9/2026, Phụ lục II, Bảng 2.1 (trang 8)",https://ctt.hust.edu.vn/DisplayWeb/DisplayBaiViet?baiviet=51634,2026-09-24,vision_extracted,2026.1
Bậc 1,Bậc 1.1,TOEIC Nói,50÷60,,2026,"Quy định ngoại ngữ K71 - 10828/QĐ-ĐHBK ngày 07/9/2026, Phụ lục II, Bảng 2.1 (trang 8)",https://ctt.hust.edu.vn/DisplayWeb/DisplayBaiViet?baiviet=51634,2026-09-24,vision_extracted,2026.1
Bậc 1,Bậc 1.1,TOEIC Viết,30÷40,,2026,"Quy định ngoại ngữ K71 - 10828/QĐ-ĐHBK ngày 07/9/2026, Phụ lục II, Bảng 2.1 (trang 8)",https://ctt.hust.edu.vn/DisplayWeb/DisplayBaiViet?baiviet=51634,2026-09-24,vision_extracted,2026.1
Bậc 1,Bậc 1.1,TOEFL iBT,12÷14,,2026,"Quy định ngoại ngữ K71 - 10828/QĐ-ĐHBK ngày 07/9/2026, Phụ lục II, Bảng 2.1 (trang 8)",https://ctt.hust.edu.vn/DisplayWeb/DisplayBaiViet?baiviet=51634,2026-09-24,vision_extracted,2026.1
Bậc 1,Bậc 1.1,TOEFL ITP,338÷350,,2026,"Quy định ngoại ngữ K71 - 10828/QĐ-ĐHBK ngày 07/9/2026, Phụ lục II, Bảng 2.1 (trang 8)",https://ctt.hust.edu.vn/DisplayWeb/DisplayBaiViet?baiviet=51634,2026-09-24,vision_extracted,2026.1
Bậc 1,Bậc 1.2,CEFR,A1,,2026,"Quy định ngoại ngữ K71 - 10828/QĐ-ĐHBK ngày 07/9/2026, Phụ lục II, Bảng 2.1 (trang 8)",https://ctt.hust.edu.vn/DisplayWeb/DisplayBaiViet?baiviet=51634,2026-09-24,vision_extracted,2026.1
Bậc 1,Bậc 1.2,APTIS ESOL,A1,,2026,"Quy định ngoại ngữ K71 - 10828/QĐ-ĐHBK ngày 07/9/2026, Phụ lục II, Bảng 2.1 (trang 8)",https://ctt.hust.edu.vn/DisplayWeb/DisplayBaiViet?baiviet=51634,2026-09-24,vision_extracted,2026.1
Bậc 1,Bậc 1.2,IELTS Academic,2.5,,2026,"Quy định ngoại ngữ K71 - 10828/QĐ-ĐHBK ngày 07/9/2026, Phụ lục II, Bảng 2.1 (trang 8)",https://ctt.hust.edu.vn/DisplayWeb/DisplayBaiViet?baiviet=51634,2026-09-24,vision_extracted,2026.1
Bậc 1,Bậc 1.2,PEIC,Level A1,,2026,"Quy định ngoại ngữ K71 - 10828/QĐ-ĐHBK ngày 07/9/2026, Phụ lục II, Bảng 2.1 (trang 8)",https://ctt.hust.edu.vn/DisplayWeb/DisplayBaiViet?baiviet=51634,2026-09-24,vision_extracted,2026.1
Bậc 1,Bậc 1.2,PTE Academic,20÷29,,2026,"Quy định ngoại ngữ K71 - 10828/QĐ-ĐHBK ngày 07/9/2026, Phụ lục II, Bảng 2.1 (trang 8)",https://ctt.hust.edu.vn/DisplayWeb/DisplayBaiViet?baiviet=51634,2026-09-24,vision_extracted,2026.1
Bậc 1,Bậc 1.2,VEPT,20÷29,,2026,"Quy định ngoại ngữ K71 - 10828/QĐ-ĐHBK ngày 07/9/2026, Phụ lục II, Bảng 2.1 (trang 8)",https://ctt.hust.edu.vn/DisplayWeb/DisplayBaiViet?baiviet=51634,2026-09-24,vision_extracted,2026.1
Bậc 1,Bậc 1.2,LanguageCert Academic,15÷19,,2026,"Quy định ngoại ngữ K71 - 10828/QĐ-ĐHBK ngày 07/9/2026, Phụ lục II, Bảng 2.1 (trang 8)",https://ctt.hust.edu.vn/DisplayWeb/DisplayBaiViet?baiviet=51634,2026-09-24,vision_extracted,2026.1
Bậc 1,Bậc 1.2,Oxford Test of English (OTE),36÷50,,2026,"Quy định ngoại ngữ K71 - 10828/QĐ-ĐHBK ngày 07/9/2026, Phụ lục II, Bảng 2.1 (trang 8)",https://ctt.hust.edu.vn/DisplayWeb/DisplayBaiViet?baiviet=51634,2026-09-24,vision_extracted,2026.1
Bậc 1,Bậc 1.2,Linguaskill,111÷119,,2026,"Quy định ngoại ngữ K71 - 10828/QĐ-ĐHBK ngày 07/9/2026, Phụ lục II, Bảng 2.1 (trang 8)",https://ctt.hust.edu.vn/DisplayWeb/DisplayBaiViet?baiviet=51634,2026-09-24,vision_extracted,2026.1
Bậc 1,Bậc 1.2,Cambridge English Tests,KET (111÷119),,2026,"Quy định ngoại ngữ K71 - 10828/QĐ-ĐHBK ngày 07/9/2026, Phụ lục II, Bảng 2.1 (trang 8)",https://ctt.hust.edu.vn/DisplayWeb/DisplayBaiViet?baiviet=51634,2026-09-24,vision_extracted,2026.1
Bậc 1,Bậc 1.2,TOEIC Nghe,85÷105,,2026,"Quy định ngoại ngữ K71 - 10828/QĐ-ĐHBK ngày 07/9/2026, Phụ lục II, Bảng 2.1 (trang 8)",https://ctt.hust.edu.vn/DisplayWeb/DisplayBaiViet?baiviet=51634,2026-09-24,vision_extracted,2026.1
Bậc 1,Bậc 1.2,TOEIC Đọc,85÷110,,2026,"Quy định ngoại ngữ K71 - 10828/QĐ-ĐHBK ngày 07/9/2026, Phụ lục II, Bảng 2.1 (trang 8)",https://ctt.hust.edu.vn/DisplayWeb/DisplayBaiViet?baiviet=51634,2026-09-24,vision_extracted,2026.1
Bậc 1,Bậc 1.2,TOEIC Nói,70÷80,,2026,"Quy định ngoại ngữ K71 - 10828/QĐ-ĐHBK ngày 07/9/2026, Phụ lục II, Bảng 2.1 (trang 8)",https://ctt.hust.edu.vn/DisplayWeb/DisplayBaiViet?baiviet=51634,2026-09-24,vision_extracted,2026.1
Bậc 1,Bậc 1.2,TOEIC Viết,50÷60,,2026,"Quy định ngoại ngữ K71 - 10828/QĐ-ĐHBK ngày 07/9/2026, Phụ lục II, Bảng 2.1 (trang 8)",https://ctt.hust.edu.vn/DisplayWeb/DisplayBaiViet?baiviet=51634,2026-09-24,vision_extracted,2026.1
Bậc 1,Bậc 1.2,TOEFL iBT,15÷16,,2026,"Quy định ngoại ngữ K71 - 10828/QĐ-ĐHBK ngày 07/9/2026, Phụ lục II, Bảng 2.1 (trang 8)",https://ctt.hust.edu.vn/DisplayWeb/DisplayBaiViet?baiviet=51634,2026-09-24,vision_extracted,2026.1
Bậc 1,Bậc 1.2,TOEFL ITP,351÷360,,2026,"Quy định ngoại ngữ K71 - 10828/QĐ-ĐHBK ngày 07/9/2026, Phụ lục II, Bảng 2.1 (trang 8)",https://ctt.hust.edu.vn/DisplayWeb/DisplayBaiViet?baiviet=51634,2026-09-24,vision_extracted,2026.1
Bậc 2,Bậc 2.1,CEFR,A2,,2026,"Quy định ngoại ngữ K71 - 10828/QĐ-ĐHBK ngày 07/9/2026, Phụ lục II, Bảng 2.1 (trang 8)",https://ctt.hust.edu.vn/DisplayWeb/DisplayBaiViet?baiviet=51634,2026-09-24,vision_extracted,2026.1
Bậc 2,Bậc 2.1,APTIS ESOL,A2,,2026,"Quy định ngoại ngữ K71 - 10828/QĐ-ĐHBK ngày 07/9/2026, Phụ lục II, Bảng 2.1 (trang 8)",https://ctt.hust.edu.vn/DisplayWeb/DisplayBaiViet?baiviet=51634,2026-09-24,vision_extracted,2026.1
Bậc 2,Bậc 2.1,IELTS Academic,3.0,,2026,"Quy định ngoại ngữ K71 - 10828/QĐ-ĐHBK ngày 07/9/2026, Phụ lục II, Bảng 2.1 (trang 8)",https://ctt.hust.edu.vn/DisplayWeb/DisplayBaiViet?baiviet=51634,2026-09-24,vision_extracted,2026.1
Bậc 2,Bậc 2.1,PEIC,Level 1,,2026,"Quy định ngoại ngữ K71 - 10828/QĐ-ĐHBK ngày 07/9/2026, Phụ lục II, Bảng 2.1 (trang 8)",https://ctt.hust.edu.vn/DisplayWeb/DisplayBaiViet?baiviet=51634,2026-09-24,vision_extracted,2026.1
Bậc 2,Bậc 2.1,PTE Academic,30÷33,,2026,"Quy định ngoại ngữ K71 - 10828/QĐ-ĐHBK ngày 07/9/2026, Phụ lục II, Bảng 2.1 (trang 8)",https://ctt.hust.edu.vn/DisplayWeb/DisplayBaiViet?baiviet=51634,2026-09-24,vision_extracted,2026.1
Bậc 2,Bậc 2.1,VEPT,30÷33,,2026,"Quy định ngoại ngữ K71 - 10828/QĐ-ĐHBK ngày 07/9/2026, Phụ lục II, Bảng 2.1 (trang 8)",https://ctt.hust.edu.vn/DisplayWeb/DisplayBaiViet?baiviet=51634,2026-09-24,vision_extracted,2026.1
Bậc 2,Bậc 2.1,LanguageCert Academic,20÷29,,2026,"Quy định ngoại ngữ K71 - 10828/QĐ-ĐHBK ngày 07/9/2026, Phụ lục II, Bảng 2.1 (trang 8)",https://ctt.hust.edu.vn/DisplayWeb/DisplayBaiViet?baiviet=51634,2026-09-24,vision_extracted,2026.1
Bậc 2,Bậc 2.1,Oxford Test of English (OTE),51÷60,,2026,"Quy định ngoại ngữ K71 - 10828/QĐ-ĐHBK ngày 07/9/2026, Phụ lục II, Bảng 2.1 (trang 8)",https://ctt.hust.edu.vn/DisplayWeb/DisplayBaiViet?baiviet=51634,2026-09-24,vision_extracted,2026.1
Bậc 2,Bậc 2.1,Linguaskill,120÷126,,2026,"Quy định ngoại ngữ K71 - 10828/QĐ-ĐHBK ngày 07/9/2026, Phụ lục II, Bảng 2.1 (trang 8)",https://ctt.hust.edu.vn/DisplayWeb/DisplayBaiViet?baiviet=51634,2026-09-24,vision_extracted,2026.1
Bậc 2,Bậc 2.1,Cambridge Assessment English,A2 KEY,,2026,"Quy định ngoại ngữ K71 - 10828/QĐ-ĐHBK ngày 07/9/2026, Phụ lục II, Bảng 2.1 (trang 8)",https://ctt.hust.edu.vn/DisplayWeb/DisplayBaiViet?baiviet=51634,2026-09-24,vision_extracted,2026.1
Bậc 2,Bậc 2.1,Cambridge English Tests,KET (120÷139),Ô gộp: KET (120÷139) áp dụng cho cả Bậc 2.1–2.3,2026,"Quy định ngoại ngữ K71 - 10828/QĐ-ĐHBK ngày 07/9/2026, Phụ lục II, Bảng 2.1 (trang 8)",https://ctt.hust.edu.vn/DisplayWeb/DisplayBaiViet?baiviet=51634,2026-09-24,vision_extracted,2026.1
Bậc 2,Bậc 2.1,TOEIC Nghe,110÷165,,2026,"Quy định ngoại ngữ K71 - 10828/QĐ-ĐHBK ngày 07/9/2026, Phụ lục II, Bảng 2.1 (trang 8)",https://ctt.hust.edu.vn/DisplayWeb/DisplayBaiViet?baiviet=51634,2026-09-24,vision_extracted,2026.1
Bậc 2,Bậc 2.1,TOEIC Đọc,115÷170,,2026,"Quy định ngoại ngữ K71 - 10828/QĐ-ĐHBK ngày 07/9/2026, Phụ lục II, Bảng 2.1 (trang 8)",https://ctt.hust.edu.vn/DisplayWeb/DisplayBaiViet?baiviet=51634,2026-09-24,vision_extracted,2026.1
Bậc 2,Bậc 2.1,TOEIC Nói,90,,2026,"Quy định ngoại ngữ K71 - 10828/QĐ-ĐHBK ngày 07/9/2026, Phụ lục II, Bảng 2.1 (trang 8)",https://ctt.hust.edu.vn/DisplayWeb/DisplayBaiViet?baiviet=51634,2026-09-24,vision_extracted,2026.1
Bậc 2,Bậc 2.1,TOEIC Viết,70÷80,,2026,"Quy định ngoại ngữ K71 - 10828/QĐ-ĐHBK ngày 07/9/2026, Phụ lục II, Bảng 2.1 (trang 8)",https://ctt.hust.edu.vn/DisplayWeb/DisplayBaiViet?baiviet=51634,2026-09-24,vision_extracted,2026.1
Bậc 2,Bậc 2.1,TOEFL iBT,17÷21,,2026,"Quy định ngoại ngữ K71 - 10828/QĐ-ĐHBK ngày 07/9/2026, Phụ lục II, Bảng 2.1 (trang 8)",https://ctt.hust.edu.vn/DisplayWeb/DisplayBaiViet?baiviet=51634,2026-09-24,vision_extracted,2026.1
Bậc 2,Bậc 2.1,TOEFL ITP,361÷399,,2026,"Quy định ngoại ngữ K71 - 10828/QĐ-ĐHBK ngày 07/9/2026, Phụ lục II, Bảng 2.1 (trang 8)",https://ctt.hust.edu.vn/DisplayWeb/DisplayBaiViet?baiviet=51634,2026-09-24,vision_extracted,2026.1
Bậc 2,Bậc 2.2,CEFR,A2,,2026,"Quy định ngoại ngữ K71 - 10828/QĐ-ĐHBK ngày 07/9/2026, Phụ lục II, Bảng 2.1 (trang 8)",https://ctt.hust.edu.vn/DisplayWeb/DisplayBaiViet?baiviet=51634,2026-09-24,vision_extracted,2026.1
Bậc 2,Bậc 2.2,APTIS ESOL,A2,,2026,"Quy định ngoại ngữ K71 - 10828/QĐ-ĐHBK ngày 07/9/2026, Phụ lục II, Bảng 2.1 (trang 8)",https://ctt.hust.edu.vn/DisplayWeb/DisplayBaiViet?baiviet=51634,2026-09-24,vision_extracted,2026.1
Bậc 2,Bậc 2.2,IELTS Academic,3.5,Ô gộp: mức 3.5 áp dụng chung cho Bậc 2.2 và Bậc 2.3,2026,"Quy định ngoại ngữ K71 - 10828/QĐ-ĐHBK ngày 07/9/2026, Phụ lục II, Bảng 2.1 (trang 8)",https://ctt.hust.edu.vn/DisplayWeb/DisplayBaiViet?baiviet=51634,2026-09-24,vision_extracted,2026.1
Bậc 2,Bậc 2.2,PEIC,Level 1,,2026,"Quy định ngoại ngữ K71 - 10828/QĐ-ĐHBK ngày 07/9/2026, Phụ lục II, Bảng 2.1 (trang 8)",https://ctt.hust.edu.vn/DisplayWeb/DisplayBaiViet?baiviet=51634,2026-09-24,vision_extracted,2026.1
Bậc 2,Bậc 2.2,PTE Academic,34÷38,,2026,"Quy định ngoại ngữ K71 - 10828/QĐ-ĐHBK ngày 07/9/2026, Phụ lục II, Bảng 2.1 (trang 8)",https://ctt.hust.edu.vn/DisplayWeb/DisplayBaiViet?baiviet=51634,2026-09-24,vision_extracted,2026.1
Bậc 2,Bậc 2.2,VEPT,34÷38,,2026,"Quy định ngoại ngữ K71 - 10828/QĐ-ĐHBK ngày 07/9/2026, Phụ lục II, Bảng 2.1 (trang 8)",https://ctt.hust.edu.vn/DisplayWeb/DisplayBaiViet?baiviet=51634,2026-09-24,vision_extracted,2026.1
Bậc 2,Bậc 2.2,LanguageCert Academic,30÷35,,2026,"Quy định ngoại ngữ K71 - 10828/QĐ-ĐHBK ngày 07/9/2026, Phụ lục II, Bảng 2.1 (trang 8)",https://ctt.hust.edu.vn/DisplayWeb/DisplayBaiViet?baiviet=51634,2026-09-24,vision_extracted,2026.1
Bậc 2,Bậc 2.2,Oxford Test of English (OTE),61÷70,,2026,"Quy định ngoại ngữ K71 - 10828/QĐ-ĐHBK ngày 07/9/2026, Phụ lục II, Bảng 2.1 (trang 8)",https://ctt.hust.edu.vn/DisplayWeb/DisplayBaiViet?baiviet=51634,2026-09-24,vision_extracted,2026.1
Bậc 2,Bậc 2.2,Linguaskill,127÷133,,2026,"Quy định ngoại ngữ K71 - 10828/QĐ-ĐHBK ngày 07/9/2026, Phụ lục II, Bảng 2.1 (trang 8)",https://ctt.hust.edu.vn/DisplayWeb/DisplayBaiViet?baiviet=51634,2026-09-24,vision_extracted,2026.1
Bậc 2,Bậc 2.2,Cambridge Assessment English,A2 KEY,,2026,"Quy định ngoại ngữ K71 - 10828/QĐ-ĐHBK ngày 07/9/2026, Phụ lục II, Bảng 2.1 (trang 8)",https://ctt.hust.edu.vn/DisplayWeb/DisplayBaiViet?baiviet=51634,2026-09-24,vision_extracted,2026.1
Bậc 2,Bậc 2.2,Cambridge English Tests,KET (120÷139),Ô gộp: KET (120÷139) áp dụng cho cả Bậc 2.1–2.3,2026,"Quy định ngoại ngữ K71 - 10828/QĐ-ĐHBK ngày 07/9/2026, Phụ lục II, Bảng 2.1 (trang 8)",https://ctt.hust.edu.vn/DisplayWeb/DisplayBaiViet?baiviet=51634,2026-09-24,vision_extracted,2026.1
Bậc 2,Bậc 2.2,TOEIC Nghe,170÷215,,2026,"Quy định ngoại ngữ K71 - 10828/QĐ-ĐHBK ngày 07/9/2026, Phụ lục II, Bảng 2.1 (trang 8)",https://ctt.hust.edu.vn/DisplayWeb/DisplayBaiViet?baiviet=51634,2026-09-24,vision_extracted,2026.1
Bậc 2,Bậc 2.2,TOEIC Đọc,175÷215,,2026,"Quy định ngoại ngữ K71 - 10828/QĐ-ĐHBK ngày 07/9/2026, Phụ lục II, Bảng 2.1 (trang 8)",https://ctt.hust.edu.vn/DisplayWeb/DisplayBaiViet?baiviet=51634,2026-09-24,vision_extracted,2026.1
Bậc 2,Bậc 2.2,TOEIC Nói,100,,2026,"Quy định ngoại ngữ K71 - 10828/QĐ-ĐHBK ngày 07/9/2026, Phụ lục II, Bảng 2.1 (trang 8)",https://ctt.hust.edu.vn/DisplayWeb/DisplayBaiViet?baiviet=51634,2026-09-24,vision_extracted,2026.1
Bậc 2,Bậc 2.2,TOEIC Viết,90÷100,,2026,"Quy định ngoại ngữ K71 - 10828/QĐ-ĐHBK ngày 07/9/2026, Phụ lục II, Bảng 2.1 (trang 8)",https://ctt.hust.edu.vn/DisplayWeb/DisplayBaiViet?baiviet=51634,2026-09-24,vision_extracted,2026.1
Bậc 2,Bậc 2.2,TOEFL iBT,22÷25,,2026,"Quy định ngoại ngữ K71 - 10828/QĐ-ĐHBK ngày 07/9/2026, Phụ lục II, Bảng 2.1 (trang 8)",https://ctt.hust.edu.vn/DisplayWeb/DisplayBaiViet?baiviet=51634,2026-09-24,vision_extracted,2026.1
Bậc 2,Bậc 2.2,TOEFL ITP,400÷429,,2026,"Quy định ngoại ngữ K71 - 10828/QĐ-ĐHBK ngày 07/9/2026, Phụ lục II, Bảng 2.1 (trang 8)",https://ctt.hust.edu.vn/DisplayWeb/DisplayBaiViet?baiviet=51634,2026-09-24,vision_extracted,2026.1
Bậc 2,Bậc 2.3,CEFR,A2,,2026,"Quy định ngoại ngữ K71 - 10828/QĐ-ĐHBK ngày 07/9/2026, Phụ lục II, Bảng 2.1 (trang 8)",https://ctt.hust.edu.vn/DisplayWeb/DisplayBaiViet?baiviet=51634,2026-09-24,vision_extracted,2026.1
Bậc 2,Bậc 2.3,APTIS ESOL,A2,,2026,"Quy định ngoại ngữ K71 - 10828/QĐ-ĐHBK ngày 07/9/2026, Phụ lục II, Bảng 2.1 (trang 8)",https://ctt.hust.edu.vn/DisplayWeb/DisplayBaiViet?baiviet=51634,2026-09-24,vision_extracted,2026.1
Bậc 2,Bậc 2.3,IELTS Academic,3.5,Ô gộp: mức 3.5 áp dụng chung cho Bậc 2.2 và Bậc 2.3,2026,"Quy định ngoại ngữ K71 - 10828/QĐ-ĐHBK ngày 07/9/2026, Phụ lục II, Bảng 2.1 (trang 8)",https://ctt.hust.edu.vn/DisplayWeb/DisplayBaiViet?baiviet=51634,2026-09-24,vision_extracted,2026.1
Bậc 2,Bậc 2.3,PEIC,Level 1,,2026,"Quy định ngoại ngữ K71 - 10828/QĐ-ĐHBK ngày 07/9/2026, Phụ lục II, Bảng 2.1 (trang 8)",https://ctt.hust.edu.vn/DisplayWeb/DisplayBaiViet?baiviet=51634,2026-09-24,vision_extracted,2026.1
Bậc 2,Bậc 2.3,PTE Academic,39÷42,,2026,"Quy định ngoại ngữ K71 - 10828/QĐ-ĐHBK ngày 07/9/2026, Phụ lục II, Bảng 2.1 (trang 8)",https://ctt.hust.edu.vn/DisplayWeb/DisplayBaiViet?baiviet=51634,2026-09-24,vision_extracted,2026.1
Bậc 2,Bậc 2.3,VEPT,39÷42,,2026,"Quy định ngoại ngữ K71 - 10828/QĐ-ĐHBK ngày 07/9/2026, Phụ lục II, Bảng 2.1 (trang 8)",https://ctt.hust.edu.vn/DisplayWeb/DisplayBaiViet?baiviet=51634,2026-09-24,vision_extracted,2026.1
Bậc 2,Bậc 2.3,LanguageCert Academic,36÷39,,2026,"Quy định ngoại ngữ K71 - 10828/QĐ-ĐHBK ngày 07/9/2026, Phụ lục II, Bảng 2.1 (trang 8)",https://ctt.hust.edu.vn/DisplayWeb/DisplayBaiViet?baiviet=51634,2026-09-24,vision_extracted,2026.1
Bậc 2,Bậc 2.3,Oxford Test of English (OTE),71÷80,,2026,"Quy định ngoại ngữ K71 - 10828/QĐ-ĐHBK ngày 07/9/2026, Phụ lục II, Bảng 2.1 (trang 8)",https://ctt.hust.edu.vn/DisplayWeb/DisplayBaiViet?baiviet=51634,2026-09-24,vision_extracted,2026.1
Bậc 2,Bậc 2.3,Linguaskill,134÷139,,2026,"Quy định ngoại ngữ K71 - 10828/QĐ-ĐHBK ngày 07/9/2026, Phụ lục II, Bảng 2.1 (trang 8)",https://ctt.hust.edu.vn/DisplayWeb/DisplayBaiViet?baiviet=51634,2026-09-24,vision_extracted,2026.1
Bậc 2,Bậc 2.3,Cambridge Assessment English,A2 KEY,,2026,"Quy định ngoại ngữ K71 - 10828/QĐ-ĐHBK ngày 07/9/2026, Phụ lục II, Bảng 2.1 (trang 8)",https://ctt.hust.edu.vn/DisplayWeb/DisplayBaiViet?baiviet=51634,2026-09-24,vision_extracted,2026.1
Bậc 2,Bậc 2.3,Cambridge English Tests,KET (120÷139),Ô gộp: KET (120÷139) áp dụng cho cả Bậc 2.1–2.3,2026,"Quy định ngoại ngữ K71 - 10828/QĐ-ĐHBK ngày 07/9/2026, Phụ lục II, Bảng 2.1 (trang 8)",https://ctt.hust.edu.vn/DisplayWeb/DisplayBaiViet?baiviet=51634,2026-09-24,vision_extracted,2026.1
Bậc 2,Bậc 2.3,TOEIC Nghe,220÷270,,2026,"Quy định ngoại ngữ K71 - 10828/QĐ-ĐHBK ngày 07/9/2026, Phụ lục II, Bảng 2.1 (trang 8)",https://ctt.hust.edu.vn/DisplayWeb/DisplayBaiViet?baiviet=51634,2026-09-24,vision_extracted,2026.1
Bậc 2,Bậc 2.3,TOEIC Đọc,220÷270,,2026,"Quy định ngoại ngữ K71 - 10828/QĐ-ĐHBK ngày 07/9/2026, Phụ lục II, Bảng 2.1 (trang 8)",https://ctt.hust.edu.vn/DisplayWeb/DisplayBaiViet?baiviet=51634,2026-09-24,vision_extracted,2026.1
Bậc 2,Bậc 2.3,TOEIC Nói,110,,2026,"Quy định ngoại ngữ K71 - 10828/QĐ-ĐHBK ngày 07/9/2026, Phụ lục II, Bảng 2.1 (trang 8)",https://ctt.hust.edu.vn/DisplayWeb/DisplayBaiViet?baiviet=51634,2026-09-24,vision_extracted,2026.1
Bậc 2,Bậc 2.3,TOEIC Viết,110,,2026,"Quy định ngoại ngữ K71 - 10828/QĐ-ĐHBK ngày 07/9/2026, Phụ lục II, Bảng 2.1 (trang 8)",https://ctt.hust.edu.vn/DisplayWeb/DisplayBaiViet?baiviet=51634,2026-09-24,vision_extracted,2026.1
Bậc 2,Bậc 2.3,TOEFL iBT,26÷29,,2026,"Quy định ngoại ngữ K71 - 10828/QĐ-ĐHBK ngày 07/9/2026, Phụ lục II, Bảng 2.1 (trang 8)",https://ctt.hust.edu.vn/DisplayWeb/DisplayBaiViet?baiviet=51634,2026-09-24,vision_extracted,2026.1
Bậc 2,Bậc 2.3,TOEFL ITP,430÷449,,2026,"Quy định ngoại ngữ K71 - 10828/QĐ-ĐHBK ngày 07/9/2026, Phụ lục II, Bảng 2.1 (trang 8)",https://ctt.hust.edu.vn/DisplayWeb/DisplayBaiViet?baiviet=51634,2026-09-24,vision_extracted,2026.1
Bậc 3,Bậc 3.1,CEFR,B1,,2026,"Quy định ngoại ngữ K71 - 10828/QĐ-ĐHBK ngày 07/9/2026, Phụ lục II, Bảng 2.1 (trang 8)",https://ctt.hust.edu.vn/DisplayWeb/DisplayBaiViet?baiviet=51634,2026-09-24,vision_extracted,2026.1
Bậc 3,Bậc 3.1,VSTEP,4.0÷4.5,,2026,"Quy định ngoại ngữ K71 - 10828/QĐ-ĐHBK ngày 07/9/2026, Phụ lục II, Bảng 2.1 (trang 8)",https://ctt.hust.edu.vn/DisplayWeb/DisplayBaiViet?baiviet=51634,2026-09-24,vision_extracted,2026.1
Bậc 3,Bậc 3.1,APTIS ESOL,B1,,2026,"Quy định ngoại ngữ K71 - 10828/QĐ-ĐHBK ngày 07/9/2026, Phụ lục II, Bảng 2.1 (trang 8)",https://ctt.hust.edu.vn/DisplayWeb/DisplayBaiViet?baiviet=51634,2026-09-24,vision_extracted,2026.1
Bậc 3,Bậc 3.1,IELTS Academic,4.0÷4.5,,2026,"Quy định ngoại ngữ K71 - 10828/QĐ-ĐHBK ngày 07/9/2026, Phụ lục II, Bảng 2.1 (trang 8)",https://ctt.hust.edu.vn/DisplayWeb/DisplayBaiViet?baiviet=51634,2026-09-24,vision_extracted,2026.1
Bậc 3,Bậc 3.1,PEIC,Level 2,,2026,"Quy định ngoại ngữ K71 - 10828/QĐ-ĐHBK ngày 07/9/2026, Phụ lục II, Bảng 2.1 (trang 8)",https://ctt.hust.edu.vn/DisplayWeb/DisplayBaiViet?baiviet=51634,2026-09-24,vision_extracted,2026.1
Bậc 3,Bậc 3.1,PTE Academic,43÷50,,2026,"Quy định ngoại ngữ K71 - 10828/QĐ-ĐHBK ngày 07/9/2026, Phụ lục II, Bảng 2.1 (trang 8)",https://ctt.hust.edu.vn/DisplayWeb/DisplayBaiViet?baiviet=51634,2026-09-24,vision_extracted,2026.1
Bậc 3,Bậc 3.1,VEPT,43÷66,,2026,"Quy định ngoại ngữ K71 - 10828/QĐ-ĐHBK ngày 07/9/2026, Phụ lục II, Bảng 2.1 (trang 8)",https://ctt.hust.edu.vn/DisplayWeb/DisplayBaiViet?baiviet=51634,2026-09-24,vision_extracted,2026.1
Bậc 3,Bậc 3.1,LanguageCert Academic,40÷49,,2026,"Quy định ngoại ngữ K71 - 10828/QĐ-ĐHBK ngày 07/9/2026, Phụ lục II, Bảng 2.1 (trang 8)",https://ctt.hust.edu.vn/DisplayWeb/DisplayBaiViet?baiviet=51634,2026-09-24,vision_extracted,2026.1
Bậc 3,Bậc 3.1,Oxford Test of English (OTE),81÷95,,2026,"Quy định ngoại ngữ K71 - 10828/QĐ-ĐHBK ngày 07/9/2026, Phụ lục II, Bảng 2.1 (trang 8)",https://ctt.hust.edu.vn/DisplayWeb/DisplayBaiViet?baiviet=51634,2026-09-24,vision_extracted,2026.1
Bậc 3,Bậc 3.1,Linguaskill,140÷149,,2026,"Quy định ngoại ngữ K71 - 10828/QĐ-ĐHBK ngày 07/9/2026, Phụ lục II, Bảng 2.1 (trang 8)",https://ctt.hust.edu.vn/DisplayWeb/DisplayBaiViet?baiviet=51634,2026-09-24,vision_extracted,2026.1
Bậc 3,Bậc 3.1,Cambridge Assessment English,B1 Preliminary/B1 Business Preliminary,,2026,"Quy định ngoại ngữ K71 - 10828/QĐ-ĐHBK ngày 07/9/2026, Phụ lục II, Bảng 2.1 (trang 8)",https://ctt.hust.edu.vn/DisplayWeb/DisplayBaiViet?baiviet=51634,2026-09-24,vision_extracted,2026.1
Bậc 3,Bậc 3.1,Cambridge English Tests,PET (140÷149),,2026,"Quy định ngoại ngữ K71 - 10828/QĐ-ĐHBK ngày 07/9/2026, Phụ lục II, Bảng 2.1 (trang 8)",https://ctt.hust.edu.vn/DisplayWeb/DisplayBaiViet?baiviet=51634,2026-09-24,vision_extracted,2026.1
Bậc 3,Bậc 3.1,TOEIC Nghe,275÷330,,2026,"Quy định ngoại ngữ K71 - 10828/QĐ-ĐHBK ngày 07/9/2026, Phụ lục II, Bảng 2.1 (trang 8)",https://ctt.hust.edu.vn/DisplayWeb/DisplayBaiViet?baiviet=51634,2026-09-24,vision_extracted,2026.1
Bậc 3,Bậc 3.1,TOEIC Đọc,275÷330,,2026,"Quy định ngoại ngữ K71 - 10828/QĐ-ĐHBK ngày 07/9/2026, Phụ lục II, Bảng 2.1 (trang 8)",https://ctt.hust.edu.vn/DisplayWeb/DisplayBaiViet?baiviet=51634,2026-09-24,vision_extracted,2026.1
Bậc 3,Bậc 3.1,TOEIC Nói,120÷130,,2026,"Quy định ngoại ngữ K71 - 10828/QĐ-ĐHBK ngày 07/9/2026, Phụ lục II, Bảng 2.1 (trang 8)",https://ctt.hust.edu.vn/DisplayWeb/DisplayBaiViet?baiviet=51634,2026-09-24,vision_extracted,2026.1
Bậc 3,Bậc 3.1,TOEIC Viết,120÷130,,2026,"Quy định ngoại ngữ K71 - 10828/QĐ-ĐHBK ngày 07/9/2026, Phụ lục II, Bảng 2.1 (trang 8)",https://ctt.hust.edu.vn/DisplayWeb/DisplayBaiViet?baiviet=51634,2026-09-24,vision_extracted,2026.1
Bậc 3,Bậc 3.1,TOEFL iBT,30÷37,,2026,"Quy định ngoại ngữ K71 - 10828/QĐ-ĐHBK ngày 07/9/2026, Phụ lục II, Bảng 2.1 (trang 8)",https://ctt.hust.edu.vn/DisplayWeb/DisplayBaiViet?baiviet=51634,2026-09-24,vision_extracted,2026.1
Bậc 3,Bậc 3.1,TOEFL ITP,450÷470,,2026,"Quy định ngoại ngữ K71 - 10828/QĐ-ĐHBK ngày 07/9/2026, Phụ lục II, Bảng 2.1 (trang 8)",https://ctt.hust.edu.vn/DisplayWeb/DisplayBaiViet?baiviet=51634,2026-09-24,vision_extracted,2026.1
Bậc 3,Bậc 3.2,CEFR,B1,,2026,"Quy định ngoại ngữ K71 - 10828/QĐ-ĐHBK ngày 07/9/2026, Phụ lục II, Bảng 2.1 (trang 8)",https://ctt.hust.edu.vn/DisplayWeb/DisplayBaiViet?baiviet=51634,2026-09-24,vision_extracted,2026.1
Bậc 3,Bậc 3.2,VSTEP,5.0÷5.5,,2026,"Quy định ngoại ngữ K71 - 10828/QĐ-ĐHBK ngày 07/9/2026, Phụ lục II, Bảng 2.1 (trang 8)",https://ctt.hust.edu.vn/DisplayWeb/DisplayBaiViet?baiviet=51634,2026-09-24,vision_extracted,2026.1
Bậc 3,Bậc 3.2,APTIS ESOL,B1,,2026,"Quy định ngoại ngữ K71 - 10828/QĐ-ĐHBK ngày 07/9/2026, Phụ lục II, Bảng 2.1 (trang 8)",https://ctt.hust.edu.vn/DisplayWeb/DisplayBaiViet?baiviet=51634,2026-09-24,vision_extracted,2026.1
Bậc 3,Bậc 3.2,IELTS Academic,5.0,,2026,"Quy định ngoại ngữ K71 - 10828/QĐ-ĐHBK ngày 07/9/2026, Phụ lục II, Bảng 2.1 (trang 8)",https://ctt.hust.edu.vn/DisplayWeb/DisplayBaiViet?baiviet=51634,2026-09-24,vision_extracted,2026.1
Bậc 3,Bậc 3.2,PEIC,Level 2,,2026,"Quy định ngoại ngữ K71 - 10828/QĐ-ĐHBK ngày 07/9/2026, Phụ lục II, Bảng 2.1 (trang 8)",https://ctt.hust.edu.vn/DisplayWeb/DisplayBaiViet?baiviet=51634,2026-09-24,vision_extracted,2026.1
Bậc 3,Bậc 3.2,PTE Academic,51÷58,,2026,"Quy định ngoại ngữ K71 - 10828/QĐ-ĐHBK ngày 07/9/2026, Phụ lục II, Bảng 2.1 (trang 8)",https://ctt.hust.edu.vn/DisplayWeb/DisplayBaiViet?baiviet=51634,2026-09-24,vision_extracted,2026.1
Bậc 3,Bậc 3.2,VEPT,67÷90,,2026,"Quy định ngoại ngữ K71 - 10828/QĐ-ĐHBK ngày 07/9/2026, Phụ lục II, Bảng 2.1 (trang 8)",https://ctt.hust.edu.vn/DisplayWeb/DisplayBaiViet?baiviet=51634,2026-09-24,vision_extracted,2026.1
Bậc 3,Bậc 3.2,LanguageCert Academic,50÷59,,2026,"Quy định ngoại ngữ K71 - 10828/QĐ-ĐHBK ngày 07/9/2026, Phụ lục II, Bảng 2.1 (trang 8)",https://ctt.hust.edu.vn/DisplayWeb/DisplayBaiViet?baiviet=51634,2026-09-24,vision_extracted,2026.1
Bậc 3,Bậc 3.2,Oxford Test of English (OTE),96÷110,,2026,"Quy định ngoại ngữ K71 - 10828/QĐ-ĐHBK ngày 07/9/2026, Phụ lục II, Bảng 2.1 (trang 8)",https://ctt.hust.edu.vn/DisplayWeb/DisplayBaiViet?baiviet=51634,2026-09-24,vision_extracted,2026.1
Bậc 3,Bậc 3.2,Linguaskill,150÷159,,2026,"Quy định ngoại ngữ K71 - 10828/QĐ-ĐHBK ngày 07/9/2026, Phụ lục II, Bảng 2.1 (trang 8)",https://ctt.hust.edu.vn/DisplayWeb/DisplayBaiViet?baiviet=51634,2026-09-24,vision_extracted,2026.1
Bậc 3,Bậc 3.2,Cambridge Assessment English,B1 Preliminary/B1 Business Preliminary,,2026,"Quy định ngoại ngữ K71 - 10828/QĐ-ĐHBK ngày 07/9/2026, Phụ lục II, Bảng 2.1 (trang 8)",https://ctt.hust.edu.vn/DisplayWeb/DisplayBaiViet?baiviet=51634,2026-09-24,vision_extracted,2026.1
Bậc 3,Bậc 3.2,Cambridge English Tests,PET (150÷159),,2026,"Quy định ngoại ngữ K71 - 10828/QĐ-ĐHBK ngày 07/9/2026, Phụ lục II, Bảng 2.1 (trang 8)",https://ctt.hust.edu.vn/DisplayWeb/DisplayBaiViet?baiviet=51634,2026-09-24,vision_extracted,2026.1
Bậc 3,Bậc 3.2,TOEIC Nghe,335÷395,,2026,"Quy định ngoại ngữ K71 - 10828/QĐ-ĐHBK ngày 07/9/2026, Phụ lục II, Bảng 2.1 (trang 8)",https://ctt.hust.edu.vn/DisplayWeb/DisplayBaiViet?baiviet=51634,2026-09-24,vision_extracted,2026.1
Bậc 3,Bậc 3.2,TOEIC Đọc,335÷380,,2026,"Quy định ngoại ngữ K71 - 10828/QĐ-ĐHBK ngày 07/9/2026, Phụ lục II, Bảng 2.1 (trang 8)",https://ctt.hust.edu.vn/DisplayWeb/DisplayBaiViet?baiviet=51634,2026-09-24,vision_extracted,2026.1
Bậc 3,Bậc 3.2,TOEIC Nói,140÷150,,2026,"Quy định ngoại ngữ K71 - 10828/QĐ-ĐHBK ngày 07/9/2026, Phụ lục II, Bảng 2.1 (trang 8)",https://ctt.hust.edu.vn/DisplayWeb/DisplayBaiViet?baiviet=51634,2026-09-24,vision_extracted,2026.1
Bậc 3,Bậc 3.2,TOEIC Viết,140,,2026,"Quy định ngoại ngữ K71 - 10828/QĐ-ĐHBK ngày 07/9/2026, Phụ lục II, Bảng 2.1 (trang 8)",https://ctt.hust.edu.vn/DisplayWeb/DisplayBaiViet?baiviet=51634,2026-09-24,vision_extracted,2026.1
Bậc 3,Bậc 3.2,TOEFL iBT,38÷45,,2026,"Quy định ngoại ngữ K71 - 10828/QĐ-ĐHBK ngày 07/9/2026, Phụ lục II, Bảng 2.1 (trang 8)",https://ctt.hust.edu.vn/DisplayWeb/DisplayBaiViet?baiviet=51634,2026-09-24,vision_extracted,2026.1
Bậc 3,Bậc 3.2,TOEFL ITP,471÷499,,2026,"Quy định ngoại ngữ K71 - 10828/QĐ-ĐHBK ngày 07/9/2026, Phụ lục II, Bảng 2.1 (trang 8)",https://ctt.hust.edu.vn/DisplayWeb/DisplayBaiViet?baiviet=51634,2026-09-24,vision_extracted,2026.1
Bậc 4,Bậc 4,CEFR,B2,,2026,"Quy định ngoại ngữ K71 - 10828/QĐ-ĐHBK ngày 07/9/2026, Phụ lục II, Bảng 2.1 (trang 8)",https://ctt.hust.edu.vn/DisplayWeb/DisplayBaiViet?baiviet=51634,2026-09-24,vision_extracted,2026.1
Bậc 4,Bậc 4,VSTEP,6.0÷8.0,,2026,"Quy định ngoại ngữ K71 - 10828/QĐ-ĐHBK ngày 07/9/2026, Phụ lục II, Bảng 2.1 (trang 8)",https://ctt.hust.edu.vn/DisplayWeb/DisplayBaiViet?baiviet=51634,2026-09-24,vision_extracted,2026.1
Bậc 4,Bậc 4,APTIS ESOL,B2,,2026,"Quy định ngoại ngữ K71 - 10828/QĐ-ĐHBK ngày 07/9/2026, Phụ lục II, Bảng 2.1 (trang 8)",https://ctt.hust.edu.vn/DisplayWeb/DisplayBaiViet?baiviet=51634,2026-09-24,vision_extracted,2026.1
Bậc 4,Bậc 4,IELTS Academic,5.5÷6.5,,2026,"Quy định ngoại ngữ K71 - 10828/QĐ-ĐHBK ngày 07/9/2026, Phụ lục II, Bảng 2.1 (trang 8)",https://ctt.hust.edu.vn/DisplayWeb/DisplayBaiViet?baiviet=51634,2026-09-24,vision_extracted,2026.1
Bậc 4,Bậc 4,PEIC,Level 3,,2026,"Quy định ngoại ngữ K71 - 10828/QĐ-ĐHBK ngày 07/9/2026, Phụ lục II, Bảng 2.1 (trang 8)",https://ctt.hust.edu.vn/DisplayWeb/DisplayBaiViet?baiviet=51634,2026-09-24,vision_extracted,2026.1
Bậc 4,Bậc 4,PTE Academic,59÷75,,2026,"Quy định ngoại ngữ K71 - 10828/QĐ-ĐHBK ngày 07/9/2026, Phụ lục II, Bảng 2.1 (trang 8)",https://ctt.hust.edu.vn/DisplayWeb/DisplayBaiViet?baiviet=51634,2026-09-24,vision_extracted,2026.1
Bậc 4,Bậc 4,LanguageCert Academic,60÷74,,2026,"Quy định ngoại ngữ K71 - 10828/QĐ-ĐHBK ngày 07/9/2026, Phụ lục II, Bảng 2.1 (trang 8)",https://ctt.hust.edu.vn/DisplayWeb/DisplayBaiViet?baiviet=51634,2026-09-24,vision_extracted,2026.1
Bậc 4,Bậc 4,Oxford Test of English (OTE),111÷140,,2026,"Quy định ngoại ngữ K71 - 10828/QĐ-ĐHBK ngày 07/9/2026, Phụ lục II, Bảng 2.1 (trang 8)",https://ctt.hust.edu.vn/DisplayWeb/DisplayBaiViet?baiviet=51634,2026-09-24,vision_extracted,2026.1
Bậc 4,Bậc 4,Linguaskill,160÷179,,2026,"Quy định ngoại ngữ K71 - 10828/QĐ-ĐHBK ngày 07/9/2026, Phụ lục II, Bảng 2.1 (trang 8)",https://ctt.hust.edu.vn/DisplayWeb/DisplayBaiViet?baiviet=51634,2026-09-24,vision_extracted,2026.1
Bậc 4,Bậc 4,Cambridge Assessment English,B2 First/B2 Business Vantage,,2026,"Quy định ngoại ngữ K71 - 10828/QĐ-ĐHBK ngày 07/9/2026, Phụ lục II, Bảng 2.1 (trang 8)",https://ctt.hust.edu.vn/DisplayWeb/DisplayBaiViet?baiviet=51634,2026-09-24,vision_extracted,2026.1
Bậc 4,Bậc 4,Cambridge English Tests,FCE (160÷179),,2026,"Quy định ngoại ngữ K71 - 10828/QĐ-ĐHBK ngày 07/9/2026, Phụ lục II, Bảng 2.1 (trang 8)",https://ctt.hust.edu.vn/DisplayWeb/DisplayBaiViet?baiviet=51634,2026-09-24,vision_extracted,2026.1
Bậc 4,Bậc 4,TOEIC Nghe,400÷485,,2026,"Quy định ngoại ngữ K71 - 10828/QĐ-ĐHBK ngày 07/9/2026, Phụ lục II, Bảng 2.1 (trang 8)",https://ctt.hust.edu.vn/DisplayWeb/DisplayBaiViet?baiviet=51634,2026-09-24,vision_extracted,2026.1
Bậc 4,Bậc 4,TOEIC Đọc,385÷450,,2026,"Quy định ngoại ngữ K71 - 10828/QĐ-ĐHBK ngày 07/9/2026, Phụ lục II, Bảng 2.1 (trang 8)",https://ctt.hust.edu.vn/DisplayWeb/DisplayBaiViet?baiviet=51634,2026-09-24,vision_extracted,2026.1
Bậc 4,Bậc 4,TOEIC Nói,160÷170,,2026,"Quy định ngoại ngữ K71 - 10828/QĐ-ĐHBK ngày 07/9/2026, Phụ lục II, Bảng 2.1 (trang 8)",https://ctt.hust.edu.vn/DisplayWeb/DisplayBaiViet?baiviet=51634,2026-09-24,vision_extracted,2026.1
Bậc 4,Bậc 4,TOEIC Viết,150÷170,,2026,"Quy định ngoại ngữ K71 - 10828/QĐ-ĐHBK ngày 07/9/2026, Phụ lục II, Bảng 2.1 (trang 8)",https://ctt.hust.edu.vn/DisplayWeb/DisplayBaiViet?baiviet=51634,2026-09-24,vision_extracted,2026.1
Bậc 4,Bậc 4,TOEFL iBT,46÷93,,2026,"Quy định ngoại ngữ K71 - 10828/QĐ-ĐHBK ngày 07/9/2026, Phụ lục II, Bảng 2.1 (trang 8)",https://ctt.hust.edu.vn/DisplayWeb/DisplayBaiViet?baiviet=51634,2026-09-24,vision_extracted,2026.1
Bậc 4,Bậc 4,TOEFL ITP,500÷626,,2026,"Quy định ngoại ngữ K71 - 10828/QĐ-ĐHBK ngày 07/9/2026, Phụ lục II, Bảng 2.1 (trang 8)",https://ctt.hust.edu.vn/DisplayWeb/DisplayBaiViet?baiviet=51634,2026-09-24,vision_extracted,2026.1
Bậc 5,Bậc 5,CEFR,C1,,2026,"Quy định ngoại ngữ K71 - 10828/QĐ-ĐHBK ngày 07/9/2026, Phụ lục II, Bảng 2.1 (trang 8)",https://ctt.hust.edu.vn/DisplayWeb/DisplayBaiViet?baiviet=51634,2026-09-24,vision_extracted,2026.1
Bậc 5,Bậc 5,VSTEP,8.5÷10,,2026,"Quy định ngoại ngữ K71 - 10828/QĐ-ĐHBK ngày 07/9/2026, Phụ lục II, Bảng 2.1 (trang 8)",https://ctt.hust.edu.vn/DisplayWeb/DisplayBaiViet?baiviet=51634,2026-09-24,vision_extracted,2026.1
Bậc 5,Bậc 5,APTIS ESOL,C1,,2026,"Quy định ngoại ngữ K71 - 10828/QĐ-ĐHBK ngày 07/9/2026, Phụ lục II, Bảng 2.1 (trang 8)",https://ctt.hust.edu.vn/DisplayWeb/DisplayBaiViet?baiviet=51634,2026-09-24,vision_extracted,2026.1
Bậc 5,Bậc 5,IELTS Academic,7.0÷8.0,,2026,"Quy định ngoại ngữ K71 - 10828/QĐ-ĐHBK ngày 07/9/2026, Phụ lục II, Bảng 2.1 (trang 8)",https://ctt.hust.edu.vn/DisplayWeb/DisplayBaiViet?baiviet=51634,2026-09-24,vision_extracted,2026.1
Bậc 5,Bậc 5,PEIC,Level 4,,2026,"Quy định ngoại ngữ K71 - 10828/QĐ-ĐHBK ngày 07/9/2026, Phụ lục II, Bảng 2.1 (trang 8)",https://ctt.hust.edu.vn/DisplayWeb/DisplayBaiViet?baiviet=51634,2026-09-24,vision_extracted,2026.1
Bậc 5,Bậc 5,PTE Academic,76÷84,,2026,"Quy định ngoại ngữ K71 - 10828/QĐ-ĐHBK ngày 07/9/2026, Phụ lục II, Bảng 2.1 (trang 8)",https://ctt.hust.edu.vn/DisplayWeb/DisplayBaiViet?baiviet=51634,2026-09-24,vision_extracted,2026.1
Bậc 5,Bậc 5,LanguageCert Academic,75÷89,,2026,"Quy định ngoại ngữ K71 - 10828/QĐ-ĐHBK ngày 07/9/2026, Phụ lục II, Bảng 2.1 (trang 8)",https://ctt.hust.edu.vn/DisplayWeb/DisplayBaiViet?baiviet=51634,2026-09-24,vision_extracted,2026.1
Bậc 5,Bậc 5,Oxford Test of English (OTE),141÷170 (OTE Advanced),,2026,"Quy định ngoại ngữ K71 - 10828/QĐ-ĐHBK ngày 07/9/2026, Phụ lục II, Bảng 2.1 (trang 8)",https://ctt.hust.edu.vn/DisplayWeb/DisplayBaiViet?baiviet=51634,2026-09-24,vision_extracted,2026.1
Bậc 5,Bậc 5,Linguaskill,180÷199,,2026,"Quy định ngoại ngữ K71 - 10828/QĐ-ĐHBK ngày 07/9/2026, Phụ lục II, Bảng 2.1 (trang 8)",https://ctt.hust.edu.vn/DisplayWeb/DisplayBaiViet?baiviet=51634,2026-09-24,vision_extracted,2026.1
Bậc 5,Bậc 5,Cambridge Assessment English,C1 Advanced/C1 Business Higher,,2026,"Quy định ngoại ngữ K71 - 10828/QĐ-ĐHBK ngày 07/9/2026, Phụ lục II, Bảng 2.1 (trang 8)",https://ctt.hust.edu.vn/DisplayWeb/DisplayBaiViet?baiviet=51634,2026-09-24,vision_extracted,2026.1
Bậc 5,Bậc 5,Cambridge English Tests,CAE (180÷199),,2026,"Quy định ngoại ngữ K71 - 10828/QĐ-ĐHBK ngày 07/9/2026, Phụ lục II, Bảng 2.1 (trang 8)",https://ctt.hust.edu.vn/DisplayWeb/DisplayBaiViet?baiviet=51634,2026-09-24,vision_extracted,2026.1
Bậc 5,Bậc 5,TOEIC Nghe,490÷495,,2026,"Quy định ngoại ngữ K71 - 10828/QĐ-ĐHBK ngày 07/9/2026, Phụ lục II, Bảng 2.1 (trang 8)",https://ctt.hust.edu.vn/DisplayWeb/DisplayBaiViet?baiviet=51634,2026-09-24,vision_extracted,2026.1
Bậc 5,Bậc 5,TOEIC Đọc,455÷495,,2026,"Quy định ngoại ngữ K71 - 10828/QĐ-ĐHBK ngày 07/9/2026, Phụ lục II, Bảng 2.1 (trang 8)",https://ctt.hust.edu.vn/DisplayWeb/DisplayBaiViet?baiviet=51634,2026-09-24,vision_extracted,2026.1
Bậc 5,Bậc 5,TOEIC Nói,180÷200,,2026,"Quy định ngoại ngữ K71 - 10828/QĐ-ĐHBK ngày 07/9/2026, Phụ lục II, Bảng 2.1 (trang 8)",https://ctt.hust.edu.vn/DisplayWeb/DisplayBaiViet?baiviet=51634,2026-09-24,vision_extracted,2026.1
Bậc 5,Bậc 5,TOEIC Viết,180÷200,,2026,"Quy định ngoại ngữ K71 - 10828/QĐ-ĐHBK ngày 07/9/2026, Phụ lục II, Bảng 2.1 (trang 8)",https://ctt.hust.edu.vn/DisplayWeb/DisplayBaiViet?baiviet=51634,2026-09-24,vision_extracted,2026.1
Bậc 5,Bậc 5,TOEFL iBT,94÷114,,2026,"Quy định ngoại ngữ K71 - 10828/QĐ-ĐHBK ngày 07/9/2026, Phụ lục II, Bảng 2.1 (trang 8)",https://ctt.hust.edu.vn/DisplayWeb/DisplayBaiViet?baiviet=51634,2026-09-24,vision_extracted,2026.1
Bậc 5,Bậc 5,TOEFL ITP,627÷677,,2026,"Quy định ngoại ngữ K71 - 10828/QĐ-ĐHBK ngày 07/9/2026, Phụ lục II, Bảng 2.1 (trang 8)",https://ctt.hust.edu.vn/DisplayWeb/DisplayBaiViet?baiviet=51634,2026-09-24,vision_extracted,2026.1
