certificate,cert_value,bonus_point,converted_score_10,table_purpose,note,year,source,source_url,collection_date,verification_status,dataset_version
IELTS Academic,5.0,1,,diem_thuong,Điểm thưởng cộng vào điểm xét ĐGTD (thang 100). Ranh giới mức KHÁC bảng quy đổi.,2024,Đề án tuyển sinh 2024 -FINAL.pdf - Bảng 6 (trang 24),https://ts.hust.edu.vn/tin-tuc/de-an-tuyen-sinh-dai-hoc-nam-2024,2026-09-19,vision_extracted,2026.1
IELTS Academic,5.5,2,,diem_thuong,Điểm thưởng cộng vào điểm xét ĐGTD (thang 100). Ranh giới mức KHÁC bảng quy đổi.,2024,Đề án tuyển sinh 2024 -FINAL.pdf - Bảng 6 (trang 24),https://ts.hust.edu.vn/tin-tuc/de-an-tuyen-sinh-dai-hoc-nam-2024,2026-09-19,vision_extracted,2026.1
IELTS Academic,6.0,3,,diem_thuong,Điểm thưởng cộng vào điểm xét ĐGTD (thang 100). Ranh giới mức KHÁC bảng quy đổi.,2024,Đề án tuyển sinh 2024 -FINAL.pdf - Bảng 6 (trang 24),https://ts.hust.edu.vn/tin-tuc/de-an-tuyen-sinh-dai-hoc-nam-2024,2026-09-19,vision_extracted,2026.1
IELTS Academic,6.5,4,,diem_thuong,Điểm thưởng cộng vào điểm xét ĐGTD (thang 100). Ranh giới mức KHÁC bảng quy đổi.,2024,Đề án tuyển sinh 2024 -FINAL.pdf - Bảng 6 (trang 24),https://ts.hust.edu.vn/tin-tuc/de-an-tuyen-sinh-dai-hoc-nam-2024,2026-09-19,vision_extracted,2026.1
IELTS Academic,≥ 7.0,5,,diem_thuong,Điểm thưởng cộng vào điểm xét ĐGTD (thang 100). Ranh giới mức KHÁC bảng quy đổi.,2024,Đề án tuyển sinh 2024 -FINAL.pdf - Bảng 6 (trang 24),https://ts.hust.edu.vn/tin-tuc/de-an-tuyen-sinh-dai-hoc-nam-2024,2026-09-19,vision_extracted,2026.1
VSTEP,"5,0 - 5,5",1,,diem_thuong,Điểm thưởng cộng vào điểm xét ĐGTD (thang 100). Ranh giới mức KHÁC bảng quy đổi.,2024,Đề án tuyển sinh 2024 -FINAL.pdf - Bảng 5 (trang 24),https://ts.hust.edu.vn/tin-tuc/de-an-tuyen-sinh-dai-hoc-nam-2024,2026-09-19,vision_extracted,2026.1
VSTEP,"6,0 - 6,5",2,,diem_thuong,Điểm thưởng cộng vào điểm xét ĐGTD (thang 100). Ranh giới mức KHÁC bảng quy đổi.,2024,Đề án tuyển sinh 2024 -FINAL.pdf - Bảng 5 (trang 24),https://ts.hust.edu.vn/tin-tuc/de-an-tuyen-sinh-dai-hoc-nam-2024,2026-09-19,vision_extracted,2026.1
VSTEP,"7,0",3,,diem_thuong,Điểm thưởng cộng vào điểm xét ĐGTD (thang 100). Ranh giới mức KHÁC bảng quy đổi.,2024,Đề án tuyển sinh 2024 -FINAL.pdf - Bảng 5 (trang 24),https://ts.hust.edu.vn/tin-tuc/de-an-tuyen-sinh-dai-hoc-nam-2024,2026-09-19,vision_extracted,2026.1
VSTEP,"7,5 - 8,0",4,,diem_thuong,Điểm thưởng cộng vào điểm xét ĐGTD (thang 100). Ranh giới mức KHÁC bảng quy đổi.,2024,Đề án tuyển sinh 2024 -FINAL.pdf - Bảng 5 (trang 24),https://ts.hust.edu.vn/tin-tuc/de-an-tuyen-sinh-dai-hoc-nam-2024,2026-09-19,vision_extracted,2026.1
VSTEP,"≥ 8,5",5,,diem_thuong,Điểm thưởng cộng vào điểm xét ĐGTD (thang 100). Ranh giới mức KHÁC bảng quy đổi.,2024,Đề án tuyển sinh 2024 -FINAL.pdf - Bảng 5 (trang 24),https://ts.hust.edu.vn/tin-tuc/de-an-tuyen-sinh-dai-hoc-nam-2024,2026-09-19,vision_extracted,2026.1
IELTS Academic,5.0,,8.50,quy_doi,"Điểm quy đổi thay cho điểm thi môn tiếng Anh khi xét THPT theo tổ hợp A01, D07, D01.",2024,Đề án tuyển sinh 2024 -FINAL.pdf - Bảng 8 (trang 25-26),https://ts.hust.edu.vn/tin-tuc/de-an-tuyen-sinh-dai-hoc-nam-2024,2026-09-19,vision_extracted,2026.1
IELTS Academic,5.5,,9.00,quy_doi,"Điểm quy đổi thay cho điểm thi môn tiếng Anh khi xét THPT theo tổ hợp A01, D07, D01.",2024,Đề án tuyển sinh 2024 -FINAL.pdf - Bảng 8 (trang 25-26),https://ts.hust.edu.vn/tin-tuc/de-an-tuyen-sinh-dai-hoc-nam-2024,2026-09-19,vision_extracted,2026.1
IELTS Academic,6.0,,9.50,quy_doi,"Điểm quy đổi thay cho điểm thi môn tiếng Anh khi xét THPT theo tổ hợp A01, D07, D01.",2024,Đề án tuyển sinh 2024 -FINAL.pdf - Bảng 8 (trang 25-26),https://ts.hust.edu.vn/tin-tuc/de-an-tuyen-sinh-dai-hoc-nam-2024,2026-09-19,vision_extracted,2026.1
IELTS Academic,≥ 6.5,,10.00,quy_doi,"Điểm quy đổi thay cho điểm thi môn tiếng Anh khi xét THPT theo tổ hợp A01, D07, D01.",2024,Đề án tuyển sinh 2024 -FINAL.pdf - Bảng 8 (trang 25-26),https://ts.hust.edu.vn/tin-tuc/de-an-tuyen-sinh-dai-hoc-nam-2024,2026-09-19,vision_extracted,2026.1
VSTEP,"5,0 - 5,5",,8.50,quy_doi,"Điểm quy đổi thay cho điểm thi môn tiếng Anh khi xét THPT theo tổ hợp A01, D07, D01.",2024,Đề án tuyển sinh 2024 -FINAL.pdf - Bảng 7 (trang 25),https://ts.hust.edu.vn/tin-tuc/de-an-tuyen-sinh-dai-hoc-nam-2024,2026-09-19,vision_extracted,2026.1
VSTEP,"6,0 - 6,5",,9.00,quy_doi,"Điểm quy đổi thay cho điểm thi môn tiếng Anh khi xét THPT theo tổ hợp A01, D07, D01.",2024,Đề án tuyển sinh 2024 -FINAL.pdf - Bảng 7 (trang 25),https://ts.hust.edu.vn/tin-tuc/de-an-tuyen-sinh-dai-hoc-nam-2024,2026-09-19,vision_extracted,2026.1
VSTEP,"7,0 - 7,5",,9.50,quy_doi,"Điểm quy đổi thay cho điểm thi môn tiếng Anh khi xét THPT theo tổ hợp A01, D07, D01.",2024,Đề án tuyển sinh 2024 -FINAL.pdf - Bảng 7 (trang 25),https://ts.hust.edu.vn/tin-tuc/de-an-tuyen-sinh-dai-hoc-nam-2024,2026-09-19,vision_extracted,2026.1
VSTEP,"≥ 8,0",,10.00,quy_doi,"Điểm quy đổi thay cho điểm thi môn tiếng Anh khi xét THPT theo tổ hợp A01, D07, D01.",2024,Đề án tuyển sinh 2024 -FINAL.pdf - Bảng 7 (trang 25),https://ts.hust.edu.vn/tin-tuc/de-an-tuyen-sinh-dai-hoc-nam-2024,2026-09-19,vision_extracted,2026.1
IELTS Academic,5.0,1,8.50,ca_hai,"Ô ""điểm quy đổi"" của các mức từ 6.5 trở lên là ô gộp, cùng giá trị 10,00",2025,ts.hust.edu.vn de an 2025 (anh image_3.png),https://ts.hust.edu.vn/tin-tuc/dhbk-ha-noi-cong-bo-phuong-an-tuyen-sinh-dai-hoc-chinh-quy-nam-2025,2026-09-21,vision_extracted,2026.1
IELTS Academic,5.5,2,9.00,ca_hai,"Ô ""điểm quy đổi"" của các mức từ 6.5 trở lên là ô gộp, cùng giá trị 10,00",2025,ts.hust.edu.vn de an 2025 (anh image_3.png),https://ts.hust.edu.vn/tin-tuc/dhbk-ha-noi-cong-bo-phuong-an-tuyen-sinh-dai-hoc-chinh-quy-nam-2025,2026-09-21,vision_extracted,2026.1
IELTS Academic,6.0,3,9.50,ca_hai,"Ô ""điểm quy đổi"" của các mức từ 6.5 trở lên là ô gộp, cùng giá trị 10,00",2025,ts.hust.edu.vn de an 2025 (anh image_3.png),https://ts.hust.edu.vn/tin-tuc/dhbk-ha-noi-cong-bo-phuong-an-tuyen-sinh-dai-hoc-chinh-quy-nam-2025,2026-09-21,vision_extracted,2026.1
IELTS Academic,6.5,4,10.00,ca_hai,"Ô ""điểm quy đổi"" của các mức từ 6.5 trở lên là ô gộp, cùng giá trị 10,00",2025,ts.hust.edu.vn de an 2025 (anh image_3.png),https://ts.hust.edu.vn/tin-tuc/dhbk-ha-noi-cong-bo-phuong-an-tuyen-sinh-dai-hoc-chinh-quy-nam-2025,2026-09-21,vision_extracted,2026.1
IELTS Academic,7.0,5,10.00,ca_hai,"Ô ""điểm quy đổi"" của các mức từ 6.5 trở lên là ô gộp, cùng giá trị 10,00",2025,ts.hust.edu.vn de an 2025 (anh image_3.png),https://ts.hust.edu.vn/tin-tuc/dhbk-ha-noi-cong-bo-phuong-an-tuyen-sinh-dai-hoc-chinh-quy-nam-2025,2026-09-21,vision_extracted,2026.1
IELTS Academic,7.5,6,10.00,ca_hai,"Ô ""điểm quy đổi"" của các mức từ 6.5 trở lên là ô gộp, cùng giá trị 10,00",2025,ts.hust.edu.vn de an 2025 (anh image_3.png),https://ts.hust.edu.vn/tin-tuc/dhbk-ha-noi-cong-bo-phuong-an-tuyen-sinh-dai-hoc-chinh-quy-nam-2025,2026-09-21,vision_extracted,2026.1
IELTS Academic,≥8.0,7,10.00,ca_hai,"Ô ""điểm quy đổi"" của các mức từ 6.5 trở lên là ô gộp, cùng giá trị 10,00",2025,ts.hust.edu.vn de an 2025 (anh image_3.png),https://ts.hust.edu.vn/tin-tuc/dhbk-ha-noi-cong-bo-phuong-an-tuyen-sinh-dai-hoc-chinh-quy-nam-2025,2026-09-21,vision_extracted,2026.1
Aptis Esol,121-134,2,8.5,ca_hai,,2026,ts.hust.edu.vn de an 2026 (anh quydoi-cccnn-2026.png),https://ts.hust.edu.vn/tin-tuc/thong-tin-tuyen-sinh-dai-hoc-chinh-quy-nam-2026,2026-09-21,vision_extracted,2026.1
Aptis Esol,135-148,3,9.0,ca_hai,,2026,ts.hust.edu.vn de an 2026 (anh quydoi-cccnn-2026.png),https://ts.hust.edu.vn/tin-tuc/thong-tin-tuyen-sinh-dai-hoc-chinh-quy-nam-2026,2026-09-21,vision_extracted,2026.1
Aptis Esol,149-160,4,9.5,ca_hai,,2026,ts.hust.edu.vn de an 2026 (anh quydoi-cccnn-2026.png),https://ts.hust.edu.vn/tin-tuc/thong-tin-tuyen-sinh-dai-hoc-chinh-quy-nam-2026,2026-09-21,vision_extracted,2026.1
Aptis Esol,161-180,5,10,ca_hai,,2026,ts.hust.edu.vn de an 2026 (anh quydoi-cccnn-2026.png),https://ts.hust.edu.vn/tin-tuc/thong-tin-tuyen-sinh-dai-hoc-chinh-quy-nam-2026,2026-09-21,vision_extracted,2026.1
Aptis Esol,80-120,1,8.0,ca_hai,,2026,ts.hust.edu.vn de an 2026 (anh quydoi-cccnn-2026.png),https://ts.hust.edu.vn/tin-tuc/thong-tin-tuyen-sinh-dai-hoc-chinh-quy-nam-2026,2026-09-21,vision_extracted,2026.1
Cambridge Assessment English,B1 Preliminary/B1 Business Preliminary,1,8.0,ca_hai,,2026,ts.hust.edu.vn de an 2026 (anh quydoi-cccnn-2026.png),https://ts.hust.edu.vn/tin-tuc/thong-tin-tuyen-sinh-dai-hoc-chinh-quy-nam-2026,2026-09-21,vision_extracted,2026.1
Cambridge Assessment English,B2 First/B2 Business Vantage (160-172/Pass at Grade C),2,8.5,ca_hai,,2026,ts.hust.edu.vn de an 2026 (anh quydoi-cccnn-2026.png),https://ts.hust.edu.vn/tin-tuc/thong-tin-tuyen-sinh-dai-hoc-chinh-quy-nam-2026,2026-09-21,vision_extracted,2026.1
Cambridge Assessment English,B2 First/B2 Business Vantage (173-179/Pass at Grade B),3,9.0,ca_hai,,2026,ts.hust.edu.vn de an 2026 (anh quydoi-cccnn-2026.png),https://ts.hust.edu.vn/tin-tuc/thong-tin-tuyen-sinh-dai-hoc-chinh-quy-nam-2026,2026-09-21,vision_extracted,2026.1
Cambridge Assessment English,B2 First/B2 Business Vantage (180-190/Pass at Grade A),4,9.5,ca_hai,,2026,ts.hust.edu.vn de an 2026 (anh quydoi-cccnn-2026.png),https://ts.hust.edu.vn/tin-tuc/thong-tin-tuyen-sinh-dai-hoc-chinh-quy-nam-2026,2026-09-21,vision_extracted,2026.1
Cambridge Assessment English,C1 Advanced/C1 Business Higher (180-210) hoặc C2 Proficiency (200-230),5,10,ca_hai,,2026,ts.hust.edu.vn de an 2026 (anh quydoi-cccnn-2026.png),https://ts.hust.edu.vn/tin-tuc/thong-tin-tuyen-sinh-dai-hoc-chinh-quy-nam-2026,2026-09-21,vision_extracted,2026.1
Cambridge English Tests,CAE (180-199) hoặc CPE (200-230),5,10,ca_hai,,2026,ts.hust.edu.vn de an 2026 (anh quydoi-cccnn-2026.png),https://ts.hust.edu.vn/tin-tuc/thong-tin-tuyen-sinh-dai-hoc-chinh-quy-nam-2026,2026-09-21,vision_extracted,2026.1
Cambridge English Tests,FCE (160-166),2,8.5,ca_hai,,2026,ts.hust.edu.vn de an 2026 (anh quydoi-cccnn-2026.png),https://ts.hust.edu.vn/tin-tuc/thong-tin-tuyen-sinh-dai-hoc-chinh-quy-nam-2026,2026-09-21,vision_extracted,2026.1
Cambridge English Tests,FCE (167-173),3,9.0,ca_hai,,2026,ts.hust.edu.vn de an 2026 (anh quydoi-cccnn-2026.png),https://ts.hust.edu.vn/tin-tuc/thong-tin-tuyen-sinh-dai-hoc-chinh-quy-nam-2026,2026-09-21,vision_extracted,2026.1
Cambridge English Tests,FCE (174-179),4,9.5,ca_hai,,2026,ts.hust.edu.vn de an 2026 (anh quydoi-cccnn-2026.png),https://ts.hust.edu.vn/tin-tuc/thong-tin-tuyen-sinh-dai-hoc-chinh-quy-nam-2026,2026-09-21,vision_extracted,2026.1
Cambridge English Tests,PET (140-159),1,8.0,ca_hai,,2026,ts.hust.edu.vn de an 2026 (anh quydoi-cccnn-2026.png),https://ts.hust.edu.vn/tin-tuc/thong-tin-tuyen-sinh-dai-hoc-chinh-quy-nam-2026,2026-09-21,vision_extracted,2026.1
DELF/DALF,DELF A2 (50-70),1,8.0,ca_hai,,2026,ts.hust.edu.vn de an 2026 (anh quydoi-cccnn-2026.png),https://ts.hust.edu.vn/tin-tuc/thong-tin-tuyen-sinh-dai-hoc-chinh-quy-nam-2026,2026-09-21,vision_extracted,2026.1
DELF/DALF,DELF A2 (71-100),2,8.5,ca_hai,,2026,ts.hust.edu.vn de an 2026 (anh quydoi-cccnn-2026.png),https://ts.hust.edu.vn/tin-tuc/thong-tin-tuyen-sinh-dai-hoc-chinh-quy-nam-2026,2026-09-21,vision_extracted,2026.1
DELF/DALF,DELF B1 (50-70),3,9.0,ca_hai,,2026,ts.hust.edu.vn de an 2026 (anh quydoi-cccnn-2026.png),https://ts.hust.edu.vn/tin-tuc/thong-tin-tuyen-sinh-dai-hoc-chinh-quy-nam-2026,2026-09-21,vision_extracted,2026.1
DELF/DALF,DELF B1 (71-100),4,9.5,ca_hai,,2026,ts.hust.edu.vn de an 2026 (anh quydoi-cccnn-2026.png),https://ts.hust.edu.vn/tin-tuc/thong-tin-tuyen-sinh-dai-hoc-chinh-quy-nam-2026,2026-09-21,vision_extracted,2026.1
DELF/DALF,DELF B2 (50-100) / DALF C1 (50-100) hoặc DALF C2 (50-100),5,10,ca_hai,,2026,ts.hust.edu.vn de an 2026 (anh quydoi-cccnn-2026.png),https://ts.hust.edu.vn/tin-tuc/thong-tin-tuyen-sinh-dai-hoc-chinh-quy-nam-2026,2026-09-21,vision_extracted,2026.1
DSD,DSD1,3,9.0,ca_hai,,2026,ts.hust.edu.vn de an 2026 (anh quydoi-cccnn-2026.png),https://ts.hust.edu.vn/tin-tuc/thong-tin-tuyen-sinh-dai-hoc-chinh-quy-nam-2026,2026-09-21,vision_extracted,2026.1
DSD,DSD2,5,10,ca_hai,,2026,ts.hust.edu.vn de an 2026 (anh quydoi-cccnn-2026.png),https://ts.hust.edu.vn/tin-tuc/thong-tin-tuyen-sinh-dai-hoc-chinh-quy-nam-2026,2026-09-21,vision_extracted,2026.1
DSH,DSH1,4,9.5,ca_hai,,2026,ts.hust.edu.vn de an 2026 (anh quydoi-cccnn-2026.png),https://ts.hust.edu.vn/tin-tuc/thong-tin-tuyen-sinh-dai-hoc-chinh-quy-nam-2026,2026-09-21,vision_extracted,2026.1
DSH,DSH2/DSH3,5,10,ca_hai,,2026,ts.hust.edu.vn de an 2026 (anh quydoi-cccnn-2026.png),https://ts.hust.edu.vn/tin-tuc/thong-tin-tuyen-sinh-dai-hoc-chinh-quy-nam-2026,2026-09-21,vision_extracted,2026.1
Goethe/OSD/telc/ECL,A2,2,8.5,ca_hai,,2026,ts.hust.edu.vn de an 2026 (anh quydoi-cccnn-2026.png),https://ts.hust.edu.vn/tin-tuc/thong-tin-tuyen-sinh-dai-hoc-chinh-quy-nam-2026,2026-09-21,vision_extracted,2026.1
Goethe/OSD/telc/ECL,B1,3,9.0,ca_hai,,2026,ts.hust.edu.vn de an 2026 (anh quydoi-cccnn-2026.png),https://ts.hust.edu.vn/tin-tuc/thong-tin-tuyen-sinh-dai-hoc-chinh-quy-nam-2026,2026-09-21,vision_extracted,2026.1
Goethe/OSD/telc/ECL,B2,4,9.5,ca_hai,,2026,ts.hust.edu.vn de an 2026 (anh quydoi-cccnn-2026.png),https://ts.hust.edu.vn/tin-tuc/thong-tin-tuyen-sinh-dai-hoc-chinh-quy-nam-2026,2026-09-21,vision_extracted,2026.1
Goethe/OSD/telc/ECL,C1/C2,5,10,ca_hai,,2026,ts.hust.edu.vn de an 2026 (anh quydoi-cccnn-2026.png),https://ts.hust.edu.vn/tin-tuc/thong-tin-tuyen-sinh-dai-hoc-chinh-quy-nam-2026,2026-09-21,vision_extracted,2026.1
HSK+HSKK,HSK3 (241-300) + HSKK Sơ cấp (60-100),1,8.0,ca_hai,"Cột ""HSK+HSKK"" trong bảng gốc: cần đồng thời mức HSK và mức HSKK",2026,ts.hust.edu.vn de an 2026 (anh quydoi-cccnn-2026.png),https://ts.hust.edu.vn/tin-tuc/thong-tin-tuyen-sinh-dai-hoc-chinh-quy-nam-2026,2026-09-21,vision_extracted,2026.1
HSK+HSKK,HSK4 (180-210) + HSKK Trung cấp (60-100),2,8.5,ca_hai,"Cột ""HSK+HSKK"" trong bảng gốc: cần đồng thời mức HSK và mức HSKK",2026,ts.hust.edu.vn de an 2026 (anh quydoi-cccnn-2026.png),https://ts.hust.edu.vn/tin-tuc/thong-tin-tuyen-sinh-dai-hoc-chinh-quy-nam-2026,2026-09-21,vision_extracted,2026.1
HSK+HSKK,HSK4 (211-240) + HSKK Trung cấp (60-100),3,9.0,ca_hai,"Cột ""HSK+HSKK"" trong bảng gốc: cần đồng thời mức HSK và mức HSKK",2026,ts.hust.edu.vn de an 2026 (anh quydoi-cccnn-2026.png),https://ts.hust.edu.vn/tin-tuc/thong-tin-tuyen-sinh-dai-hoc-chinh-quy-nam-2026,2026-09-21,vision_extracted,2026.1
HSK+HSKK,HSK4 (241-300) + HSKK Trung cấp (60-100),4,9.5,ca_hai,"Cột ""HSK+HSKK"" trong bảng gốc: cần đồng thời mức HSK và mức HSKK",2026,ts.hust.edu.vn de an 2026 (anh quydoi-cccnn-2026.png),https://ts.hust.edu.vn/tin-tuc/thong-tin-tuyen-sinh-dai-hoc-chinh-quy-nam-2026,2026-09-21,vision_extracted,2026.1
HSK+HSKK,HSK5 (180-300) / HSK6 (180-300) + HSKK Cao cấp (60-100),5,10,ca_hai,"Cột ""HSK+HSKK"" trong bảng gốc: cần đồng thời mức HSK và mức HSKK",2026,ts.hust.edu.vn de an 2026 (anh quydoi-cccnn-2026.png),https://ts.hust.edu.vn/tin-tuc/thong-tin-tuyen-sinh-dai-hoc-chinh-quy-nam-2026,2026-09-21,vision_extracted,2026.1
IELTS Academic,5.0,1,8.0,ca_hai,,2026,ts.hust.edu.vn de an 2026 (anh quydoi-cccnn-2026.png),https://ts.hust.edu.vn/tin-tuc/thong-tin-tuyen-sinh-dai-hoc-chinh-quy-nam-2026,2026-09-21,vision_extracted,2026.1
IELTS Academic,5.5,2,8.5,ca_hai,,2026,ts.hust.edu.vn de an 2026 (anh quydoi-cccnn-2026.png),https://ts.hust.edu.vn/tin-tuc/thong-tin-tuyen-sinh-dai-hoc-chinh-quy-nam-2026,2026-09-21,vision_extracted,2026.1
IELTS Academic,6.0,3,9.0,ca_hai,,2026,ts.hust.edu.vn de an 2026 (anh quydoi-cccnn-2026.png),https://ts.hust.edu.vn/tin-tuc/thong-tin-tuyen-sinh-dai-hoc-chinh-quy-nam-2026,2026-09-21,vision_extracted,2026.1
IELTS Academic,6.5,4,9.5,ca_hai,,2026,ts.hust.edu.vn de an 2026 (anh quydoi-cccnn-2026.png),https://ts.hust.edu.vn/tin-tuc/thong-tin-tuyen-sinh-dai-hoc-chinh-quy-nam-2026,2026-09-21,vision_extracted,2026.1
IELTS Academic,7.0-9.0,5,10,ca_hai,,2026,ts.hust.edu.vn de an 2026 (anh quydoi-cccnn-2026.png),https://ts.hust.edu.vn/tin-tuc/thong-tin-tuyen-sinh-dai-hoc-chinh-quy-nam-2026,2026-09-21,vision_extracted,2026.1
JLPT,N2 (90-180) / N1 (100-180),5,10,ca_hai,,2026,ts.hust.edu.vn de an 2026 (anh quydoi-cccnn-2026.png),https://ts.hust.edu.vn/tin-tuc/thong-tin-tuyen-sinh-dai-hoc-chinh-quy-nam-2026,2026-09-21,vision_extracted,2026.1
JLPT,N3 (121-149),3,9.0,ca_hai,,2026,ts.hust.edu.vn de an 2026 (anh quydoi-cccnn-2026.png),https://ts.hust.edu.vn/tin-tuc/thong-tin-tuyen-sinh-dai-hoc-chinh-quy-nam-2026,2026-09-21,vision_extracted,2026.1
JLPT,N3 (150-180),4,9.5,ca_hai,,2026,ts.hust.edu.vn de an 2026 (anh quydoi-cccnn-2026.png),https://ts.hust.edu.vn/tin-tuc/thong-tin-tuyen-sinh-dai-hoc-chinh-quy-nam-2026,2026-09-21,vision_extracted,2026.1
JLPT,N3 (95-120),2,8.5,ca_hai,,2026,ts.hust.edu.vn de an 2026 (anh quydoi-cccnn-2026.png),https://ts.hust.edu.vn/tin-tuc/thong-tin-tuyen-sinh-dai-hoc-chinh-quy-nam-2026,2026-09-21,vision_extracted,2026.1
JLPT,N4 (145-180),1,8.0,ca_hai,,2026,ts.hust.edu.vn de an 2026 (anh quydoi-cccnn-2026.png),https://ts.hust.edu.vn/tin-tuc/thong-tin-tuyen-sinh-dai-hoc-chinh-quy-nam-2026,2026-09-21,vision_extracted,2026.1
Linguaskill,140-159,1,8.0,ca_hai,,2026,ts.hust.edu.vn de an 2026 (anh quydoi-cccnn-2026.png),https://ts.hust.edu.vn/tin-tuc/thong-tin-tuyen-sinh-dai-hoc-chinh-quy-nam-2026,2026-09-21,vision_extracted,2026.1
Linguaskill,160-166,2,8.5,ca_hai,,2026,ts.hust.edu.vn de an 2026 (anh quydoi-cccnn-2026.png),https://ts.hust.edu.vn/tin-tuc/thong-tin-tuyen-sinh-dai-hoc-chinh-quy-nam-2026,2026-09-21,vision_extracted,2026.1
Linguaskill,167-173,3,9.0,ca_hai,,2026,ts.hust.edu.vn de an 2026 (anh quydoi-cccnn-2026.png),https://ts.hust.edu.vn/tin-tuc/thong-tin-tuyen-sinh-dai-hoc-chinh-quy-nam-2026,2026-09-21,vision_extracted,2026.1
Linguaskill,174-179,4,9.5,ca_hai,,2026,ts.hust.edu.vn de an 2026 (anh quydoi-cccnn-2026.png),https://ts.hust.edu.vn/tin-tuc/thong-tin-tuyen-sinh-dai-hoc-chinh-quy-nam-2026,2026-09-21,vision_extracted,2026.1
Linguaskill,180-210,5,10,ca_hai,,2026,ts.hust.edu.vn de an 2026 (anh quydoi-cccnn-2026.png),https://ts.hust.edu.vn/tin-tuc/thong-tin-tuyen-sinh-dai-hoc-chinh-quy-nam-2026,2026-09-21,vision_extracted,2026.1
PEIC,Level 2,1,8.0,ca_hai,,2026,ts.hust.edu.vn de an 2026 (anh quydoi-cccnn-2026.png),https://ts.hust.edu.vn/tin-tuc/thong-tin-tuyen-sinh-dai-hoc-chinh-quy-nam-2026,2026-09-21,vision_extracted,2026.1
PEIC,Level 3 (Pass with Distinction),4,9.5,ca_hai,,2026,ts.hust.edu.vn de an 2026 (anh quydoi-cccnn-2026.png),https://ts.hust.edu.vn/tin-tuc/thong-tin-tuyen-sinh-dai-hoc-chinh-quy-nam-2026,2026-09-21,vision_extracted,2026.1
PEIC,Level 3 (Pass with Merit),3,9.0,ca_hai,,2026,ts.hust.edu.vn de an 2026 (anh quydoi-cccnn-2026.png),https://ts.hust.edu.vn/tin-tuc/thong-tin-tuyen-sinh-dai-hoc-chinh-quy-nam-2026,2026-09-21,vision_extracted,2026.1
PEIC,Level 3 (Pass),2,8.5,ca_hai,,2026,ts.hust.edu.vn de an 2026 (anh quydoi-cccnn-2026.png),https://ts.hust.edu.vn/tin-tuc/thong-tin-tuyen-sinh-dai-hoc-chinh-quy-nam-2026,2026-09-21,vision_extracted,2026.1
PEIC,Level 4 - Level 5 (Pass),5,10,ca_hai,,2026,ts.hust.edu.vn de an 2026 (anh quydoi-cccnn-2026.png),https://ts.hust.edu.vn/tin-tuc/thong-tin-tuyen-sinh-dai-hoc-chinh-quy-nam-2026,2026-09-21,vision_extracted,2026.1
PTE Academic,31-38,1,8.0,ca_hai,,2026,ts.hust.edu.vn de an 2026 (anh quydoi-cccnn-2026.png),https://ts.hust.edu.vn/tin-tuc/thong-tin-tuyen-sinh-dai-hoc-chinh-quy-nam-2026,2026-09-21,vision_extracted,2026.1
PTE Academic,39-46,2,8.5,ca_hai,,2026,ts.hust.edu.vn de an 2026 (anh quydoi-cccnn-2026.png),https://ts.hust.edu.vn/tin-tuc/thong-tin-tuyen-sinh-dai-hoc-chinh-quy-nam-2026,2026-09-21,vision_extracted,2026.1
PTE Academic,47-54,3,9.0,ca_hai,,2026,ts.hust.edu.vn de an 2026 (anh quydoi-cccnn-2026.png),https://ts.hust.edu.vn/tin-tuc/thong-tin-tuyen-sinh-dai-hoc-chinh-quy-nam-2026,2026-09-21,vision_extracted,2026.1
PTE Academic,55-62,4,9.5,ca_hai,,2026,ts.hust.edu.vn de an 2026 (anh quydoi-cccnn-2026.png),https://ts.hust.edu.vn/tin-tuc/thong-tin-tuyen-sinh-dai-hoc-chinh-quy-nam-2026,2026-09-21,vision_extracted,2026.1
PTE Academic,63-90,5,10,ca_hai,,2026,ts.hust.edu.vn de an 2026 (anh quydoi-cccnn-2026.png),https://ts.hust.edu.vn/tin-tuc/thong-tin-tuyen-sinh-dai-hoc-chinh-quy-nam-2026,2026-09-21,vision_extracted,2026.1
TCF,200-249,1,8.0,ca_hai,,2026,ts.hust.edu.vn de an 2026 (anh quydoi-cccnn-2026.png),https://ts.hust.edu.vn/tin-tuc/thong-tin-tuyen-sinh-dai-hoc-chinh-quy-nam-2026,2026-09-21,vision_extracted,2026.1
TCF,250-299,2,8.5,ca_hai,,2026,ts.hust.edu.vn de an 2026 (anh quydoi-cccnn-2026.png),https://ts.hust.edu.vn/tin-tuc/thong-tin-tuyen-sinh-dai-hoc-chinh-quy-nam-2026,2026-09-21,vision_extracted,2026.1
TCF,300-349,3,9.0,ca_hai,,2026,ts.hust.edu.vn de an 2026 (anh quydoi-cccnn-2026.png),https://ts.hust.edu.vn/tin-tuc/thong-tin-tuyen-sinh-dai-hoc-chinh-quy-nam-2026,2026-09-21,vision_extracted,2026.1
TCF,350-399,4,9.5,ca_hai,,2026,ts.hust.edu.vn de an 2026 (anh quydoi-cccnn-2026.png),https://ts.hust.edu.vn/tin-tuc/thong-tin-tuyen-sinh-dai-hoc-chinh-quy-nam-2026,2026-09-21,vision_extracted,2026.1
TCF,400-699,5,10,ca_hai,,2026,ts.hust.edu.vn de an 2026 (anh quydoi-cccnn-2026.png),https://ts.hust.edu.vn/tin-tuc/thong-tin-tuyen-sinh-dai-hoc-chinh-quy-nam-2026,2026-09-21,vision_extracted,2026.1
TOEFL ITP,450-499,1,8.0,ca_hai,,2026,ts.hust.edu.vn de an 2026 (anh quydoi-cccnn-2026.png),https://ts.hust.edu.vn/tin-tuc/thong-tin-tuyen-sinh-dai-hoc-chinh-quy-nam-2026,2026-09-21,vision_extracted,2026.1
TOEFL ITP,500-541,2,8.5,ca_hai,,2026,ts.hust.edu.vn de an 2026 (anh quydoi-cccnn-2026.png),https://ts.hust.edu.vn/tin-tuc/thong-tin-tuyen-sinh-dai-hoc-chinh-quy-nam-2026,2026-09-21,vision_extracted,2026.1
TOEFL ITP,542-583,3,9.0,ca_hai,,2026,ts.hust.edu.vn de an 2026 (anh quydoi-cccnn-2026.png),https://ts.hust.edu.vn/tin-tuc/thong-tin-tuyen-sinh-dai-hoc-chinh-quy-nam-2026,2026-09-21,vision_extracted,2026.1
TOEFL ITP,584-626,4,9.5,ca_hai,,2026,ts.hust.edu.vn de an 2026 (anh quydoi-cccnn-2026.png),https://ts.hust.edu.vn/tin-tuc/thong-tin-tuyen-sinh-dai-hoc-chinh-quy-nam-2026,2026-09-21,vision_extracted,2026.1
TOEFL ITP,627-677,5,10,ca_hai,,2026,ts.hust.edu.vn de an 2026 (anh quydoi-cccnn-2026.png),https://ts.hust.edu.vn/tin-tuc/thong-tin-tuyen-sinh-dai-hoc-chinh-quy-nam-2026,2026-09-21,vision_extracted,2026.1
TOEFL iBT,30-45,1,8.0,ca_hai,,2026,ts.hust.edu.vn de an 2026 (anh quydoi-cccnn-2026.png),https://ts.hust.edu.vn/tin-tuc/thong-tin-tuyen-sinh-dai-hoc-chinh-quy-nam-2026,2026-09-21,vision_extracted,2026.1
TOEFL iBT,46-61,2,8.5,ca_hai,,2026,ts.hust.edu.vn de an 2026 (anh quydoi-cccnn-2026.png),https://ts.hust.edu.vn/tin-tuc/thong-tin-tuyen-sinh-dai-hoc-chinh-quy-nam-2026,2026-09-21,vision_extracted,2026.1
TOEFL iBT,62-77,3,9.0,ca_hai,,2026,ts.hust.edu.vn de an 2026 (anh quydoi-cccnn-2026.png),https://ts.hust.edu.vn/tin-tuc/thong-tin-tuyen-sinh-dai-hoc-chinh-quy-nam-2026,2026-09-21,vision_extracted,2026.1
TOEFL iBT,78-93,4,9.5,ca_hai,,2026,ts.hust.edu.vn de an 2026 (anh quydoi-cccnn-2026.png),https://ts.hust.edu.vn/tin-tuc/thong-tin-tuyen-sinh-dai-hoc-chinh-quy-nam-2026,2026-09-21,vision_extracted,2026.1
TOEFL iBT,94-120,5,10,ca_hai,,2026,ts.hust.edu.vn de an 2026 (anh quydoi-cccnn-2026.png),https://ts.hust.edu.vn/tin-tuc/thong-tin-tuyen-sinh-dai-hoc-chinh-quy-nam-2026,2026-09-21,vision_extracted,2026.1
TOEIC Nghe,275-395,1,8.0,ca_hai,"Voi TOEIC, diem thuong va diem quy doi la trung binh cong cua 4 ky nang Nghe, Noi, Doc, Viet",2026,ts.hust.edu.vn de an 2026 (anh quydoi-cccnn-2026.png),https://ts.hust.edu.vn/tin-tuc/thong-tin-tuyen-sinh-dai-hoc-chinh-quy-nam-2026,2026-09-21,vision_extracted,2026.1
TOEIC Nghe,400-428,2,8.5,ca_hai,"Voi TOEIC, diem thuong va diem quy doi la trung binh cong cua 4 ky nang Nghe, Noi, Doc, Viet",2026,ts.hust.edu.vn de an 2026 (anh quydoi-cccnn-2026.png),https://ts.hust.edu.vn/tin-tuc/thong-tin-tuyen-sinh-dai-hoc-chinh-quy-nam-2026,2026-09-21,vision_extracted,2026.1
TOEIC Nghe,429-457,3,9.0,ca_hai,"Voi TOEIC, diem thuong va diem quy doi la trung binh cong cua 4 ky nang Nghe, Noi, Doc, Viet",2026,ts.hust.edu.vn de an 2026 (anh quydoi-cccnn-2026.png),https://ts.hust.edu.vn/tin-tuc/thong-tin-tuyen-sinh-dai-hoc-chinh-quy-nam-2026,2026-09-21,vision_extracted,2026.1
TOEIC Nghe,458-485,4,9.5,ca_hai,"Voi TOEIC, diem thuong va diem quy doi la trung binh cong cua 4 ky nang Nghe, Noi, Doc, Viet",2026,ts.hust.edu.vn de an 2026 (anh quydoi-cccnn-2026.png),https://ts.hust.edu.vn/tin-tuc/thong-tin-tuyen-sinh-dai-hoc-chinh-quy-nam-2026,2026-09-21,vision_extracted,2026.1
TOEIC Nghe,490-495,5,10,ca_hai,"Voi TOEIC, diem thuong va diem quy doi la trung binh cong cua 4 ky nang Nghe, Noi, Doc, Viet",2026,ts.hust.edu.vn de an 2026 (anh quydoi-cccnn-2026.png),https://ts.hust.edu.vn/tin-tuc/thong-tin-tuyen-sinh-dai-hoc-chinh-quy-nam-2026,2026-09-21,vision_extracted,2026.1
TOEIC Nói,120-150,1,8.0,ca_hai,"Voi TOEIC, diem thuong va diem quy doi la trung binh cong cua 4 ky nang Nghe, Noi, Doc, Viet",2026,ts.hust.edu.vn de an 2026 (anh quydoi-cccnn-2026.png),https://ts.hust.edu.vn/tin-tuc/thong-tin-tuyen-sinh-dai-hoc-chinh-quy-nam-2026,2026-09-21,vision_extracted,2026.1
TOEIC Nói,160-163,2,8.5,ca_hai,"Voi TOEIC, diem thuong va diem quy doi la trung binh cong cua 4 ky nang Nghe, Noi, Doc, Viet",2026,ts.hust.edu.vn de an 2026 (anh quydoi-cccnn-2026.png),https://ts.hust.edu.vn/tin-tuc/thong-tin-tuyen-sinh-dai-hoc-chinh-quy-nam-2026,2026-09-21,vision_extracted,2026.1
TOEIC Nói,164-167,3,9.0,ca_hai,"Voi TOEIC, diem thuong va diem quy doi la trung binh cong cua 4 ky nang Nghe, Noi, Doc, Viet",2026,ts.hust.edu.vn de an 2026 (anh quydoi-cccnn-2026.png),https://ts.hust.edu.vn/tin-tuc/thong-tin-tuyen-sinh-dai-hoc-chinh-quy-nam-2026,2026-09-21,vision_extracted,2026.1
TOEIC Nói,168-170,4,9.5,ca_hai,"Voi TOEIC, diem thuong va diem quy doi la trung binh cong cua 4 ky nang Nghe, Noi, Doc, Viet",2026,ts.hust.edu.vn de an 2026 (anh quydoi-cccnn-2026.png),https://ts.hust.edu.vn/tin-tuc/thong-tin-tuyen-sinh-dai-hoc-chinh-quy-nam-2026,2026-09-21,vision_extracted,2026.1
TOEIC Nói,180-200,5,10,ca_hai,"Voi TOEIC, diem thuong va diem quy doi la trung binh cong cua 4 ky nang Nghe, Noi, Doc, Viet",2026,ts.hust.edu.vn de an 2026 (anh quydoi-cccnn-2026.png),https://ts.hust.edu.vn/tin-tuc/thong-tin-tuyen-sinh-dai-hoc-chinh-quy-nam-2026,2026-09-21,vision_extracted,2026.1
TOEIC Viết,120-140,1,8.0,ca_hai,"Voi TOEIC, diem thuong va diem quy doi la trung binh cong cua 4 ky nang Nghe, Noi, Doc, Viet",2026,ts.hust.edu.vn de an 2026 (anh quydoi-cccnn-2026.png),https://ts.hust.edu.vn/tin-tuc/thong-tin-tuyen-sinh-dai-hoc-chinh-quy-nam-2026,2026-09-21,vision_extracted,2026.1
TOEIC Viết,150-156,2,8.5,ca_hai,"Voi TOEIC, diem thuong va diem quy doi la trung binh cong cua 4 ky nang Nghe, Noi, Doc, Viet",2026,ts.hust.edu.vn de an 2026 (anh quydoi-cccnn-2026.png),https://ts.hust.edu.vn/tin-tuc/thong-tin-tuyen-sinh-dai-hoc-chinh-quy-nam-2026,2026-09-21,vision_extracted,2026.1
TOEIC Viết,157-163,3,9.0,ca_hai,"Voi TOEIC, diem thuong va diem quy doi la trung binh cong cua 4 ky nang Nghe, Noi, Doc, Viet",2026,ts.hust.edu.vn de an 2026 (anh quydoi-cccnn-2026.png),https://ts.hust.edu.vn/tin-tuc/thong-tin-tuyen-sinh-dai-hoc-chinh-quy-nam-2026,2026-09-21,vision_extracted,2026.1
TOEIC Viết,164-170,4,9.5,ca_hai,"Voi TOEIC, diem thuong va diem quy doi la trung binh cong cua 4 ky nang Nghe, Noi, Doc, Viet",2026,ts.hust.edu.vn de an 2026 (anh quydoi-cccnn-2026.png),https://ts.hust.edu.vn/tin-tuc/thong-tin-tuyen-sinh-dai-hoc-chinh-quy-nam-2026,2026-09-21,vision_extracted,2026.1
TOEIC Viết,180-200,5,10,ca_hai,"Voi TOEIC, diem thuong va diem quy doi la trung binh cong cua 4 ky nang Nghe, Noi, Doc, Viet",2026,ts.hust.edu.vn de an 2026 (anh quydoi-cccnn-2026.png),https://ts.hust.edu.vn/tin-tuc/thong-tin-tuyen-sinh-dai-hoc-chinh-quy-nam-2026,2026-09-21,vision_extracted,2026.1
TOEIC Đọc,275-380,1,8.0,ca_hai,"Voi TOEIC, diem thuong va diem quy doi la trung binh cong cua 4 ky nang Nghe, Noi, Doc, Viet",2026,ts.hust.edu.vn de an 2026 (anh quydoi-cccnn-2026.png),https://ts.hust.edu.vn/tin-tuc/thong-tin-tuyen-sinh-dai-hoc-chinh-quy-nam-2026,2026-09-21,vision_extracted,2026.1
TOEIC Đọc,385-406,2,8.5,ca_hai,"Voi TOEIC, diem thuong va diem quy doi la trung binh cong cua 4 ky nang Nghe, Noi, Doc, Viet",2026,ts.hust.edu.vn de an 2026 (anh quydoi-cccnn-2026.png),https://ts.hust.edu.vn/tin-tuc/thong-tin-tuyen-sinh-dai-hoc-chinh-quy-nam-2026,2026-09-21,vision_extracted,2026.1
TOEIC Đọc,407-428,3,9.0,ca_hai,"Voi TOEIC, diem thuong va diem quy doi la trung binh cong cua 4 ky nang Nghe, Noi, Doc, Viet",2026,ts.hust.edu.vn de an 2026 (anh quydoi-cccnn-2026.png),https://ts.hust.edu.vn/tin-tuc/thong-tin-tuyen-sinh-dai-hoc-chinh-quy-nam-2026,2026-09-21,vision_extracted,2026.1
TOEIC Đọc,429-450,4,9.5,ca_hai,"Voi TOEIC, diem thuong va diem quy doi la trung binh cong cua 4 ky nang Nghe, Noi, Doc, Viet",2026,ts.hust.edu.vn de an 2026 (anh quydoi-cccnn-2026.png),https://ts.hust.edu.vn/tin-tuc/thong-tin-tuyen-sinh-dai-hoc-chinh-quy-nam-2026,2026-09-21,vision_extracted,2026.1
TOEIC Đọc,455-495,5,10,ca_hai,"Voi TOEIC, diem thuong va diem quy doi la trung binh cong cua 4 ky nang Nghe, Noi, Doc, Viet",2026,ts.hust.edu.vn de an 2026 (anh quydoi-cccnn-2026.png),https://ts.hust.edu.vn/tin-tuc/thong-tin-tuyen-sinh-dai-hoc-chinh-quy-nam-2026,2026-09-21,vision_extracted,2026.1
TOPIK,TOPIK 3 (135-149),1,8.0,ca_hai,,2026,ts.hust.edu.vn de an 2026 (anh quydoi-cccnn-2026.png),https://ts.hust.edu.vn/tin-tuc/thong-tin-tuyen-sinh-dai-hoc-chinh-quy-nam-2026,2026-09-21,vision_extracted,2026.1
TOPIK,TOPIK 4 (150-162),2,8.5,ca_hai,,2026,ts.hust.edu.vn de an 2026 (anh quydoi-cccnn-2026.png),https://ts.hust.edu.vn/tin-tuc/thong-tin-tuyen-sinh-dai-hoc-chinh-quy-nam-2026,2026-09-21,vision_extracted,2026.1
TOPIK,TOPIK 4 (163-175),3,9.0,ca_hai,,2026,ts.hust.edu.vn de an 2026 (anh quydoi-cccnn-2026.png),https://ts.hust.edu.vn/tin-tuc/thong-tin-tuyen-sinh-dai-hoc-chinh-quy-nam-2026,2026-09-21,vision_extracted,2026.1
TOPIK,TOPIK 4 (176-189),4,9.5,ca_hai,,2026,ts.hust.edu.vn de an 2026 (anh quydoi-cccnn-2026.png),https://ts.hust.edu.vn/tin-tuc/thong-tin-tuyen-sinh-dai-hoc-chinh-quy-nam-2026,2026-09-21,vision_extracted,2026.1
TOPIK,TOPIK 5 (190-229) / TOPIK 6 (230-300),5,10,ca_hai,,2026,ts.hust.edu.vn de an 2026 (anh quydoi-cccnn-2026.png),https://ts.hust.edu.vn/tin-tuc/thong-tin-tuyen-sinh-dai-hoc-chinh-quy-nam-2026,2026-09-21,vision_extracted,2026.1
TestDaF,TDN3,4,9.5,ca_hai,,2026,ts.hust.edu.vn de an 2026 (anh quydoi-cccnn-2026.png),https://ts.hust.edu.vn/tin-tuc/thong-tin-tuyen-sinh-dai-hoc-chinh-quy-nam-2026,2026-09-21,vision_extracted,2026.1
TestDaF,TDN4/TDN5,5,10,ca_hai,,2026,ts.hust.edu.vn de an 2026 (anh quydoi-cccnn-2026.png),https://ts.hust.edu.vn/tin-tuc/thong-tin-tuyen-sinh-dai-hoc-chinh-quy-nam-2026,2026-09-21,vision_extracted,2026.1
VSTEP,5.5,1,8.0,ca_hai,,2026,ts.hust.edu.vn de an 2026 (anh quydoi-cccnn-2026.png),https://ts.hust.edu.vn/tin-tuc/thong-tin-tuyen-sinh-dai-hoc-chinh-quy-nam-2026,2026-09-21,vision_extracted,2026.1
VSTEP,6.0-6.5,2,8.5,ca_hai,,2026,ts.hust.edu.vn de an 2026 (anh quydoi-cccnn-2026.png),https://ts.hust.edu.vn/tin-tuc/thong-tin-tuyen-sinh-dai-hoc-chinh-quy-nam-2026,2026-09-21,vision_extracted,2026.1
VSTEP,7.0-7.5,3,9.0,ca_hai,,2026,ts.hust.edu.vn de an 2026 (anh quydoi-cccnn-2026.png),https://ts.hust.edu.vn/tin-tuc/thong-tin-tuyen-sinh-dai-hoc-chinh-quy-nam-2026,2026-09-21,vision_extracted,2026.1
VSTEP,8.0,4,9.5,ca_hai,,2026,ts.hust.edu.vn de an 2026 (anh quydoi-cccnn-2026.png),https://ts.hust.edu.vn/tin-tuc/thong-tin-tuyen-sinh-dai-hoc-chinh-quy-nam-2026,2026-09-21,vision_extracted,2026.1
VSTEP,8.5-10,5,10,ca_hai,,2026,ts.hust.edu.vn de an 2026 (anh quydoi-cccnn-2026.png),https://ts.hust.edu.vn/tin-tuc/thong-tin-tuyen-sinh-dai-hoc-chinh-quy-nam-2026,2026-09-21,vision_extracted,2026.1
