certificate,cert_value,cefr_level,knlnn_vn_level,year,source,source_url,collection_date,verification_status,dataset_version
IELTS Academic,"5,0",B1,Bậc 3,2025,ts.hust.edu.vn de an 2025 (anh image_2b.png),https://ts.hust.edu.vn/tin-tuc/dhbk-ha-noi-cong-bo-phuong-an-tuyen-sinh-dai-hoc-chinh-quy-nam-2025,2026-09-21,vision_extracted,2026.1
VSTEP,5.5,B1,Bậc 3,2025,ts.hust.edu.vn de an 2025 (anh image_2b.png),https://ts.hust.edu.vn/tin-tuc/dhbk-ha-noi-cong-bo-phuong-an-tuyen-sinh-dai-hoc-chinh-quy-nam-2025,2026-09-21,vision_extracted,2026.1
Aptis ESOL,B1,B1,Bậc 3,2025,ts.hust.edu.vn de an 2025 (anh image_2b.png),https://ts.hust.edu.vn/tin-tuc/dhbk-ha-noi-cong-bo-phuong-an-tuyen-sinh-dai-hoc-chinh-quy-nam-2025,2026-09-21,vision_extracted,2026.1
PEIC,Level 2,B1,Bậc 3,2025,ts.hust.edu.vn de an 2025 (anh image_2b.png),https://ts.hust.edu.vn/tin-tuc/dhbk-ha-noi-cong-bo-phuong-an-tuyen-sinh-dai-hoc-chinh-quy-nam-2025,2026-09-21,vision_extracted,2026.1
PTE Academic,43-58,B1,Bậc 3,2025,ts.hust.edu.vn de an 2025 (anh image_2b.png),https://ts.hust.edu.vn/tin-tuc/dhbk-ha-noi-cong-bo-phuong-an-tuyen-sinh-dai-hoc-chinh-quy-nam-2025,2026-09-21,vision_extracted,2026.1
Linguaskill,140-159,B1,Bậc 3,2025,ts.hust.edu.vn de an 2025 (anh image_2b.png),https://ts.hust.edu.vn/tin-tuc/dhbk-ha-noi-cong-bo-phuong-an-tuyen-sinh-dai-hoc-chinh-quy-nam-2025,2026-09-21,vision_extracted,2026.1
Cambridge Assessment English,B1 Preliminary/B1 Business Preliminary,B1,Bậc 3,2025,ts.hust.edu.vn de an 2025 (anh image_2b.png),https://ts.hust.edu.vn/tin-tuc/dhbk-ha-noi-cong-bo-phuong-an-tuyen-sinh-dai-hoc-chinh-quy-nam-2025,2026-09-21,vision_extracted,2026.1
Cambridge English Tests,PET (140-159),B1,Bậc 3,2025,ts.hust.edu.vn de an 2025 (anh image_2b.png),https://ts.hust.edu.vn/tin-tuc/dhbk-ha-noi-cong-bo-phuong-an-tuyen-sinh-dai-hoc-chinh-quy-nam-2025,2026-09-21,vision_extracted,2026.1
TOEIC Nghe,275-395,B1,Bậc 3,2025,ts.hust.edu.vn de an 2025 (anh image_2b.png),https://ts.hust.edu.vn/tin-tuc/dhbk-ha-noi-cong-bo-phuong-an-tuyen-sinh-dai-hoc-chinh-quy-nam-2025,2026-09-21,vision_extracted,2026.1
TOEIC Đọc,275-380,B1,Bậc 3,2025,ts.hust.edu.vn de an 2025 (anh image_2b.png),https://ts.hust.edu.vn/tin-tuc/dhbk-ha-noi-cong-bo-phuong-an-tuyen-sinh-dai-hoc-chinh-quy-nam-2025,2026-09-21,vision_extracted,2026.1
TOEIC Nói,120-150,B1,Bậc 3,2025,ts.hust.edu.vn de an 2025 (anh image_2b.png),https://ts.hust.edu.vn/tin-tuc/dhbk-ha-noi-cong-bo-phuong-an-tuyen-sinh-dai-hoc-chinh-quy-nam-2025,2026-09-21,vision_extracted,2026.1
TOEIC Viết,120-140,B1,Bậc 3,2025,ts.hust.edu.vn de an 2025 (anh image_2b.png),https://ts.hust.edu.vn/tin-tuc/dhbk-ha-noi-cong-bo-phuong-an-tuyen-sinh-dai-hoc-chinh-quy-nam-2025,2026-09-21,vision_extracted,2026.1
TOEFL iBT,30-45,B1,Bậc 3,2025,ts.hust.edu.vn de an 2025 (anh image_2b.png),https://ts.hust.edu.vn/tin-tuc/dhbk-ha-noi-cong-bo-phuong-an-tuyen-sinh-dai-hoc-chinh-quy-nam-2025,2026-09-21,vision_extracted,2026.1
TOEFL ITP,450-499,B1,Bậc 3,2025,ts.hust.edu.vn de an 2025 (anh image_2b.png),https://ts.hust.edu.vn/tin-tuc/dhbk-ha-noi-cong-bo-phuong-an-tuyen-sinh-dai-hoc-chinh-quy-nam-2025,2026-09-21,vision_extracted,2026.1
IELTS Academic,"5,5 - 6,5",B2,Bậc 4,2025,ts.hust.edu.vn de an 2025 (anh image_2b.png),https://ts.hust.edu.vn/tin-tuc/dhbk-ha-noi-cong-bo-phuong-an-tuyen-sinh-dai-hoc-chinh-quy-nam-2025,2026-09-21,vision_extracted,2026.1
VSTEP,6.0-6.5 / 7.0-7.5 / 8.0,B2,Bậc 4,2025,ts.hust.edu.vn de an 2025 (anh image_2b.png),https://ts.hust.edu.vn/tin-tuc/dhbk-ha-noi-cong-bo-phuong-an-tuyen-sinh-dai-hoc-chinh-quy-nam-2025,2026-09-21,vision_extracted,2026.1
Aptis ESOL,B2,B2,Bậc 4,2025,ts.hust.edu.vn de an 2025 (anh image_2b.png),https://ts.hust.edu.vn/tin-tuc/dhbk-ha-noi-cong-bo-phuong-an-tuyen-sinh-dai-hoc-chinh-quy-nam-2025,2026-09-21,vision_extracted,2026.1
PEIC,Level 3,B2,Bậc 4,2025,ts.hust.edu.vn de an 2025 (anh image_2b.png),https://ts.hust.edu.vn/tin-tuc/dhbk-ha-noi-cong-bo-phuong-an-tuyen-sinh-dai-hoc-chinh-quy-nam-2025,2026-09-21,vision_extracted,2026.1
PTE Academic,59-75,B2,Bậc 4,2025,ts.hust.edu.vn de an 2025 (anh image_2b.png),https://ts.hust.edu.vn/tin-tuc/dhbk-ha-noi-cong-bo-phuong-an-tuyen-sinh-dai-hoc-chinh-quy-nam-2025,2026-09-21,vision_extracted,2026.1
Linguaskill,160-179,B2,Bậc 4,2025,ts.hust.edu.vn de an 2025 (anh image_2b.png),https://ts.hust.edu.vn/tin-tuc/dhbk-ha-noi-cong-bo-phuong-an-tuyen-sinh-dai-hoc-chinh-quy-nam-2025,2026-09-21,vision_extracted,2026.1
Cambridge Assessment English,B2 First/B2 Business Vantage,B2,Bậc 4,2025,ts.hust.edu.vn de an 2025 (anh image_2b.png),https://ts.hust.edu.vn/tin-tuc/dhbk-ha-noi-cong-bo-phuong-an-tuyen-sinh-dai-hoc-chinh-quy-nam-2025,2026-09-21,vision_extracted,2026.1
Cambridge English Tests,FCE (160-179),B2,Bậc 4,2025,ts.hust.edu.vn de an 2025 (anh image_2b.png),https://ts.hust.edu.vn/tin-tuc/dhbk-ha-noi-cong-bo-phuong-an-tuyen-sinh-dai-hoc-chinh-quy-nam-2025,2026-09-21,vision_extracted,2026.1
TOEIC Nghe,400-485,B2,Bậc 4,2025,ts.hust.edu.vn de an 2025 (anh image_2b.png),https://ts.hust.edu.vn/tin-tuc/dhbk-ha-noi-cong-bo-phuong-an-tuyen-sinh-dai-hoc-chinh-quy-nam-2025,2026-09-21,vision_extracted,2026.1
TOEIC Đọc,385-450,B2,Bậc 4,2025,ts.hust.edu.vn de an 2025 (anh image_2b.png),https://ts.hust.edu.vn/tin-tuc/dhbk-ha-noi-cong-bo-phuong-an-tuyen-sinh-dai-hoc-chinh-quy-nam-2025,2026-09-21,vision_extracted,2026.1
TOEIC Nói,160-170,B2,Bậc 4,2025,ts.hust.edu.vn de an 2025 (anh image_2b.png),https://ts.hust.edu.vn/tin-tuc/dhbk-ha-noi-cong-bo-phuong-an-tuyen-sinh-dai-hoc-chinh-quy-nam-2025,2026-09-21,vision_extracted,2026.1
TOEIC Viết,150-170,B2,Bậc 4,2025,ts.hust.edu.vn de an 2025 (anh image_2b.png),https://ts.hust.edu.vn/tin-tuc/dhbk-ha-noi-cong-bo-phuong-an-tuyen-sinh-dai-hoc-chinh-quy-nam-2025,2026-09-21,vision_extracted,2026.1
TOEFL iBT,46-93,B2,Bậc 4,2025,ts.hust.edu.vn de an 2025 (anh image_2b.png),https://ts.hust.edu.vn/tin-tuc/dhbk-ha-noi-cong-bo-phuong-an-tuyen-sinh-dai-hoc-chinh-quy-nam-2025,2026-09-21,vision_extracted,2026.1
IELTS Academic,"7,0 - 8,0",C1,Bậc 5,2025,ts.hust.edu.vn de an 2025 (anh image_2b.png),https://ts.hust.edu.vn/tin-tuc/dhbk-ha-noi-cong-bo-phuong-an-tuyen-sinh-dai-hoc-chinh-quy-nam-2025,2026-09-21,vision_extracted,2026.1
VSTEP,8.5 / 9.0 / 9.5-10,C1,Bậc 5,2025,ts.hust.edu.vn de an 2025 (anh image_2b.png),https://ts.hust.edu.vn/tin-tuc/dhbk-ha-noi-cong-bo-phuong-an-tuyen-sinh-dai-hoc-chinh-quy-nam-2025,2026-09-21,vision_extracted,2026.1
Aptis ESOL,C1,C1,Bậc 5,2025,ts.hust.edu.vn de an 2025 (anh image_2b.png),https://ts.hust.edu.vn/tin-tuc/dhbk-ha-noi-cong-bo-phuong-an-tuyen-sinh-dai-hoc-chinh-quy-nam-2025,2026-09-21,vision_extracted,2026.1
PEIC,Level 4,C1,Bậc 5,2025,ts.hust.edu.vn de an 2025 (anh image_2b.png),https://ts.hust.edu.vn/tin-tuc/dhbk-ha-noi-cong-bo-phuong-an-tuyen-sinh-dai-hoc-chinh-quy-nam-2025,2026-09-21,vision_extracted,2026.1
PTE Academic,76-84,C1,Bậc 5,2025,ts.hust.edu.vn de an 2025 (anh image_2b.png),https://ts.hust.edu.vn/tin-tuc/dhbk-ha-noi-cong-bo-phuong-an-tuyen-sinh-dai-hoc-chinh-quy-nam-2025,2026-09-21,vision_extracted,2026.1
Linguaskill,>180,C1,Bậc 5,2025,ts.hust.edu.vn de an 2025 (anh image_2b.png),https://ts.hust.edu.vn/tin-tuc/dhbk-ha-noi-cong-bo-phuong-an-tuyen-sinh-dai-hoc-chinh-quy-nam-2025,2026-09-21,vision_extracted,2026.1
Cambridge Assessment English,C1 Advanced/C1 Business Higher,C1,Bậc 5,2025,ts.hust.edu.vn de an 2025 (anh image_2b.png),https://ts.hust.edu.vn/tin-tuc/dhbk-ha-noi-cong-bo-phuong-an-tuyen-sinh-dai-hoc-chinh-quy-nam-2025,2026-09-21,vision_extracted,2026.1
Cambridge English Tests,CAE (180-199),C1,Bậc 5,2025,ts.hust.edu.vn de an 2025 (anh image_2b.png),https://ts.hust.edu.vn/tin-tuc/dhbk-ha-noi-cong-bo-phuong-an-tuyen-sinh-dai-hoc-chinh-quy-nam-2025,2026-09-21,vision_extracted,2026.1
TOEIC Nghe,490,C1,Bậc 5,2025,ts.hust.edu.vn de an 2025 (anh image_2b.png),https://ts.hust.edu.vn/tin-tuc/dhbk-ha-noi-cong-bo-phuong-an-tuyen-sinh-dai-hoc-chinh-quy-nam-2025,2026-09-21,vision_extracted,2026.1
TOEIC Đọc,455,C1,Bậc 5,2025,ts.hust.edu.vn de an 2025 (anh image_2b.png),https://ts.hust.edu.vn/tin-tuc/dhbk-ha-noi-cong-bo-phuong-an-tuyen-sinh-dai-hoc-chinh-quy-nam-2025,2026-09-21,vision_extracted,2026.1
TOEIC Nói,180-200,C1,Bậc 5,2025,ts.hust.edu.vn de an 2025 (anh image_2b.png),https://ts.hust.edu.vn/tin-tuc/dhbk-ha-noi-cong-bo-phuong-an-tuyen-sinh-dai-hoc-chinh-quy-nam-2025,2026-09-21,vision_extracted,2026.1
TOEIC Viết,180-200,C1,Bậc 5,2025,ts.hust.edu.vn de an 2025 (anh image_2b.png),https://ts.hust.edu.vn/tin-tuc/dhbk-ha-noi-cong-bo-phuong-an-tuyen-sinh-dai-hoc-chinh-quy-nam-2025,2026-09-21,vision_extracted,2026.1
TOEFL iBT,94-114,C1,Bậc 5,2025,ts.hust.edu.vn de an 2025 (anh image_2b.png),https://ts.hust.edu.vn/tin-tuc/dhbk-ha-noi-cong-bo-phuong-an-tuyen-sinh-dai-hoc-chinh-quy-nam-2025,2026-09-21,vision_extracted,2026.1
IELTS Academic,"8,5 - 9,0",C2,Bậc 6,2025,ts.hust.edu.vn de an 2025 (anh image_2b.png),https://ts.hust.edu.vn/tin-tuc/dhbk-ha-noi-cong-bo-phuong-an-tuyen-sinh-dai-hoc-chinh-quy-nam-2025,2026-09-21,vision_extracted,2026.1
Aptis ESOL,C2,C2,Bậc 6,2025,ts.hust.edu.vn de an 2025 (anh image_2b.png),https://ts.hust.edu.vn/tin-tuc/dhbk-ha-noi-cong-bo-phuong-an-tuyen-sinh-dai-hoc-chinh-quy-nam-2025,2026-09-21,vision_extracted,2026.1
PEIC,Level 5,C2,Bậc 6,2025,ts.hust.edu.vn de an 2025 (anh image_2b.png),https://ts.hust.edu.vn/tin-tuc/dhbk-ha-noi-cong-bo-phuong-an-tuyen-sinh-dai-hoc-chinh-quy-nam-2025,2026-09-21,vision_extracted,2026.1
PTE Academic,85-90,C2,Bậc 6,2025,ts.hust.edu.vn de an 2025 (anh image_2b.png),https://ts.hust.edu.vn/tin-tuc/dhbk-ha-noi-cong-bo-phuong-an-tuyen-sinh-dai-hoc-chinh-quy-nam-2025,2026-09-21,vision_extracted,2026.1
Cambridge Assessment English,C2 Proficiency,C2,Bậc 6,2025,ts.hust.edu.vn de an 2025 (anh image_2b.png),https://ts.hust.edu.vn/tin-tuc/dhbk-ha-noi-cong-bo-phuong-an-tuyen-sinh-dai-hoc-chinh-quy-nam-2025,2026-09-21,vision_extracted,2026.1
Cambridge English Tests,CPE (200-230),C2,Bậc 6,2025,ts.hust.edu.vn de an 2025 (anh image_2b.png),https://ts.hust.edu.vn/tin-tuc/dhbk-ha-noi-cong-bo-phuong-an-tuyen-sinh-dai-hoc-chinh-quy-nam-2025,2026-09-21,vision_extracted,2026.1
TOEFL iBT,115-120,C2,Bậc 6,2025,ts.hust.edu.vn de an 2025 (anh image_2b.png),https://ts.hust.edu.vn/tin-tuc/dhbk-ha-noi-cong-bo-phuong-an-tuyen-sinh-dai-hoc-chinh-quy-nam-2025,2026-09-21,vision_extracted,2026.1
