program_group,req_id,cohort,min_level_group,main_language,degree_level,requirement,equivalence_table,note,year,source,source_url,collection_date,verification_status,dataset_version
CTĐT chuẩn (trừ nhóm ngành ngôn ngữ),nn2026-chuan,K71+,Bậc 3,Tiếng Anh,Cử nhân,Có chứng chỉ tiếng Anh quy đổi tương đương từ Bậc 3 trở lên,Bảng 2.1 - Phụ lục II,Bậc 3 ≈ B1; tương đương IELTS 4.0-5.5 hoặc TOEIC 4 kỹ năng Nghe 275-395 / Đọc 275-380,2026,Quy định ngoại ngữ K71 - 10828/QĐ-ĐHBK ngày 07/9/2026 - Phụ lục III Bảng 3.2,https://ctt.hust.edu.vn/DisplayWeb/DisplayBaiViet?baiviet=51634,2026-09-24,pdf_text,2026.1
CTĐT tài năng tích hợp Cử nhân - Thạc sĩ,nn2026-tainang,K71+,Bậc 4,Tiếng Anh,Cử nhân - Thạc sĩ,Đáp ứng đồng thời: (a) chứng chỉ tiếng Anh từ Bậc 4 trở lên; (b) chuẩn đầu ra ngoại ngữ theo Chuẩn CTĐT kỹ sư/thạc sĩ tài năng lĩnh vực STEM do Bộ GD&ĐT ban hành,Bảng 2.1 - Phụ lục II,Bậc 4 ≈ B2; tương đương IELTS 5.5-6.5,2026,Quy định ngoại ngữ K71 - 10828/QĐ-ĐHBK - Phụ lục III Bảng 3.2,https://ctt.hust.edu.vn/DisplayWeb/DisplayBaiViet?baiviet=51634,2026-09-24,pdf_text,2026.1
Chương trình tiên tiến ELITECH tăng cường ngoại ngữ và CTĐT hợp tác quốc tế,nn2026-elitech-htqt,K71+,Bậc 4,Tiếng Anh,Cử nhân,Có chứng chỉ tiếng Anh quy đổi tương đương từ Bậc 4 trở lên,Bảng 2.1 - Phụ lục II,Cao hơn CTĐT chuẩn một bậc,2026,Quy định ngoại ngữ K71 - 10828/QĐ-ĐHBK - Phụ lục IV,https://ctt.hust.edu.vn/DisplayWeb/DisplayBaiViet?baiviet=51634,2026-09-24,pdf_text,2026.1
CTĐT hợp tác với Đại học TROY (Hoa Kỳ),nn2026-troy-daukhoa,K71+,Bậc 4,Tiếng Anh,Đầu khóa học,Có chứng chỉ tiếng Anh VSTEP trình độ B2 trở lên hoặc chứng chỉ tương đương,Bảng 2.1 - Phụ lục II,"Đây là yêu cầu ĐẦU KHÓA, không phải chuẩn đầu ra — TROY-IT xét riêng ở Bảng 4.3",2026,Quy định ngoại ngữ K71 - 10828/QĐ-ĐHBK - Phụ lục IV Bảng 4.3,https://ctt.hust.edu.vn/DisplayWeb/DisplayBaiViet?baiviet=51634,2026-09-24,pdf_text,2026.1
CTĐT Việt - Pháp PFIEV,nn2026-pfiev-cunhan,K71+,,Tiếng Pháp,Cử nhân,Đạt trình độ tối thiểu DELF B1 hoặc tương đương,Bảng 5.3,DELF B1 ≈ TCF 300-399,2026,Quy định ngoại ngữ K71 - 10828/QĐ-ĐHBK - Phụ lục V Bảng 5.2,https://ctt.hust.edu.vn/DisplayWeb/DisplayBaiViet?baiviet=51634,2026-09-24,pdf_text,2026.1
CTĐT Việt - Pháp PFIEV,nn2026-pfiev-kysu,K71+,Bậc 4,Tiếng Pháp,Kỹ sư chuyên sâu,Đạt tối thiểu DELF B2 hoặc tương đương; HOẶC chứng chỉ tiếng Anh từ Bậc 4 trở lên,Bảng 5.3 / Phụ lục II,Cho phép thay tiếng Pháp B2 bằng tiếng Anh Bậc 4,2026,Quy định ngoại ngữ K71 - 10828/QĐ-ĐHBK - Phụ lục V Bảng 5.2,https://ctt.hust.edu.vn/DisplayWeb/DisplayBaiViet?baiviet=51634,2026-09-24,pdf_text,2026.1
CTĐT Việt - Pháp PFIEV,nn2026-pfiev-phuluc-phap,K71+,,Tiếng Pháp,Phụ lục văn bằng kỹ sư phía Pháp,Đạt tối thiểu DELF B1 (hoặc tương đương) VÀ chứng chỉ TOEIC quốc tế tổng hai kỹ năng Nghe & Đọc từ 600 điểm trở lên,Bảng 5.3,"Đây là chỗ duy nhất trong quy định còn dùng TOEIC 2 kỹ năng; yêu cầu của phía Pháp, không phải của HUST",2026,Quy định ngoại ngữ K71 - 10828/QĐ-ĐHBK - Phụ lục V Bảng 5.2,https://ctt.hust.edu.vn/DisplayWeb/DisplayBaiViet?baiviet=51634,2026-09-24,pdf_text,2026.1
CTĐT Công nghệ thông tin Việt - Pháp (IT-EP),nn2026-it-ep,K71+,,Tiếng Pháp,Cử nhân,Đạt trình độ tối thiểu DELF B1 hoặc tương đương,Bảng 5.3,"Bảng 5.2 có 2 cột (PFIEV | CNTT Việt-Pháp); cột CNTT ghi ""Không có"" ở 2 dòng kỹ sư — nên soát lại bản in để chắc dòng cử nhân áp dụng cho cả 2 cột",2026,Quy định ngoại ngữ K71 - 10828/QĐ-ĐHBK - Phụ lục V Bảng 5.2,https://ctt.hust.edu.vn/DisplayWeb/DisplayBaiViet?baiviet=51634,2026-09-24,pdf_text,2026.1
CTĐT có ngoại ngữ chính là tiếng Đức,nn2026-tiengduc,K71+,,Tiếng Đức,Cử nhân,Có chứng chỉ Goethe-Zertifikat từ B1 trở lên (hoặc tương đương theo Bảng 6.2); HOẶC đạt toàn bộ học phần FLG1001 FLG1002 FLG1003 FLG1004,Bảng 6.2,Áp dụng cho các CTĐT hợp tác với Đức (ET-LUH ME-LUH),2026,Quy định ngoại ngữ K71 - 10828/QĐ-ĐHBK - Phụ lục VI,https://ctt.hust.edu.vn/DisplayWeb/DisplayBaiViet?baiviet=51634,2026-09-24,pdf_text,2026.1
CTĐT có ngoại ngữ chính là tiếng Nhật,nn2026-tiengnhat,K71+,,Tiếng Nhật,Cử nhân,Có chứng chỉ JLPT từ N3 trở lên; HOẶC đạt toàn bộ học phần QT0112 FLJ1002 FLJ1003 FLJ1004,Bảng 7.x,Áp dụng cho CTĐT Việt - Nhật và hợp tác Nhật Bản (IT-E6 ME-NUT),2026,Quy định ngoại ngữ K71 - 10828/QĐ-ĐHBK - Phụ lục VII,https://ctt.hust.edu.vn/DisplayWeb/DisplayBaiViet?baiviet=51634,2026-09-24,pdf_text,2026.1
Nhóm ngành ngôn ngữ - Tiếng Anh KHKT và Công nghệ (FL1),nn2026-fl1,K71+,Bậc 5,Tiếng Anh,Cử nhân,Ngoại ngữ 1 (Tiếng Anh) tối thiểu Bậc 5 theo KNLNN 6 bậc; Ngoại ngữ 2 tối thiểu Bậc 3,Bảng 2.1 - Phụ lục II,Bậc 5 ≈ C1 - cao nhất trong toàn bộ các CTĐT,2026,Quy định ngoại ngữ K71 - 10828/QĐ-ĐHBK - Phụ lục VIII,https://ctt.hust.edu.vn/DisplayWeb/DisplayBaiViet?baiviet=51634,2026-09-24,pdf_text,2026.1
Nhóm ngành ngôn ngữ - Tiếng Anh chuyên nghiệp quốc tế (FL2),nn2026-fl2,K71+,Bậc 5,Tiếng Anh,Cử nhân,Ngoại ngữ 1 (Tiếng Anh) tối thiểu Bậc 5; Ngoại ngữ 2 tối thiểu Bậc 3,Bảng 2.1 - Phụ lục II,Bậc 5 ≈ C1,2026,Quy định ngoại ngữ K71 - 10828/QĐ-ĐHBK - Phụ lục VIII,https://ctt.hust.edu.vn/DisplayWeb/DisplayBaiViet?baiviet=51634,2026-09-24,pdf_text,2026.1
Nhóm ngành ngôn ngữ - Tiếng Trung Khoa học và Công nghệ (FL3),nn2026-fl3,K71+,,Tiếng Trung,Cử nhân,Ngoại ngữ 1 (Tiếng Trung Quốc) tối thiểu Bậc 5; Ngoại ngữ 2 tối thiểu Bậc 3,Bảng xếp bậc HSK/HSKK - Phụ lục VIII,Bậc 5 ≈ HSK5 kèm HSKK cao cấp,2026,Quy định ngoại ngữ K71 - 10828/QĐ-ĐHBK - Phụ lục VIII,https://ctt.hust.edu.vn/DisplayWeb/DisplayBaiViet?baiviet=51634,2026-09-24,pdf_text,2026.1
Nhóm ngành ngôn ngữ - Tiếng Hàn Khoa học và Công nghệ (FL4),nn2026-fl4,K71+,,Tiếng Hàn,Cử nhân,Ngoại ngữ 1 (Tiếng Hàn Quốc) tối thiểu Bậc 5; Ngoại ngữ 2 tối thiểu Bậc 3,Bảng xếp bậc TOPIK - Phụ lục VIII,Ngành mới mở 2026,2026,Quy định ngoại ngữ K71 - 10828/QĐ-ĐHBK - Phụ lục VIII,https://ctt.hust.edu.vn/DisplayWeb/DisplayBaiViet?baiviet=51634,2026-09-24,pdf_text,2026.1
