program_code,program_name,faculty_name,year,source,source_url,collection_date,verification_status,dataset_version
IT-E10,Khoa học dữ liệu và Trí tuệ nhân tạo (CT tiên tiến),Trường CNTT&TT,2026,data/raw/admission/ma_nganh_truong.md,https://ts.hust.edu.vn/tin-tuc/thong-tin-tuyen-sinh-dai-hoc-chinh-quy-nam-2026,2026-09-21,html_parsed,2026.1
IT1,CNTT: Khoa học Máy tính,Trường CNTT&TT,2026,data/raw/admission/ma_nganh_truong.md,https://ts.hust.edu.vn/tin-tuc/thong-tin-tuyen-sinh-dai-hoc-chinh-quy-nam-2026,2026-09-21,html_parsed,2026.1
IT-E15,An toàn không gian số - Cyber Security (CT Tiên tiến),Trường CNTT&TT,2026,data/raw/admission/ma_nganh_truong.md,https://ts.hust.edu.vn/tin-tuc/thong-tin-tuyen-sinh-dai-hoc-chinh-quy-nam-2026,2026-09-21,html_parsed,2026.1
IT2,CNTT: Kỹ thuật Máy tính,Trường CNTT&TT,2026,data/raw/admission/ma_nganh_truong.md,https://ts.hust.edu.vn/tin-tuc/thong-tin-tuyen-sinh-dai-hoc-chinh-quy-nam-2026,2026-09-21,html_parsed,2026.1
IT-E7,Công nghệ thông tin (Global ICT),Trường CNTT&TT,2026,data/raw/admission/ma_nganh_truong.md,https://ts.hust.edu.vn/tin-tuc/thong-tin-tuyen-sinh-dai-hoc-chinh-quy-nam-2026,2026-09-21,html_parsed,2026.1
IT-EP,Công nghệ thông tin (Việt - Pháp),Trường CNTT&TT,2026,data/raw/admission/ma_nganh_truong.md,https://ts.hust.edu.vn/tin-tuc/thong-tin-tuyen-sinh-dai-hoc-chinh-quy-nam-2026,2026-09-21,html_parsed,2026.1
IT-E6,Công nghệ thông tin (Việt - Nhật),Trường CNTT&TT,2026,data/raw/admission/ma_nganh_truong.md,https://ts.hust.edu.vn/tin-tuc/thong-tin-tuyen-sinh-dai-hoc-chinh-quy-nam-2026,2026-09-21,html_parsed,2026.1
EE2,Kỹ thuật Điều khiển - Tự động hoá,Trường Điện - Điện tử,2026,data/raw/admission/ma_nganh_truong.md,https://ts.hust.edu.vn/tin-tuc/thong-tin-tuyen-sinh-dai-hoc-chinh-quy-nam-2026,2026-09-21,html_parsed,2026.1
EE-E8,Kỹ thuật Điều khiển - Tự động hoá (CT tiên tiến),Trường Điện - Điện tử,2026,data/raw/admission/ma_nganh_truong.md,https://ts.hust.edu.vn/tin-tuc/thong-tin-tuyen-sinh-dai-hoc-chinh-quy-nam-2026,2026-09-21,html_parsed,2026.1
ET1,Kỹ thuật Điện tử - Viễn thông,Trường Điện - Điện tử,2026,data/raw/admission/ma_nganh_truong.md,https://ts.hust.edu.vn/tin-tuc/thong-tin-tuyen-sinh-dai-hoc-chinh-quy-nam-2026,2026-09-21,html_parsed,2026.1
ET-E9,Hệ thống nhúng thông minh và IoT (CT tiên tiến),Trường Điện - Điện tử,2026,data/raw/admission/ma_nganh_truong.md,https://ts.hust.edu.vn/tin-tuc/thong-tin-tuyen-sinh-dai-hoc-chinh-quy-nam-2026,2026-09-21,html_parsed,2026.1
EE1,Kỹ thuật Điện,Trường Điện - Điện tử,2026,data/raw/admission/ma_nganh_truong.md,https://ts.hust.edu.vn/tin-tuc/thong-tin-tuyen-sinh-dai-hoc-chinh-quy-nam-2026,2026-09-21,html_parsed,2026.1
ET-E4,Kỹ thuật Điện tử - Viễn thông (CT tiên tiến),Trường Điện - Điện tử,2026,data/raw/admission/ma_nganh_truong.md,https://ts.hust.edu.vn/tin-tuc/thong-tin-tuyen-sinh-dai-hoc-chinh-quy-nam-2026,2026-09-21,html_parsed,2026.1
EE-EP,Tin học công nghiệp và Tự động hóa (Chương trình Việt - Pháp PFIEV),Trường Điện - Điện tử,2026,data/raw/admission/ma_nganh_truong.md,https://ts.hust.edu.vn/tin-tuc/thong-tin-tuyen-sinh-dai-hoc-chinh-quy-nam-2026,2026-09-21,html_parsed,2026.1
ET-E16,Truyền thông số và Kỹ thuật đa phương tiện (CT tiên tiến),Trường Điện - Điện tử,2026,data/raw/admission/ma_nganh_truong.md,https://ts.hust.edu.vn/tin-tuc/thong-tin-tuyen-sinh-dai-hoc-chinh-quy-nam-2026,2026-09-21,html_parsed,2026.1
ET-LUH,Điện tử - Viễn thông - hợp tác với ĐH Leibniz Hannover (Đức),Trường Điện - Điện tử,2026,data/raw/admission/ma_nganh_truong.md,https://ts.hust.edu.vn/tin-tuc/thong-tin-tuyen-sinh-dai-hoc-chinh-quy-nam-2026,2026-09-21,html_parsed,2026.1
EE-E18,Hệ thống điện và năng lượng tái tạo (CT tiên tiến),Trường Điện - Điện tử,2026,data/raw/admission/ma_nganh_truong.md,https://ts.hust.edu.vn/tin-tuc/thong-tin-tuyen-sinh-dai-hoc-chinh-quy-nam-2026,2026-09-21,html_parsed,2026.1
ET2,Kỹ thuật Y sinh,Trường Điện - Điện tử,2026,data/raw/admission/ma_nganh_truong.md,https://ts.hust.edu.vn/tin-tuc/thong-tin-tuyen-sinh-dai-hoc-chinh-quy-nam-2026,2026-09-21,html_parsed,2026.1
ET-E5,Kỹ thuật Y sinh (CT tiên tiến),Trường Điện - Điện tử,2026,data/raw/admission/ma_nganh_truong.md,https://ts.hust.edu.vn/tin-tuc/thong-tin-tuyen-sinh-dai-hoc-chinh-quy-nam-2026,2026-09-21,html_parsed,2026.1
ME1,Kỹ thuật Cơ điện tử,Trường Cơ khí,2026,data/raw/admission/ma_nganh_truong.md,https://ts.hust.edu.vn/tin-tuc/thong-tin-tuyen-sinh-dai-hoc-chinh-quy-nam-2026,2026-09-21,html_parsed,2026.1
ME-E1,Kỹ thuật Cơ điện tử (CT tiên tiến),Trường Cơ khí,2026,data/raw/admission/ma_nganh_truong.md,https://ts.hust.edu.vn/tin-tuc/thong-tin-tuyen-sinh-dai-hoc-chinh-quy-nam-2026,2026-09-21,html_parsed,2026.1
ME2,Kỹ thuật Cơ khí,Trường Cơ khí,2026,data/raw/admission/ma_nganh_truong.md,https://ts.hust.edu.vn/tin-tuc/thong-tin-tuyen-sinh-dai-hoc-chinh-quy-nam-2026,2026-09-21,html_parsed,2026.1
TE3,Kỹ thuật Hàng không,Trường Cơ khí,2026,data/raw/admission/ma_nganh_truong.md,https://ts.hust.edu.vn/tin-tuc/thong-tin-tuyen-sinh-dai-hoc-chinh-quy-nam-2026,2026-09-21,html_parsed,2026.1
TE1,Kỹ thuật Ô tô,Trường Cơ khí,2026,data/raw/admission/ma_nganh_truong.md,https://ts.hust.edu.vn/tin-tuc/thong-tin-tuyen-sinh-dai-hoc-chinh-quy-nam-2026,2026-09-21,html_parsed,2026.1
ME-LUH,Cơ điện tử - hợp tác với ĐH Leibniz Hannover (Đức),Trường Cơ khí,2026,data/raw/admission/ma_nganh_truong.md,https://ts.hust.edu.vn/tin-tuc/thong-tin-tuyen-sinh-dai-hoc-chinh-quy-nam-2026,2026-09-21,html_parsed,2026.1
TE2,Kỹ thuật Cơ khí động lực,Trường Cơ khí,2026,data/raw/admission/ma_nganh_truong.md,https://ts.hust.edu.vn/tin-tuc/thong-tin-tuyen-sinh-dai-hoc-chinh-quy-nam-2026,2026-09-21,html_parsed,2026.1
ME-NUT,Cơ điện tử - hợp tác với ĐH Công nghệ Nagaoka (Nhật Bản),Trường Cơ khí,2026,data/raw/admission/ma_nganh_truong.md,https://ts.hust.edu.vn/tin-tuc/thong-tin-tuyen-sinh-dai-hoc-chinh-quy-nam-2026,2026-09-21,html_parsed,2026.1
HE1,Kỹ thuật Nhiệt,Trường Cơ khí,2026,data/raw/admission/ma_nganh_truong.md,https://ts.hust.edu.vn/tin-tuc/thong-tin-tuyen-sinh-dai-hoc-chinh-quy-nam-2026,2026-09-21,html_parsed,2026.1
TE-EP,Cơ khí hàng không (Chương trình Việt - Pháp PFIEV),Trường Cơ khí,2026,data/raw/admission/ma_nganh_truong.md,https://ts.hust.edu.vn/tin-tuc/thong-tin-tuyen-sinh-dai-hoc-chinh-quy-nam-2026,2026-09-21,html_parsed,2026.1
ME-GU,Cơ khí - Chế tạo máy - hợp tác với ĐH Griffith (Úc),Trường Cơ khí,2026,data/raw/admission/ma_nganh_truong.md,https://ts.hust.edu.vn/tin-tuc/thong-tin-tuyen-sinh-dai-hoc-chinh-quy-nam-2026,2026-09-21,html_parsed,2026.1
TE-E2,Kỹ thuật Ô tô (CT tiên tiến),Trường Cơ khí,2026,data/raw/admission/ma_nganh_truong.md,https://ts.hust.edu.vn/tin-tuc/thong-tin-tuyen-sinh-dai-hoc-chinh-quy-nam-2026,2026-09-21,html_parsed,2026.1
CH1,Kỹ thuật Hoá học,Trường Hóa & KHSS,2026,data/raw/admission/ma_nganh_truong.md,https://ts.hust.edu.vn/tin-tuc/thong-tin-tuyen-sinh-dai-hoc-chinh-quy-nam-2026,2026-09-21,html_parsed,2026.1
CH2,Hoá học,Trường Hóa & KHSS,2026,data/raw/admission/ma_nganh_truong.md,https://ts.hust.edu.vn/tin-tuc/thong-tin-tuyen-sinh-dai-hoc-chinh-quy-nam-2026,2026-09-21,html_parsed,2026.1
BF1,Kỹ thuật Sinh học,Trường Hóa & KHSS,2026,data/raw/admission/ma_nganh_truong.md,https://ts.hust.edu.vn/tin-tuc/thong-tin-tuyen-sinh-dai-hoc-chinh-quy-nam-2026,2026-09-21,html_parsed,2026.1
BF2,Kỹ thuật Thực phẩm,Trường Hóa & KHSS,2026,data/raw/admission/ma_nganh_truong.md,https://ts.hust.edu.vn/tin-tuc/thong-tin-tuyen-sinh-dai-hoc-chinh-quy-nam-2026,2026-09-21,html_parsed,2026.1
EV1,Kỹ thuật Môi trường,Trường Hóa & KHSS,2026,data/raw/admission/ma_nganh_truong.md,https://ts.hust.edu.vn/tin-tuc/thong-tin-tuyen-sinh-dai-hoc-chinh-quy-nam-2026,2026-09-21,html_parsed,2026.1
EV2,Quản lý Tài nguyên và Môi trường,Trường Hóa & KHSS,2026,data/raw/admission/ma_nganh_truong.md,https://ts.hust.edu.vn/tin-tuc/thong-tin-tuyen-sinh-dai-hoc-chinh-quy-nam-2026,2026-09-21,html_parsed,2026.1
CH-E20,Hoá học Mỹ phẩm (CT tiên tiến) (mới),Trường Hóa & KHSS,2026,data/raw/admission/ma_nganh_truong.md,https://ts.hust.edu.vn/tin-tuc/thong-tin-tuyen-sinh-dai-hoc-chinh-quy-nam-2026,2026-09-21,html_parsed,2026.1
CH-E11,Kỹ thuật Hóa dược (CT tiên tiến),Trường Hóa & KHSS,2026,data/raw/admission/ma_nganh_truong.md,https://ts.hust.edu.vn/tin-tuc/thong-tin-tuyen-sinh-dai-hoc-chinh-quy-nam-2026,2026-09-21,html_parsed,2026.1
BF-E12,Kỹ thuật Thực phẩm (CT tiên tiến),Trường Hóa & KHSS,2026,data/raw/admission/ma_nganh_truong.md,https://ts.hust.edu.vn/tin-tuc/thong-tin-tuyen-sinh-dai-hoc-chinh-quy-nam-2026,2026-09-21,html_parsed,2026.1
BF-E19,Kỹ thuật sinh học (CT tiên tiến),Trường Hóa & KHSS,2026,data/raw/admission/ma_nganh_truong.md,https://ts.hust.edu.vn/tin-tuc/thong-tin-tuyen-sinh-dai-hoc-chinh-quy-nam-2026,2026-09-21,html_parsed,2026.1
MS2,Kỹ thuật Vi điện tử và Công nghệ nano,Trường Vật liệu,2026,data/raw/admission/ma_nganh_truong.md,https://ts.hust.edu.vn/tin-tuc/thong-tin-tuyen-sinh-dai-hoc-chinh-quy-nam-2026,2026-09-21,html_parsed,2026.1
MS1,Kỹ thuật Vật liệu,Trường Vật liệu,2026,data/raw/admission/ma_nganh_truong.md,https://ts.hust.edu.vn/tin-tuc/thong-tin-tuyen-sinh-dai-hoc-chinh-quy-nam-2026,2026-09-21,html_parsed,2026.1
MS3,Công nghệ vật liệu Polyme và Compozit,Trường Vật liệu,2026,data/raw/admission/ma_nganh_truong.md,https://ts.hust.edu.vn/tin-tuc/thong-tin-tuyen-sinh-dai-hoc-chinh-quy-nam-2026,2026-09-21,html_parsed,2026.1
MS-E3,Khoa học và kỹ thuật vật liệu (CT tiên tiến),Trường Vật liệu,2026,data/raw/admission/ma_nganh_truong.md,https://ts.hust.edu.vn/tin-tuc/thong-tin-tuyen-sinh-dai-hoc-chinh-quy-nam-2026,2026-09-21,html_parsed,2026.1
MS5,Kỹ thuật in,Trường Vật liệu,2026,data/raw/admission/ma_nganh_truong.md,https://ts.hust.edu.vn/tin-tuc/thong-tin-tuyen-sinh-dai-hoc-chinh-quy-nam-2026,2026-09-21,html_parsed,2026.1
TX1,Công nghệ Dệt - May,Trường Vật liệu,2026,data/raw/admission/ma_nganh_truong.md,https://ts.hust.edu.vn/tin-tuc/thong-tin-tuyen-sinh-dai-hoc-chinh-quy-nam-2026,2026-09-21,html_parsed,2026.1
EM2,Quản lý công nghiệp,Trường Kinh tế,2026,data/raw/admission/ma_nganh_truong.md,https://ts.hust.edu.vn/tin-tuc/thong-tin-tuyen-sinh-dai-hoc-chinh-quy-nam-2026,2026-09-21,html_parsed,2026.1
EM1,Quản lý năng lượng,Trường Kinh tế,2026,data/raw/admission/ma_nganh_truong.md,https://ts.hust.edu.vn/tin-tuc/thong-tin-tuyen-sinh-dai-hoc-chinh-quy-nam-2026,2026-09-21,html_parsed,2026.1
EM-E14,Logistics và Quản lý chuỗi cung ứng (CT tiên tiến),Trường Kinh tế,2026,data/raw/admission/ma_nganh_truong.md,https://ts.hust.edu.vn/tin-tuc/thong-tin-tuyen-sinh-dai-hoc-chinh-quy-nam-2026,2026-09-21,html_parsed,2026.1
EM5,Tài chính - Ngân hàng,Trường Kinh tế,2026,data/raw/admission/ma_nganh_truong.md,https://ts.hust.edu.vn/tin-tuc/thong-tin-tuyen-sinh-dai-hoc-chinh-quy-nam-2026,2026-09-21,html_parsed,2026.1
EM3,Quản trị kinh doanh,Trường Kinh tế,2026,data/raw/admission/ma_nganh_truong.md,https://ts.hust.edu.vn/tin-tuc/thong-tin-tuyen-sinh-dai-hoc-chinh-quy-nam-2026,2026-09-21,html_parsed,2026.1
EM-E13,Phân tích kinh doanh (CT tiên tiến),Trường Kinh tế,2026,data/raw/admission/ma_nganh_truong.md,https://ts.hust.edu.vn/tin-tuc/thong-tin-tuyen-sinh-dai-hoc-chinh-quy-nam-2026,2026-09-21,html_parsed,2026.1
EM-E17,Kế toán (CT tiên tiến) (mới),Trường Kinh tế,2026,data/raw/admission/ma_nganh_truong.md,https://ts.hust.edu.vn/tin-tuc/thong-tin-tuyen-sinh-dai-hoc-chinh-quy-nam-2026,2026-09-21,html_parsed,2026.1
MI1,Toán - Tin,Khoa Toán - Tin,2026,data/raw/admission/ma_nganh_truong.md,https://ts.hust.edu.vn/tin-tuc/thong-tin-tuyen-sinh-dai-hoc-chinh-quy-nam-2026,2026-09-21,html_parsed,2026.1
MI-E22,Khoa học tính toán cho các hệ thống thông minh (CT tiên tiến) (mới),Khoa Toán - Tin,2026,data/raw/admission/ma_nganh_truong.md,https://ts.hust.edu.vn/tin-tuc/thong-tin-tuyen-sinh-dai-hoc-chinh-quy-nam-2026,2026-09-21,html_parsed,2026.1
MI2,Hệ thống thông tin quản lý,Khoa Toán - Tin,2026,data/raw/admission/ma_nganh_truong.md,https://ts.hust.edu.vn/tin-tuc/thong-tin-tuyen-sinh-dai-hoc-chinh-quy-nam-2026,2026-09-21,html_parsed,2026.1
TROY-IT,Khoa học máy tính - hợp tác với ĐH Troy (Hoa Kỳ),Khoa Toán - Tin,2026,data/raw/admission/ma_nganh_truong.md,https://ts.hust.edu.vn/tin-tuc/thong-tin-tuyen-sinh-dai-hoc-chinh-quy-nam-2026,2026-09-21,html_parsed,2026.1
PH1,Vật lý kỹ thuật,Khoa Vật lý Kỹ thuật,2026,data/raw/admission/ma_nganh_truong.md,https://ts.hust.edu.vn/tin-tuc/thong-tin-tuyen-sinh-dai-hoc-chinh-quy-nam-2026,2026-09-21,html_parsed,2026.1
PH2,Kỹ thuật hạt nhân,Khoa Vật lý Kỹ thuật,2026,data/raw/admission/ma_nganh_truong.md,https://ts.hust.edu.vn/tin-tuc/thong-tin-tuyen-sinh-dai-hoc-chinh-quy-nam-2026,2026-09-21,html_parsed,2026.1
PH3,Vật lý Y khoa,Khoa Vật lý Kỹ thuật,2026,data/raw/admission/ma_nganh_truong.md,https://ts.hust.edu.vn/tin-tuc/thong-tin-tuyen-sinh-dai-hoc-chinh-quy-nam-2026,2026-09-21,html_parsed,2026.1
ED2,Công nghệ giáo dục,Khoa KH&CN Giáo dục,2026,data/raw/admission/ma_nganh_truong.md,https://ts.hust.edu.vn/tin-tuc/thong-tin-tuyen-sinh-dai-hoc-chinh-quy-nam-2026,2026-09-21,html_parsed,2026.1
ED5,Tâm lý học công nghiệp và tổ chức (mới),Khoa KH&CN Giáo dục,2026,data/raw/admission/ma_nganh_truong.md,https://ts.hust.edu.vn/tin-tuc/thong-tin-tuyen-sinh-dai-hoc-chinh-quy-nam-2026,2026-09-21,html_parsed,2026.1
ED3,Quản lý giáo dục,Khoa KH&CN Giáo dục,2026,data/raw/admission/ma_nganh_truong.md,https://ts.hust.edu.vn/tin-tuc/thong-tin-tuyen-sinh-dai-hoc-chinh-quy-nam-2026,2026-09-21,html_parsed,2026.1
FL3,Tiếng Trung Khoa học và Công nghệ,Khoa Ngoại ngữ,2026,data/raw/admission/ma_nganh_truong.md,https://ts.hust.edu.vn/tin-tuc/thong-tin-tuyen-sinh-dai-hoc-chinh-quy-nam-2026,2026-09-21,html_parsed,2026.1
FL1,Tiếng Anh KHKT và Công nghệ,Khoa Ngoại ngữ,2026,data/raw/admission/ma_nganh_truong.md,https://ts.hust.edu.vn/tin-tuc/thong-tin-tuyen-sinh-dai-hoc-chinh-quy-nam-2026,2026-09-21,html_parsed,2026.1
FL4,Tiếng Hàn Khoa học và Công nghệ (mới),Khoa Ngoại ngữ,2026,data/raw/admission/ma_nganh_truong.md,https://ts.hust.edu.vn/tin-tuc/thong-tin-tuyen-sinh-dai-hoc-chinh-quy-nam-2026,2026-09-21,html_parsed,2026.1
FL2,Tiếng Anh chuyên nghiệp quốc tế,Khoa Ngoại ngữ,2026,data/raw/admission/ma_nganh_truong.md,https://ts.hust.edu.vn/tin-tuc/thong-tin-tuyen-sinh-dai-hoc-chinh-quy-nam-2026,2026-09-21,html_parsed,2026.1
