program_code,method_code,year,source,source_url,collection_date,verification_status,dataset_version
BF1,XTTN,2026,Đề án tuyển sinh 2026 — bảng danh mục chương trình,https://ts.hust.edu.vn/tin-tuc/thong-tin-tuyen-sinh-dai-hoc-chinh-quy-nam-2026,2026-09-21,html_parsed,2026.1
BF1,DGTD,2026,Đề án tuyển sinh 2026 — bảng danh mục chương trình,https://ts.hust.edu.vn/tin-tuc/thong-tin-tuyen-sinh-dai-hoc-chinh-quy-nam-2026,2026-09-21,html_parsed,2026.1
BF1,THPT,2026,Đề án tuyển sinh 2026 — bảng danh mục chương trình,https://ts.hust.edu.vn/tin-tuc/thong-tin-tuyen-sinh-dai-hoc-chinh-quy-nam-2026,2026-09-21,html_parsed,2026.1
BF2,XTTN,2026,Đề án tuyển sinh 2026 — bảng danh mục chương trình,https://ts.hust.edu.vn/tin-tuc/thong-tin-tuyen-sinh-dai-hoc-chinh-quy-nam-2026,2026-09-21,html_parsed,2026.1
BF2,DGTD,2026,Đề án tuyển sinh 2026 — bảng danh mục chương trình,https://ts.hust.edu.vn/tin-tuc/thong-tin-tuyen-sinh-dai-hoc-chinh-quy-nam-2026,2026-09-21,html_parsed,2026.1
BF2,THPT,2026,Đề án tuyển sinh 2026 — bảng danh mục chương trình,https://ts.hust.edu.vn/tin-tuc/thong-tin-tuyen-sinh-dai-hoc-chinh-quy-nam-2026,2026-09-21,html_parsed,2026.1
CH1,XTTN,2026,Đề án tuyển sinh 2026 — bảng danh mục chương trình,https://ts.hust.edu.vn/tin-tuc/thong-tin-tuyen-sinh-dai-hoc-chinh-quy-nam-2026,2026-09-21,html_parsed,2026.1
CH1,DGTD,2026,Đề án tuyển sinh 2026 — bảng danh mục chương trình,https://ts.hust.edu.vn/tin-tuc/thong-tin-tuyen-sinh-dai-hoc-chinh-quy-nam-2026,2026-09-21,html_parsed,2026.1
CH1,THPT,2026,Đề án tuyển sinh 2026 — bảng danh mục chương trình,https://ts.hust.edu.vn/tin-tuc/thong-tin-tuyen-sinh-dai-hoc-chinh-quy-nam-2026,2026-09-21,html_parsed,2026.1
CH2,XTTN,2026,Đề án tuyển sinh 2026 — bảng danh mục chương trình,https://ts.hust.edu.vn/tin-tuc/thong-tin-tuyen-sinh-dai-hoc-chinh-quy-nam-2026,2026-09-21,html_parsed,2026.1
CH2,DGTD,2026,Đề án tuyển sinh 2026 — bảng danh mục chương trình,https://ts.hust.edu.vn/tin-tuc/thong-tin-tuyen-sinh-dai-hoc-chinh-quy-nam-2026,2026-09-21,html_parsed,2026.1
CH2,THPT,2026,Đề án tuyển sinh 2026 — bảng danh mục chương trình,https://ts.hust.edu.vn/tin-tuc/thong-tin-tuyen-sinh-dai-hoc-chinh-quy-nam-2026,2026-09-21,html_parsed,2026.1
ED2,XTTN,2026,Đề án tuyển sinh 2026 — bảng danh mục chương trình,https://ts.hust.edu.vn/tin-tuc/thong-tin-tuyen-sinh-dai-hoc-chinh-quy-nam-2026,2026-09-21,html_parsed,2026.1
ED2,DGTD,2026,Đề án tuyển sinh 2026 — bảng danh mục chương trình,https://ts.hust.edu.vn/tin-tuc/thong-tin-tuyen-sinh-dai-hoc-chinh-quy-nam-2026,2026-09-21,html_parsed,2026.1
ED2,THPT,2026,Đề án tuyển sinh 2026 — bảng danh mục chương trình,https://ts.hust.edu.vn/tin-tuc/thong-tin-tuyen-sinh-dai-hoc-chinh-quy-nam-2026,2026-09-21,html_parsed,2026.1
ED3,XTTN,2026,Đề án tuyển sinh 2026 — bảng danh mục chương trình,https://ts.hust.edu.vn/tin-tuc/thong-tin-tuyen-sinh-dai-hoc-chinh-quy-nam-2026,2026-09-21,html_parsed,2026.1
ED3,DGTD,2026,Đề án tuyển sinh 2026 — bảng danh mục chương trình,https://ts.hust.edu.vn/tin-tuc/thong-tin-tuyen-sinh-dai-hoc-chinh-quy-nam-2026,2026-09-21,html_parsed,2026.1
ED3,THPT,2026,Đề án tuyển sinh 2026 — bảng danh mục chương trình,https://ts.hust.edu.vn/tin-tuc/thong-tin-tuyen-sinh-dai-hoc-chinh-quy-nam-2026,2026-09-21,html_parsed,2026.1
ED5,XTTN,2026,Đề án tuyển sinh 2026 — bảng danh mục chương trình,https://ts.hust.edu.vn/tin-tuc/thong-tin-tuyen-sinh-dai-hoc-chinh-quy-nam-2026,2026-09-21,html_parsed,2026.1
ED5,DGTD,2026,Đề án tuyển sinh 2026 — bảng danh mục chương trình,https://ts.hust.edu.vn/tin-tuc/thong-tin-tuyen-sinh-dai-hoc-chinh-quy-nam-2026,2026-09-21,html_parsed,2026.1
ED5,THPT,2026,Đề án tuyển sinh 2026 — bảng danh mục chương trình,https://ts.hust.edu.vn/tin-tuc/thong-tin-tuyen-sinh-dai-hoc-chinh-quy-nam-2026,2026-09-21,html_parsed,2026.1
EE1,XTTN,2026,Đề án tuyển sinh 2026 — bảng danh mục chương trình,https://ts.hust.edu.vn/tin-tuc/thong-tin-tuyen-sinh-dai-hoc-chinh-quy-nam-2026,2026-09-21,html_parsed,2026.1
EE1,DGTD,2026,Đề án tuyển sinh 2026 — bảng danh mục chương trình,https://ts.hust.edu.vn/tin-tuc/thong-tin-tuyen-sinh-dai-hoc-chinh-quy-nam-2026,2026-09-21,html_parsed,2026.1
EE1,THPT,2026,Đề án tuyển sinh 2026 — bảng danh mục chương trình,https://ts.hust.edu.vn/tin-tuc/thong-tin-tuyen-sinh-dai-hoc-chinh-quy-nam-2026,2026-09-21,html_parsed,2026.1
EE2,XTTN,2026,Đề án tuyển sinh 2026 — bảng danh mục chương trình,https://ts.hust.edu.vn/tin-tuc/thong-tin-tuyen-sinh-dai-hoc-chinh-quy-nam-2026,2026-09-21,html_parsed,2026.1
EE2,DGTD,2026,Đề án tuyển sinh 2026 — bảng danh mục chương trình,https://ts.hust.edu.vn/tin-tuc/thong-tin-tuyen-sinh-dai-hoc-chinh-quy-nam-2026,2026-09-21,html_parsed,2026.1
EE2,THPT,2026,Đề án tuyển sinh 2026 — bảng danh mục chương trình,https://ts.hust.edu.vn/tin-tuc/thong-tin-tuyen-sinh-dai-hoc-chinh-quy-nam-2026,2026-09-21,html_parsed,2026.1
EM1,XTTN,2026,Đề án tuyển sinh 2026 — bảng danh mục chương trình,https://ts.hust.edu.vn/tin-tuc/thong-tin-tuyen-sinh-dai-hoc-chinh-quy-nam-2026,2026-09-21,html_parsed,2026.1
EM1,DGTD,2026,Đề án tuyển sinh 2026 — bảng danh mục chương trình,https://ts.hust.edu.vn/tin-tuc/thong-tin-tuyen-sinh-dai-hoc-chinh-quy-nam-2026,2026-09-21,html_parsed,2026.1
EM1,THPT,2026,Đề án tuyển sinh 2026 — bảng danh mục chương trình,https://ts.hust.edu.vn/tin-tuc/thong-tin-tuyen-sinh-dai-hoc-chinh-quy-nam-2026,2026-09-21,html_parsed,2026.1
EM2,XTTN,2026,Đề án tuyển sinh 2026 — bảng danh mục chương trình,https://ts.hust.edu.vn/tin-tuc/thong-tin-tuyen-sinh-dai-hoc-chinh-quy-nam-2026,2026-09-21,html_parsed,2026.1
EM2,DGTD,2026,Đề án tuyển sinh 2026 — bảng danh mục chương trình,https://ts.hust.edu.vn/tin-tuc/thong-tin-tuyen-sinh-dai-hoc-chinh-quy-nam-2026,2026-09-21,html_parsed,2026.1
EM2,THPT,2026,Đề án tuyển sinh 2026 — bảng danh mục chương trình,https://ts.hust.edu.vn/tin-tuc/thong-tin-tuyen-sinh-dai-hoc-chinh-quy-nam-2026,2026-09-21,html_parsed,2026.1
EM3,XTTN,2026,Đề án tuyển sinh 2026 — bảng danh mục chương trình,https://ts.hust.edu.vn/tin-tuc/thong-tin-tuyen-sinh-dai-hoc-chinh-quy-nam-2026,2026-09-21,html_parsed,2026.1
EM3,DGTD,2026,Đề án tuyển sinh 2026 — bảng danh mục chương trình,https://ts.hust.edu.vn/tin-tuc/thong-tin-tuyen-sinh-dai-hoc-chinh-quy-nam-2026,2026-09-21,html_parsed,2026.1
EM3,THPT,2026,Đề án tuyển sinh 2026 — bảng danh mục chương trình,https://ts.hust.edu.vn/tin-tuc/thong-tin-tuyen-sinh-dai-hoc-chinh-quy-nam-2026,2026-09-21,html_parsed,2026.1
EM5,XTTN,2026,Đề án tuyển sinh 2026 — bảng danh mục chương trình,https://ts.hust.edu.vn/tin-tuc/thong-tin-tuyen-sinh-dai-hoc-chinh-quy-nam-2026,2026-09-21,html_parsed,2026.1
EM5,DGTD,2026,Đề án tuyển sinh 2026 — bảng danh mục chương trình,https://ts.hust.edu.vn/tin-tuc/thong-tin-tuyen-sinh-dai-hoc-chinh-quy-nam-2026,2026-09-21,html_parsed,2026.1
EM5,THPT,2026,Đề án tuyển sinh 2026 — bảng danh mục chương trình,https://ts.hust.edu.vn/tin-tuc/thong-tin-tuyen-sinh-dai-hoc-chinh-quy-nam-2026,2026-09-21,html_parsed,2026.1
ET1,XTTN,2026,Đề án tuyển sinh 2026 — bảng danh mục chương trình,https://ts.hust.edu.vn/tin-tuc/thong-tin-tuyen-sinh-dai-hoc-chinh-quy-nam-2026,2026-09-21,html_parsed,2026.1
ET1,DGTD,2026,Đề án tuyển sinh 2026 — bảng danh mục chương trình,https://ts.hust.edu.vn/tin-tuc/thong-tin-tuyen-sinh-dai-hoc-chinh-quy-nam-2026,2026-09-21,html_parsed,2026.1
ET1,THPT,2026,Đề án tuyển sinh 2026 — bảng danh mục chương trình,https://ts.hust.edu.vn/tin-tuc/thong-tin-tuyen-sinh-dai-hoc-chinh-quy-nam-2026,2026-09-21,html_parsed,2026.1
ET2,XTTN,2026,Đề án tuyển sinh 2026 — bảng danh mục chương trình,https://ts.hust.edu.vn/tin-tuc/thong-tin-tuyen-sinh-dai-hoc-chinh-quy-nam-2026,2026-09-21,html_parsed,2026.1
ET2,DGTD,2026,Đề án tuyển sinh 2026 — bảng danh mục chương trình,https://ts.hust.edu.vn/tin-tuc/thong-tin-tuyen-sinh-dai-hoc-chinh-quy-nam-2026,2026-09-21,html_parsed,2026.1
ET2,THPT,2026,Đề án tuyển sinh 2026 — bảng danh mục chương trình,https://ts.hust.edu.vn/tin-tuc/thong-tin-tuyen-sinh-dai-hoc-chinh-quy-nam-2026,2026-09-21,html_parsed,2026.1
EV1,XTTN,2026,Đề án tuyển sinh 2026 — bảng danh mục chương trình,https://ts.hust.edu.vn/tin-tuc/thong-tin-tuyen-sinh-dai-hoc-chinh-quy-nam-2026,2026-09-21,html_parsed,2026.1
EV1,DGTD,2026,Đề án tuyển sinh 2026 — bảng danh mục chương trình,https://ts.hust.edu.vn/tin-tuc/thong-tin-tuyen-sinh-dai-hoc-chinh-quy-nam-2026,2026-09-21,html_parsed,2026.1
EV1,THPT,2026,Đề án tuyển sinh 2026 — bảng danh mục chương trình,https://ts.hust.edu.vn/tin-tuc/thong-tin-tuyen-sinh-dai-hoc-chinh-quy-nam-2026,2026-09-21,html_parsed,2026.1
EV2,XTTN,2026,Đề án tuyển sinh 2026 — bảng danh mục chương trình,https://ts.hust.edu.vn/tin-tuc/thong-tin-tuyen-sinh-dai-hoc-chinh-quy-nam-2026,2026-09-21,html_parsed,2026.1
EV2,DGTD,2026,Đề án tuyển sinh 2026 — bảng danh mục chương trình,https://ts.hust.edu.vn/tin-tuc/thong-tin-tuyen-sinh-dai-hoc-chinh-quy-nam-2026,2026-09-21,html_parsed,2026.1
EV2,THPT,2026,Đề án tuyển sinh 2026 — bảng danh mục chương trình,https://ts.hust.edu.vn/tin-tuc/thong-tin-tuyen-sinh-dai-hoc-chinh-quy-nam-2026,2026-09-21,html_parsed,2026.1
FL1,XTTN,2026,Đề án tuyển sinh 2026 — bảng danh mục chương trình,https://ts.hust.edu.vn/tin-tuc/thong-tin-tuyen-sinh-dai-hoc-chinh-quy-nam-2026,2026-09-21,html_parsed,2026.1
FL1,DGTD,2026,Đề án tuyển sinh 2026 — bảng danh mục chương trình,https://ts.hust.edu.vn/tin-tuc/thong-tin-tuyen-sinh-dai-hoc-chinh-quy-nam-2026,2026-09-21,html_parsed,2026.1
FL1,THPT,2026,Đề án tuyển sinh 2026 — bảng danh mục chương trình,https://ts.hust.edu.vn/tin-tuc/thong-tin-tuyen-sinh-dai-hoc-chinh-quy-nam-2026,2026-09-21,html_parsed,2026.1
FL3,XTTN,2026,Đề án tuyển sinh 2026 — bảng danh mục chương trình,https://ts.hust.edu.vn/tin-tuc/thong-tin-tuyen-sinh-dai-hoc-chinh-quy-nam-2026,2026-09-21,html_parsed,2026.1
FL3,DGTD,2026,Đề án tuyển sinh 2026 — bảng danh mục chương trình,https://ts.hust.edu.vn/tin-tuc/thong-tin-tuyen-sinh-dai-hoc-chinh-quy-nam-2026,2026-09-21,html_parsed,2026.1
FL3,THPT,2026,Đề án tuyển sinh 2026 — bảng danh mục chương trình,https://ts.hust.edu.vn/tin-tuc/thong-tin-tuyen-sinh-dai-hoc-chinh-quy-nam-2026,2026-09-21,html_parsed,2026.1
FL4,XTTN,2026,Đề án tuyển sinh 2026 — bảng danh mục chương trình,https://ts.hust.edu.vn/tin-tuc/thong-tin-tuyen-sinh-dai-hoc-chinh-quy-nam-2026,2026-09-21,html_parsed,2026.1
FL4,DGTD,2026,Đề án tuyển sinh 2026 — bảng danh mục chương trình,https://ts.hust.edu.vn/tin-tuc/thong-tin-tuyen-sinh-dai-hoc-chinh-quy-nam-2026,2026-09-21,html_parsed,2026.1
FL4,THPT,2026,Đề án tuyển sinh 2026 — bảng danh mục chương trình,https://ts.hust.edu.vn/tin-tuc/thong-tin-tuyen-sinh-dai-hoc-chinh-quy-nam-2026,2026-09-21,html_parsed,2026.1
HE1,XTTN,2026,Đề án tuyển sinh 2026 — bảng danh mục chương trình,https://ts.hust.edu.vn/tin-tuc/thong-tin-tuyen-sinh-dai-hoc-chinh-quy-nam-2026,2026-09-21,html_parsed,2026.1
HE1,DGTD,2026,Đề án tuyển sinh 2026 — bảng danh mục chương trình,https://ts.hust.edu.vn/tin-tuc/thong-tin-tuyen-sinh-dai-hoc-chinh-quy-nam-2026,2026-09-21,html_parsed,2026.1
HE1,THPT,2026,Đề án tuyển sinh 2026 — bảng danh mục chương trình,https://ts.hust.edu.vn/tin-tuc/thong-tin-tuyen-sinh-dai-hoc-chinh-quy-nam-2026,2026-09-21,html_parsed,2026.1
IT1,XTTN,2026,Đề án tuyển sinh 2026 — bảng danh mục chương trình,https://ts.hust.edu.vn/tin-tuc/thong-tin-tuyen-sinh-dai-hoc-chinh-quy-nam-2026,2026-09-21,html_parsed,2026.1
IT1,DGTD,2026,Đề án tuyển sinh 2026 — bảng danh mục chương trình,https://ts.hust.edu.vn/tin-tuc/thong-tin-tuyen-sinh-dai-hoc-chinh-quy-nam-2026,2026-09-21,html_parsed,2026.1
IT1,THPT,2026,Đề án tuyển sinh 2026 — bảng danh mục chương trình,https://ts.hust.edu.vn/tin-tuc/thong-tin-tuyen-sinh-dai-hoc-chinh-quy-nam-2026,2026-09-21,html_parsed,2026.1
IT2,XTTN,2026,Đề án tuyển sinh 2026 — bảng danh mục chương trình,https://ts.hust.edu.vn/tin-tuc/thong-tin-tuyen-sinh-dai-hoc-chinh-quy-nam-2026,2026-09-21,html_parsed,2026.1
IT2,DGTD,2026,Đề án tuyển sinh 2026 — bảng danh mục chương trình,https://ts.hust.edu.vn/tin-tuc/thong-tin-tuyen-sinh-dai-hoc-chinh-quy-nam-2026,2026-09-21,html_parsed,2026.1
IT2,THPT,2026,Đề án tuyển sinh 2026 — bảng danh mục chương trình,https://ts.hust.edu.vn/tin-tuc/thong-tin-tuyen-sinh-dai-hoc-chinh-quy-nam-2026,2026-09-21,html_parsed,2026.1
ME1,XTTN,2026,Đề án tuyển sinh 2026 — bảng danh mục chương trình,https://ts.hust.edu.vn/tin-tuc/thong-tin-tuyen-sinh-dai-hoc-chinh-quy-nam-2026,2026-09-21,html_parsed,2026.1
ME1,DGTD,2026,Đề án tuyển sinh 2026 — bảng danh mục chương trình,https://ts.hust.edu.vn/tin-tuc/thong-tin-tuyen-sinh-dai-hoc-chinh-quy-nam-2026,2026-09-21,html_parsed,2026.1
ME1,THPT,2026,Đề án tuyển sinh 2026 — bảng danh mục chương trình,https://ts.hust.edu.vn/tin-tuc/thong-tin-tuyen-sinh-dai-hoc-chinh-quy-nam-2026,2026-09-21,html_parsed,2026.1
ME2,XTTN,2026,Đề án tuyển sinh 2026 — bảng danh mục chương trình,https://ts.hust.edu.vn/tin-tuc/thong-tin-tuyen-sinh-dai-hoc-chinh-quy-nam-2026,2026-09-21,html_parsed,2026.1
ME2,DGTD,2026,Đề án tuyển sinh 2026 — bảng danh mục chương trình,https://ts.hust.edu.vn/tin-tuc/thong-tin-tuyen-sinh-dai-hoc-chinh-quy-nam-2026,2026-09-21,html_parsed,2026.1
ME2,THPT,2026,Đề án tuyển sinh 2026 — bảng danh mục chương trình,https://ts.hust.edu.vn/tin-tuc/thong-tin-tuyen-sinh-dai-hoc-chinh-quy-nam-2026,2026-09-21,html_parsed,2026.1
MI1,XTTN,2026,Đề án tuyển sinh 2026 — bảng danh mục chương trình,https://ts.hust.edu.vn/tin-tuc/thong-tin-tuyen-sinh-dai-hoc-chinh-quy-nam-2026,2026-09-21,html_parsed,2026.1
MI1,DGTD,2026,Đề án tuyển sinh 2026 — bảng danh mục chương trình,https://ts.hust.edu.vn/tin-tuc/thong-tin-tuyen-sinh-dai-hoc-chinh-quy-nam-2026,2026-09-21,html_parsed,2026.1
MI1,THPT,2026,Đề án tuyển sinh 2026 — bảng danh mục chương trình,https://ts.hust.edu.vn/tin-tuc/thong-tin-tuyen-sinh-dai-hoc-chinh-quy-nam-2026,2026-09-21,html_parsed,2026.1
MI2,XTTN,2026,Đề án tuyển sinh 2026 — bảng danh mục chương trình,https://ts.hust.edu.vn/tin-tuc/thong-tin-tuyen-sinh-dai-hoc-chinh-quy-nam-2026,2026-09-21,html_parsed,2026.1
MI2,DGTD,2026,Đề án tuyển sinh 2026 — bảng danh mục chương trình,https://ts.hust.edu.vn/tin-tuc/thong-tin-tuyen-sinh-dai-hoc-chinh-quy-nam-2026,2026-09-21,html_parsed,2026.1
MI2,THPT,2026,Đề án tuyển sinh 2026 — bảng danh mục chương trình,https://ts.hust.edu.vn/tin-tuc/thong-tin-tuyen-sinh-dai-hoc-chinh-quy-nam-2026,2026-09-21,html_parsed,2026.1
MS1,XTTN,2026,Đề án tuyển sinh 2026 — bảng danh mục chương trình,https://ts.hust.edu.vn/tin-tuc/thong-tin-tuyen-sinh-dai-hoc-chinh-quy-nam-2026,2026-09-21,html_parsed,2026.1
MS1,DGTD,2026,Đề án tuyển sinh 2026 — bảng danh mục chương trình,https://ts.hust.edu.vn/tin-tuc/thong-tin-tuyen-sinh-dai-hoc-chinh-quy-nam-2026,2026-09-21,html_parsed,2026.1
MS1,THPT,2026,Đề án tuyển sinh 2026 — bảng danh mục chương trình,https://ts.hust.edu.vn/tin-tuc/thong-tin-tuyen-sinh-dai-hoc-chinh-quy-nam-2026,2026-09-21,html_parsed,2026.1
MS2,XTTN,2026,Đề án tuyển sinh 2026 — bảng danh mục chương trình,https://ts.hust.edu.vn/tin-tuc/thong-tin-tuyen-sinh-dai-hoc-chinh-quy-nam-2026,2026-09-21,html_parsed,2026.1
MS2,DGTD,2026,Đề án tuyển sinh 2026 — bảng danh mục chương trình,https://ts.hust.edu.vn/tin-tuc/thong-tin-tuyen-sinh-dai-hoc-chinh-quy-nam-2026,2026-09-21,html_parsed,2026.1
MS2,THPT,2026,Đề án tuyển sinh 2026 — bảng danh mục chương trình,https://ts.hust.edu.vn/tin-tuc/thong-tin-tuyen-sinh-dai-hoc-chinh-quy-nam-2026,2026-09-21,html_parsed,2026.1
MS3,XTTN,2026,Đề án tuyển sinh 2026 — bảng danh mục chương trình,https://ts.hust.edu.vn/tin-tuc/thong-tin-tuyen-sinh-dai-hoc-chinh-quy-nam-2026,2026-09-21,html_parsed,2026.1
MS3,DGTD,2026,Đề án tuyển sinh 2026 — bảng danh mục chương trình,https://ts.hust.edu.vn/tin-tuc/thong-tin-tuyen-sinh-dai-hoc-chinh-quy-nam-2026,2026-09-21,html_parsed,2026.1
MS3,THPT,2026,Đề án tuyển sinh 2026 — bảng danh mục chương trình,https://ts.hust.edu.vn/tin-tuc/thong-tin-tuyen-sinh-dai-hoc-chinh-quy-nam-2026,2026-09-21,html_parsed,2026.1
MS5,XTTN,2026,Đề án tuyển sinh 2026 — bảng danh mục chương trình,https://ts.hust.edu.vn/tin-tuc/thong-tin-tuyen-sinh-dai-hoc-chinh-quy-nam-2026,2026-09-21,html_parsed,2026.1
MS5,DGTD,2026,Đề án tuyển sinh 2026 — bảng danh mục chương trình,https://ts.hust.edu.vn/tin-tuc/thong-tin-tuyen-sinh-dai-hoc-chinh-quy-nam-2026,2026-09-21,html_parsed,2026.1
MS5,THPT,2026,Đề án tuyển sinh 2026 — bảng danh mục chương trình,https://ts.hust.edu.vn/tin-tuc/thong-tin-tuyen-sinh-dai-hoc-chinh-quy-nam-2026,2026-09-21,html_parsed,2026.1
PH1,XTTN,2026,Đề án tuyển sinh 2026 — bảng danh mục chương trình,https://ts.hust.edu.vn/tin-tuc/thong-tin-tuyen-sinh-dai-hoc-chinh-quy-nam-2026,2026-09-21,html_parsed,2026.1
PH1,DGTD,2026,Đề án tuyển sinh 2026 — bảng danh mục chương trình,https://ts.hust.edu.vn/tin-tuc/thong-tin-tuyen-sinh-dai-hoc-chinh-quy-nam-2026,2026-09-21,html_parsed,2026.1
PH1,THPT,2026,Đề án tuyển sinh 2026 — bảng danh mục chương trình,https://ts.hust.edu.vn/tin-tuc/thong-tin-tuyen-sinh-dai-hoc-chinh-quy-nam-2026,2026-09-21,html_parsed,2026.1
PH2,XTTN,2026,Đề án tuyển sinh 2026 — bảng danh mục chương trình,https://ts.hust.edu.vn/tin-tuc/thong-tin-tuyen-sinh-dai-hoc-chinh-quy-nam-2026,2026-09-21,html_parsed,2026.1
PH2,DGTD,2026,Đề án tuyển sinh 2026 — bảng danh mục chương trình,https://ts.hust.edu.vn/tin-tuc/thong-tin-tuyen-sinh-dai-hoc-chinh-quy-nam-2026,2026-09-21,html_parsed,2026.1
PH2,THPT,2026,Đề án tuyển sinh 2026 — bảng danh mục chương trình,https://ts.hust.edu.vn/tin-tuc/thong-tin-tuyen-sinh-dai-hoc-chinh-quy-nam-2026,2026-09-21,html_parsed,2026.1
PH3,XTTN,2026,Đề án tuyển sinh 2026 — bảng danh mục chương trình,https://ts.hust.edu.vn/tin-tuc/thong-tin-tuyen-sinh-dai-hoc-chinh-quy-nam-2026,2026-09-21,html_parsed,2026.1
PH3,DGTD,2026,Đề án tuyển sinh 2026 — bảng danh mục chương trình,https://ts.hust.edu.vn/tin-tuc/thong-tin-tuyen-sinh-dai-hoc-chinh-quy-nam-2026,2026-09-21,html_parsed,2026.1
PH3,THPT,2026,Đề án tuyển sinh 2026 — bảng danh mục chương trình,https://ts.hust.edu.vn/tin-tuc/thong-tin-tuyen-sinh-dai-hoc-chinh-quy-nam-2026,2026-09-21,html_parsed,2026.1
TE1,XTTN,2026,Đề án tuyển sinh 2026 — bảng danh mục chương trình,https://ts.hust.edu.vn/tin-tuc/thong-tin-tuyen-sinh-dai-hoc-chinh-quy-nam-2026,2026-09-21,html_parsed,2026.1
TE1,DGTD,2026,Đề án tuyển sinh 2026 — bảng danh mục chương trình,https://ts.hust.edu.vn/tin-tuc/thong-tin-tuyen-sinh-dai-hoc-chinh-quy-nam-2026,2026-09-21,html_parsed,2026.1
TE1,THPT,2026,Đề án tuyển sinh 2026 — bảng danh mục chương trình,https://ts.hust.edu.vn/tin-tuc/thong-tin-tuyen-sinh-dai-hoc-chinh-quy-nam-2026,2026-09-21,html_parsed,2026.1
TE2,XTTN,2026,Đề án tuyển sinh 2026 — bảng danh mục chương trình,https://ts.hust.edu.vn/tin-tuc/thong-tin-tuyen-sinh-dai-hoc-chinh-quy-nam-2026,2026-09-21,html_parsed,2026.1
TE2,DGTD,2026,Đề án tuyển sinh 2026 — bảng danh mục chương trình,https://ts.hust.edu.vn/tin-tuc/thong-tin-tuyen-sinh-dai-hoc-chinh-quy-nam-2026,2026-09-21,html_parsed,2026.1
TE2,THPT,2026,Đề án tuyển sinh 2026 — bảng danh mục chương trình,https://ts.hust.edu.vn/tin-tuc/thong-tin-tuyen-sinh-dai-hoc-chinh-quy-nam-2026,2026-09-21,html_parsed,2026.1
TE3,XTTN,2026,Đề án tuyển sinh 2026 — bảng danh mục chương trình,https://ts.hust.edu.vn/tin-tuc/thong-tin-tuyen-sinh-dai-hoc-chinh-quy-nam-2026,2026-09-21,html_parsed,2026.1
TE3,DGTD,2026,Đề án tuyển sinh 2026 — bảng danh mục chương trình,https://ts.hust.edu.vn/tin-tuc/thong-tin-tuyen-sinh-dai-hoc-chinh-quy-nam-2026,2026-09-21,html_parsed,2026.1
TE3,THPT,2026,Đề án tuyển sinh 2026 — bảng danh mục chương trình,https://ts.hust.edu.vn/tin-tuc/thong-tin-tuyen-sinh-dai-hoc-chinh-quy-nam-2026,2026-09-21,html_parsed,2026.1
TX1,XTTN,2026,Đề án tuyển sinh 2026 — bảng danh mục chương trình,https://ts.hust.edu.vn/tin-tuc/thong-tin-tuyen-sinh-dai-hoc-chinh-quy-nam-2026,2026-09-21,html_parsed,2026.1
TX1,DGTD,2026,Đề án tuyển sinh 2026 — bảng danh mục chương trình,https://ts.hust.edu.vn/tin-tuc/thong-tin-tuyen-sinh-dai-hoc-chinh-quy-nam-2026,2026-09-21,html_parsed,2026.1
TX1,THPT,2026,Đề án tuyển sinh 2026 — bảng danh mục chương trình,https://ts.hust.edu.vn/tin-tuc/thong-tin-tuyen-sinh-dai-hoc-chinh-quy-nam-2026,2026-09-21,html_parsed,2026.1
BF-E12,XTTN,2026,Đề án tuyển sinh 2026 — bảng danh mục chương trình,https://ts.hust.edu.vn/tin-tuc/thong-tin-tuyen-sinh-dai-hoc-chinh-quy-nam-2026,2026-09-21,html_parsed,2026.1
BF-E12,DGTD,2026,Đề án tuyển sinh 2026 — bảng danh mục chương trình,https://ts.hust.edu.vn/tin-tuc/thong-tin-tuyen-sinh-dai-hoc-chinh-quy-nam-2026,2026-09-21,html_parsed,2026.1
BF-E12,THPT,2026,Đề án tuyển sinh 2026 — bảng danh mục chương trình,https://ts.hust.edu.vn/tin-tuc/thong-tin-tuyen-sinh-dai-hoc-chinh-quy-nam-2026,2026-09-21,html_parsed,2026.1
BF-E19,XTTN,2026,Đề án tuyển sinh 2026 — bảng danh mục chương trình,https://ts.hust.edu.vn/tin-tuc/thong-tin-tuyen-sinh-dai-hoc-chinh-quy-nam-2026,2026-09-21,html_parsed,2026.1
BF-E19,DGTD,2026,Đề án tuyển sinh 2026 — bảng danh mục chương trình,https://ts.hust.edu.vn/tin-tuc/thong-tin-tuyen-sinh-dai-hoc-chinh-quy-nam-2026,2026-09-21,html_parsed,2026.1
BF-E19,THPT,2026,Đề án tuyển sinh 2026 — bảng danh mục chương trình,https://ts.hust.edu.vn/tin-tuc/thong-tin-tuyen-sinh-dai-hoc-chinh-quy-nam-2026,2026-09-21,html_parsed,2026.1
CH-E11,XTTN,2026,Đề án tuyển sinh 2026 — bảng danh mục chương trình,https://ts.hust.edu.vn/tin-tuc/thong-tin-tuyen-sinh-dai-hoc-chinh-quy-nam-2026,2026-09-21,html_parsed,2026.1
CH-E11,DGTD,2026,Đề án tuyển sinh 2026 — bảng danh mục chương trình,https://ts.hust.edu.vn/tin-tuc/thong-tin-tuyen-sinh-dai-hoc-chinh-quy-nam-2026,2026-09-21,html_parsed,2026.1
CH-E11,THPT,2026,Đề án tuyển sinh 2026 — bảng danh mục chương trình,https://ts.hust.edu.vn/tin-tuc/thong-tin-tuyen-sinh-dai-hoc-chinh-quy-nam-2026,2026-09-21,html_parsed,2026.1
CH-E20,XTTN,2026,Đề án tuyển sinh 2026 — bảng danh mục chương trình,https://ts.hust.edu.vn/tin-tuc/thong-tin-tuyen-sinh-dai-hoc-chinh-quy-nam-2026,2026-09-21,html_parsed,2026.1
CH-E20,DGTD,2026,Đề án tuyển sinh 2026 — bảng danh mục chương trình,https://ts.hust.edu.vn/tin-tuc/thong-tin-tuyen-sinh-dai-hoc-chinh-quy-nam-2026,2026-09-21,html_parsed,2026.1
CH-E20,THPT,2026,Đề án tuyển sinh 2026 — bảng danh mục chương trình,https://ts.hust.edu.vn/tin-tuc/thong-tin-tuyen-sinh-dai-hoc-chinh-quy-nam-2026,2026-09-21,html_parsed,2026.1
EE-E8,XTTN,2026,Đề án tuyển sinh 2026 — bảng danh mục chương trình,https://ts.hust.edu.vn/tin-tuc/thong-tin-tuyen-sinh-dai-hoc-chinh-quy-nam-2026,2026-09-21,html_parsed,2026.1
EE-E8,DGTD,2026,Đề án tuyển sinh 2026 — bảng danh mục chương trình,https://ts.hust.edu.vn/tin-tuc/thong-tin-tuyen-sinh-dai-hoc-chinh-quy-nam-2026,2026-09-21,html_parsed,2026.1
EE-E8,THPT,2026,Đề án tuyển sinh 2026 — bảng danh mục chương trình,https://ts.hust.edu.vn/tin-tuc/thong-tin-tuyen-sinh-dai-hoc-chinh-quy-nam-2026,2026-09-21,html_parsed,2026.1
EE-E18,XTTN,2026,Đề án tuyển sinh 2026 — bảng danh mục chương trình,https://ts.hust.edu.vn/tin-tuc/thong-tin-tuyen-sinh-dai-hoc-chinh-quy-nam-2026,2026-09-21,html_parsed,2026.1
EE-E18,DGTD,2026,Đề án tuyển sinh 2026 — bảng danh mục chương trình,https://ts.hust.edu.vn/tin-tuc/thong-tin-tuyen-sinh-dai-hoc-chinh-quy-nam-2026,2026-09-21,html_parsed,2026.1
EE-E18,THPT,2026,Đề án tuyển sinh 2026 — bảng danh mục chương trình,https://ts.hust.edu.vn/tin-tuc/thong-tin-tuyen-sinh-dai-hoc-chinh-quy-nam-2026,2026-09-21,html_parsed,2026.1
EM-E13,XTTN,2026,Đề án tuyển sinh 2026 — bảng danh mục chương trình,https://ts.hust.edu.vn/tin-tuc/thong-tin-tuyen-sinh-dai-hoc-chinh-quy-nam-2026,2026-09-21,html_parsed,2026.1
EM-E13,DGTD,2026,Đề án tuyển sinh 2026 — bảng danh mục chương trình,https://ts.hust.edu.vn/tin-tuc/thong-tin-tuyen-sinh-dai-hoc-chinh-quy-nam-2026,2026-09-21,html_parsed,2026.1
EM-E13,THPT,2026,Đề án tuyển sinh 2026 — bảng danh mục chương trình,https://ts.hust.edu.vn/tin-tuc/thong-tin-tuyen-sinh-dai-hoc-chinh-quy-nam-2026,2026-09-21,html_parsed,2026.1
EM-E14,XTTN,2026,Đề án tuyển sinh 2026 — bảng danh mục chương trình,https://ts.hust.edu.vn/tin-tuc/thong-tin-tuyen-sinh-dai-hoc-chinh-quy-nam-2026,2026-09-21,html_parsed,2026.1
EM-E14,DGTD,2026,Đề án tuyển sinh 2026 — bảng danh mục chương trình,https://ts.hust.edu.vn/tin-tuc/thong-tin-tuyen-sinh-dai-hoc-chinh-quy-nam-2026,2026-09-21,html_parsed,2026.1
EM-E14,THPT,2026,Đề án tuyển sinh 2026 — bảng danh mục chương trình,https://ts.hust.edu.vn/tin-tuc/thong-tin-tuyen-sinh-dai-hoc-chinh-quy-nam-2026,2026-09-21,html_parsed,2026.1
EM-E17,XTTN,2026,Đề án tuyển sinh 2026 — bảng danh mục chương trình,https://ts.hust.edu.vn/tin-tuc/thong-tin-tuyen-sinh-dai-hoc-chinh-quy-nam-2026,2026-09-21,html_parsed,2026.1
EM-E17,DGTD,2026,Đề án tuyển sinh 2026 — bảng danh mục chương trình,https://ts.hust.edu.vn/tin-tuc/thong-tin-tuyen-sinh-dai-hoc-chinh-quy-nam-2026,2026-09-21,html_parsed,2026.1
EM-E17,THPT,2026,Đề án tuyển sinh 2026 — bảng danh mục chương trình,https://ts.hust.edu.vn/tin-tuc/thong-tin-tuyen-sinh-dai-hoc-chinh-quy-nam-2026,2026-09-21,html_parsed,2026.1
ET-E16,XTTN,2026,Đề án tuyển sinh 2026 — bảng danh mục chương trình,https://ts.hust.edu.vn/tin-tuc/thong-tin-tuyen-sinh-dai-hoc-chinh-quy-nam-2026,2026-09-21,html_parsed,2026.1
ET-E16,DGTD,2026,Đề án tuyển sinh 2026 — bảng danh mục chương trình,https://ts.hust.edu.vn/tin-tuc/thong-tin-tuyen-sinh-dai-hoc-chinh-quy-nam-2026,2026-09-21,html_parsed,2026.1
ET-E16,THPT,2026,Đề án tuyển sinh 2026 — bảng danh mục chương trình,https://ts.hust.edu.vn/tin-tuc/thong-tin-tuyen-sinh-dai-hoc-chinh-quy-nam-2026,2026-09-21,html_parsed,2026.1
ET-E4,XTTN,2026,Đề án tuyển sinh 2026 — bảng danh mục chương trình,https://ts.hust.edu.vn/tin-tuc/thong-tin-tuyen-sinh-dai-hoc-chinh-quy-nam-2026,2026-09-21,html_parsed,2026.1
ET-E4,DGTD,2026,Đề án tuyển sinh 2026 — bảng danh mục chương trình,https://ts.hust.edu.vn/tin-tuc/thong-tin-tuyen-sinh-dai-hoc-chinh-quy-nam-2026,2026-09-21,html_parsed,2026.1
ET-E4,THPT,2026,Đề án tuyển sinh 2026 — bảng danh mục chương trình,https://ts.hust.edu.vn/tin-tuc/thong-tin-tuyen-sinh-dai-hoc-chinh-quy-nam-2026,2026-09-21,html_parsed,2026.1
ET-E5,XTTN,2026,Đề án tuyển sinh 2026 — bảng danh mục chương trình,https://ts.hust.edu.vn/tin-tuc/thong-tin-tuyen-sinh-dai-hoc-chinh-quy-nam-2026,2026-09-21,html_parsed,2026.1
ET-E5,DGTD,2026,Đề án tuyển sinh 2026 — bảng danh mục chương trình,https://ts.hust.edu.vn/tin-tuc/thong-tin-tuyen-sinh-dai-hoc-chinh-quy-nam-2026,2026-09-21,html_parsed,2026.1
ET-E5,THPT,2026,Đề án tuyển sinh 2026 — bảng danh mục chương trình,https://ts.hust.edu.vn/tin-tuc/thong-tin-tuyen-sinh-dai-hoc-chinh-quy-nam-2026,2026-09-21,html_parsed,2026.1
IT-E7,XTTN,2026,Đề án tuyển sinh 2026 — bảng danh mục chương trình,https://ts.hust.edu.vn/tin-tuc/thong-tin-tuyen-sinh-dai-hoc-chinh-quy-nam-2026,2026-09-21,html_parsed,2026.1
IT-E7,DGTD,2026,Đề án tuyển sinh 2026 — bảng danh mục chương trình,https://ts.hust.edu.vn/tin-tuc/thong-tin-tuyen-sinh-dai-hoc-chinh-quy-nam-2026,2026-09-21,html_parsed,2026.1
IT-E7,THPT,2026,Đề án tuyển sinh 2026 — bảng danh mục chương trình,https://ts.hust.edu.vn/tin-tuc/thong-tin-tuyen-sinh-dai-hoc-chinh-quy-nam-2026,2026-09-21,html_parsed,2026.1
IT-E10,XTTN,2026,Đề án tuyển sinh 2026 — bảng danh mục chương trình,https://ts.hust.edu.vn/tin-tuc/thong-tin-tuyen-sinh-dai-hoc-chinh-quy-nam-2026,2026-09-21,html_parsed,2026.1
IT-E10,DGTD,2026,Đề án tuyển sinh 2026 — bảng danh mục chương trình,https://ts.hust.edu.vn/tin-tuc/thong-tin-tuyen-sinh-dai-hoc-chinh-quy-nam-2026,2026-09-21,html_parsed,2026.1
IT-E10,THPT,2026,Đề án tuyển sinh 2026 — bảng danh mục chương trình,https://ts.hust.edu.vn/tin-tuc/thong-tin-tuyen-sinh-dai-hoc-chinh-quy-nam-2026,2026-09-21,html_parsed,2026.1
IT-E15,XTTN,2026,Đề án tuyển sinh 2026 — bảng danh mục chương trình,https://ts.hust.edu.vn/tin-tuc/thong-tin-tuyen-sinh-dai-hoc-chinh-quy-nam-2026,2026-09-21,html_parsed,2026.1
IT-E15,DGTD,2026,Đề án tuyển sinh 2026 — bảng danh mục chương trình,https://ts.hust.edu.vn/tin-tuc/thong-tin-tuyen-sinh-dai-hoc-chinh-quy-nam-2026,2026-09-21,html_parsed,2026.1
IT-E15,THPT,2026,Đề án tuyển sinh 2026 — bảng danh mục chương trình,https://ts.hust.edu.vn/tin-tuc/thong-tin-tuyen-sinh-dai-hoc-chinh-quy-nam-2026,2026-09-21,html_parsed,2026.1
ME-E1,XTTN,2026,Đề án tuyển sinh 2026 — bảng danh mục chương trình,https://ts.hust.edu.vn/tin-tuc/thong-tin-tuyen-sinh-dai-hoc-chinh-quy-nam-2026,2026-09-21,html_parsed,2026.1
ME-E1,DGTD,2026,Đề án tuyển sinh 2026 — bảng danh mục chương trình,https://ts.hust.edu.vn/tin-tuc/thong-tin-tuyen-sinh-dai-hoc-chinh-quy-nam-2026,2026-09-21,html_parsed,2026.1
ME-E1,THPT,2026,Đề án tuyển sinh 2026 — bảng danh mục chương trình,https://ts.hust.edu.vn/tin-tuc/thong-tin-tuyen-sinh-dai-hoc-chinh-quy-nam-2026,2026-09-21,html_parsed,2026.1
MI-E22,XTTN,2026,Đề án tuyển sinh 2026 — bảng danh mục chương trình,https://ts.hust.edu.vn/tin-tuc/thong-tin-tuyen-sinh-dai-hoc-chinh-quy-nam-2026,2026-09-21,html_parsed,2026.1
MI-E22,DGTD,2026,Đề án tuyển sinh 2026 — bảng danh mục chương trình,https://ts.hust.edu.vn/tin-tuc/thong-tin-tuyen-sinh-dai-hoc-chinh-quy-nam-2026,2026-09-21,html_parsed,2026.1
MI-E22,THPT,2026,Đề án tuyển sinh 2026 — bảng danh mục chương trình,https://ts.hust.edu.vn/tin-tuc/thong-tin-tuyen-sinh-dai-hoc-chinh-quy-nam-2026,2026-09-21,html_parsed,2026.1
MS-E3,XTTN,2026,Đề án tuyển sinh 2026 — bảng danh mục chương trình,https://ts.hust.edu.vn/tin-tuc/thong-tin-tuyen-sinh-dai-hoc-chinh-quy-nam-2026,2026-09-21,html_parsed,2026.1
MS-E3,DGTD,2026,Đề án tuyển sinh 2026 — bảng danh mục chương trình,https://ts.hust.edu.vn/tin-tuc/thong-tin-tuyen-sinh-dai-hoc-chinh-quy-nam-2026,2026-09-21,html_parsed,2026.1
MS-E3,THPT,2026,Đề án tuyển sinh 2026 — bảng danh mục chương trình,https://ts.hust.edu.vn/tin-tuc/thong-tin-tuyen-sinh-dai-hoc-chinh-quy-nam-2026,2026-09-21,html_parsed,2026.1
TE-E2,XTTN,2026,Đề án tuyển sinh 2026 — bảng danh mục chương trình,https://ts.hust.edu.vn/tin-tuc/thong-tin-tuyen-sinh-dai-hoc-chinh-quy-nam-2026,2026-09-21,html_parsed,2026.1
TE-E2,DGTD,2026,Đề án tuyển sinh 2026 — bảng danh mục chương trình,https://ts.hust.edu.vn/tin-tuc/thong-tin-tuyen-sinh-dai-hoc-chinh-quy-nam-2026,2026-09-21,html_parsed,2026.1
TE-E2,THPT,2026,Đề án tuyển sinh 2026 — bảng danh mục chương trình,https://ts.hust.edu.vn/tin-tuc/thong-tin-tuyen-sinh-dai-hoc-chinh-quy-nam-2026,2026-09-21,html_parsed,2026.1
ET-E9,XTTN,2026,Đề án tuyển sinh 2026 — bảng danh mục chương trình,https://ts.hust.edu.vn/tin-tuc/thong-tin-tuyen-sinh-dai-hoc-chinh-quy-nam-2026,2026-09-21,html_parsed,2026.1
ET-E9,DGTD,2026,Đề án tuyển sinh 2026 — bảng danh mục chương trình,https://ts.hust.edu.vn/tin-tuc/thong-tin-tuyen-sinh-dai-hoc-chinh-quy-nam-2026,2026-09-21,html_parsed,2026.1
ET-E9,THPT,2026,Đề án tuyển sinh 2026 — bảng danh mục chương trình,https://ts.hust.edu.vn/tin-tuc/thong-tin-tuyen-sinh-dai-hoc-chinh-quy-nam-2026,2026-09-21,html_parsed,2026.1
IT-E6,XTTN,2026,Đề án tuyển sinh 2026 — bảng danh mục chương trình,https://ts.hust.edu.vn/tin-tuc/thong-tin-tuyen-sinh-dai-hoc-chinh-quy-nam-2026,2026-09-21,html_parsed,2026.1
IT-E6,DGTD,2026,Đề án tuyển sinh 2026 — bảng danh mục chương trình,https://ts.hust.edu.vn/tin-tuc/thong-tin-tuyen-sinh-dai-hoc-chinh-quy-nam-2026,2026-09-21,html_parsed,2026.1
IT-E6,THPT,2026,Đề án tuyển sinh 2026 — bảng danh mục chương trình,https://ts.hust.edu.vn/tin-tuc/thong-tin-tuyen-sinh-dai-hoc-chinh-quy-nam-2026,2026-09-21,html_parsed,2026.1
IT-EP,XTTN,2026,Đề án tuyển sinh 2026 — bảng danh mục chương trình,https://ts.hust.edu.vn/tin-tuc/thong-tin-tuyen-sinh-dai-hoc-chinh-quy-nam-2026,2026-09-21,html_parsed,2026.1
IT-EP,DGTD,2026,Đề án tuyển sinh 2026 — bảng danh mục chương trình,https://ts.hust.edu.vn/tin-tuc/thong-tin-tuyen-sinh-dai-hoc-chinh-quy-nam-2026,2026-09-21,html_parsed,2026.1
IT-EP,THPT,2026,Đề án tuyển sinh 2026 — bảng danh mục chương trình,https://ts.hust.edu.vn/tin-tuc/thong-tin-tuyen-sinh-dai-hoc-chinh-quy-nam-2026,2026-09-21,html_parsed,2026.1
ET-LUH,XTTN,2026,Đề án tuyển sinh 2026 — bảng danh mục chương trình,https://ts.hust.edu.vn/tin-tuc/thong-tin-tuyen-sinh-dai-hoc-chinh-quy-nam-2026,2026-09-21,html_parsed,2026.1
ET-LUH,DGTD,2026,Đề án tuyển sinh 2026 — bảng danh mục chương trình,https://ts.hust.edu.vn/tin-tuc/thong-tin-tuyen-sinh-dai-hoc-chinh-quy-nam-2026,2026-09-21,html_parsed,2026.1
ET-LUH,THPT,2026,Đề án tuyển sinh 2026 — bảng danh mục chương trình,https://ts.hust.edu.vn/tin-tuc/thong-tin-tuyen-sinh-dai-hoc-chinh-quy-nam-2026,2026-09-21,html_parsed,2026.1
ME-LUH,XTTN,2026,Đề án tuyển sinh 2026 — bảng danh mục chương trình,https://ts.hust.edu.vn/tin-tuc/thong-tin-tuyen-sinh-dai-hoc-chinh-quy-nam-2026,2026-09-21,html_parsed,2026.1
ME-LUH,DGTD,2026,Đề án tuyển sinh 2026 — bảng danh mục chương trình,https://ts.hust.edu.vn/tin-tuc/thong-tin-tuyen-sinh-dai-hoc-chinh-quy-nam-2026,2026-09-21,html_parsed,2026.1
ME-LUH,THPT,2026,Đề án tuyển sinh 2026 — bảng danh mục chương trình,https://ts.hust.edu.vn/tin-tuc/thong-tin-tuyen-sinh-dai-hoc-chinh-quy-nam-2026,2026-09-21,html_parsed,2026.1
ME-NUT,XTTN,2026,Đề án tuyển sinh 2026 — bảng danh mục chương trình,https://ts.hust.edu.vn/tin-tuc/thong-tin-tuyen-sinh-dai-hoc-chinh-quy-nam-2026,2026-09-21,html_parsed,2026.1
ME-NUT,DGTD,2026,Đề án tuyển sinh 2026 — bảng danh mục chương trình,https://ts.hust.edu.vn/tin-tuc/thong-tin-tuyen-sinh-dai-hoc-chinh-quy-nam-2026,2026-09-21,html_parsed,2026.1
ME-NUT,THPT,2026,Đề án tuyển sinh 2026 — bảng danh mục chương trình,https://ts.hust.edu.vn/tin-tuc/thong-tin-tuyen-sinh-dai-hoc-chinh-quy-nam-2026,2026-09-21,html_parsed,2026.1
ME-GU,XTTN,2026,Đề án tuyển sinh 2026 — bảng danh mục chương trình,https://ts.hust.edu.vn/tin-tuc/thong-tin-tuyen-sinh-dai-hoc-chinh-quy-nam-2026,2026-09-21,html_parsed,2026.1
ME-GU,DGTD,2026,Đề án tuyển sinh 2026 — bảng danh mục chương trình,https://ts.hust.edu.vn/tin-tuc/thong-tin-tuyen-sinh-dai-hoc-chinh-quy-nam-2026,2026-09-21,html_parsed,2026.1
ME-GU,THPT,2026,Đề án tuyển sinh 2026 — bảng danh mục chương trình,https://ts.hust.edu.vn/tin-tuc/thong-tin-tuyen-sinh-dai-hoc-chinh-quy-nam-2026,2026-09-21,html_parsed,2026.1
EE-EP,XTTN,2026,Đề án tuyển sinh 2026 — bảng danh mục chương trình,https://ts.hust.edu.vn/tin-tuc/thong-tin-tuyen-sinh-dai-hoc-chinh-quy-nam-2026,2026-09-21,html_parsed,2026.1
EE-EP,DGTD,2026,Đề án tuyển sinh 2026 — bảng danh mục chương trình,https://ts.hust.edu.vn/tin-tuc/thong-tin-tuyen-sinh-dai-hoc-chinh-quy-nam-2026,2026-09-21,html_parsed,2026.1
EE-EP,THPT,2026,Đề án tuyển sinh 2026 — bảng danh mục chương trình,https://ts.hust.edu.vn/tin-tuc/thong-tin-tuyen-sinh-dai-hoc-chinh-quy-nam-2026,2026-09-21,html_parsed,2026.1
TE-EP,XTTN,2026,Đề án tuyển sinh 2026 — bảng danh mục chương trình,https://ts.hust.edu.vn/tin-tuc/thong-tin-tuyen-sinh-dai-hoc-chinh-quy-nam-2026,2026-09-21,html_parsed,2026.1
TE-EP,DGTD,2026,Đề án tuyển sinh 2026 — bảng danh mục chương trình,https://ts.hust.edu.vn/tin-tuc/thong-tin-tuyen-sinh-dai-hoc-chinh-quy-nam-2026,2026-09-21,html_parsed,2026.1
TE-EP,THPT,2026,Đề án tuyển sinh 2026 — bảng danh mục chương trình,https://ts.hust.edu.vn/tin-tuc/thong-tin-tuyen-sinh-dai-hoc-chinh-quy-nam-2026,2026-09-21,html_parsed,2026.1
TROY-IT,XTTN,2026,Đề án tuyển sinh 2026 — bảng danh mục chương trình,https://ts.hust.edu.vn/tin-tuc/thong-tin-tuyen-sinh-dai-hoc-chinh-quy-nam-2026,2026-09-21,html_parsed,2026.1
TROY-IT,DGTD,2026,Đề án tuyển sinh 2026 — bảng danh mục chương trình,https://ts.hust.edu.vn/tin-tuc/thong-tin-tuyen-sinh-dai-hoc-chinh-quy-nam-2026,2026-09-21,html_parsed,2026.1
TROY-IT,THPT,2026,Đề án tuyển sinh 2026 — bảng danh mục chương trình,https://ts.hust.edu.vn/tin-tuc/thong-tin-tuyen-sinh-dai-hoc-chinh-quy-nam-2026,2026-09-21,html_parsed,2026.1
FL2,XTTN,2026,Đề án tuyển sinh 2026 — bảng danh mục chương trình,https://ts.hust.edu.vn/tin-tuc/thong-tin-tuyen-sinh-dai-hoc-chinh-quy-nam-2026,2026-09-21,html_parsed,2026.1
FL2,DGTD,2026,Đề án tuyển sinh 2026 — bảng danh mục chương trình,https://ts.hust.edu.vn/tin-tuc/thong-tin-tuyen-sinh-dai-hoc-chinh-quy-nam-2026,2026-09-21,html_parsed,2026.1
FL2,THPT,2026,Đề án tuyển sinh 2026 — bảng danh mục chương trình,https://ts.hust.edu.vn/tin-tuc/thong-tin-tuyen-sinh-dai-hoc-chinh-quy-nam-2026,2026-09-21,html_parsed,2026.1
