program_code,program_name,language,degree,duration,tuition_text,admission_time,curriculum_url,year,source,source_url,collection_date,verification_status,dataset_version
IT-E10,Khoa học dữ liệu và Trí tuệ nhân tạo (CT tiên tiến),Tiếng Anh,Cử nhân - Thạc sĩ,4 - 6 năm,~ 68 triệu đồng/năm,Tháng 4 - 8 hàng năm,https://soict.hust.edu.vn/chuong-trinh-cu-nhan-khoa-hoc-du-lieu-va-tri-tue-nhan-tao-dsai-it-e10.html,2026,Trang giới thiệu ngành trên ts.hust.edu.vn — mục Thông tin nhanh,https://ts.hust.edu.vn/training-cate/nganh-dao-tao-dai-hoc/khoa-hoc-du-lieu-va-tri-tue-nhan-tao,2026-09-23,web_extracted,2026.1
IT1,CNTT: Khoa học Máy tính,Tiếng Việt,Cử nhân - Thạc sĩ tích hợp,"4 - 5,5 năm",28 - 40 triệu đồng/năm,Tháng 8 hàng năm,https://soict.hust.edu.vn/chuong-trinh-khoa-hoc-may-tinh-ma-tuyen-sinh-it1.html,2026,Trang giới thiệu ngành trên ts.hust.edu.vn — mục Thông tin nhanh,https://ts.hust.edu.vn/training-cate/nganh-dao-tao-dai-hoc/cntt-khoa-hoc-may-tinh,2026-09-23,web_extracted,2026.1
IT-E15,An toàn không gian số - Cyber Security (CT Tiên tiến),Tiếng Anh,Cử nhân,"Cử nhân (4 năm) - Kỹ sư (5,5 năm), Thạc sĩ (5,5 năm)",35 - 50 triệu đồng/năm,Tháng 4 - 8 hàng năm,https://soict.hust.edu.vn/chuong-trinh-elitech-an-toan-khong-gian-so-cyber-security-it-e15.html,2026,Trang giới thiệu ngành trên ts.hust.edu.vn — mục Thông tin nhanh,https://ts.hust.edu.vn/training-cate/nganh-dao-tao-dai-hoc/an-toan-khong-gian-so-chuong-trinh-tien-tien,2026-09-23,web_extracted,2026.1
IT2,CNTT: Kỹ thuật Máy tính,Tiếng Việt,Cử nhân - Thạc sĩ tích hợp,"4 - 5,5 năm",28 - 40 triệu đồng/năm,Tháng 8 hàng năm,https://soict.hust.edu.vn/chuong-trinh-dao-tao-cong-nghe-thong-tin-ky-thuat-may-tinh-it2.html,2026,Trang giới thiệu ngành trên ts.hust.edu.vn — mục Thông tin nhanh,https://ts.hust.edu.vn/training-cate/nganh-dao-tao-dai-hoc/cntt-ky-thuat-may-tinh,2026-09-23,web_extracted,2026.1
IT-E7,Công nghệ thông tin (Global ICT),Tiếng Anh,Cử nhân - Thạc sĩ tích hợp,"4 - 5,5 năm",35 - 50 triệu đồng/năm,Tháng 4 - 8 hàng năm,https://soict.hust.edu.vn/chuong-trinh-ky-su-cong-nghe-thong-tin-toan-cau-global-ict.html,2026,Trang giới thiệu ngành trên ts.hust.edu.vn — mục Thông tin nhanh,https://ts.hust.edu.vn/training-cate/nganh-dao-tao-dai-hoc/cong-nghe-thong-tin-global-ict,2026-09-23,web_extracted,2026.1
IT-EP,Công nghệ thông tin (Việt - Pháp),"Tiếng Việt, Tiếng Pháp tăng cường",Cử nhân,"5,5 năm",40 - 50 triệu đồng/năm,Tháng 4 - 8 hàng năm,https://soict.hust.edu.vn/chuong-trinh-elitech-cong-nghe-thong-tin-viet-phap.html,2026,Trang giới thiệu ngành trên ts.hust.edu.vn — mục Thông tin nhanh,https://ts.hust.edu.vn/training-cate/nganh-dao-tao-dai-hoc/cong-nghe-thong-tin-viet-phap-chuong-trinh-tien-tien,2026-09-23,web_extracted,2026.1
IT-E6,Công nghệ thông tin (Việt - Nhật),Tiếng Nhật tăng cường,Cử nhân - Thạc sĩ tích hợp,"4 - 5,5 năm",40 - 50 triệu đồng/năm,Tháng 8 hàng năm,https://soict.hust.edu.vn/chuong-trinh-ky-su-cong-nghe-thong-tin-viet-nam-nhat-ban-hedspi.html,2026,Trang giới thiệu ngành trên ts.hust.edu.vn — mục Thông tin nhanh,https://ts.hust.edu.vn/training-cate/nganh-dao-tao-dai-hoc/cong-nghe-thong-tin-viet-nhat-chuong-trinh-tien-tien,2026-09-23,web_extracted,2026.1
EE2,Kỹ thuật Điều khiển - Tự động hoá,Tiếng Việt,Cử nhân - Thạc sĩ tích hợp - Tiến sĩ (NCS),"4 - 5,5 - 8,5 năm",28 - 40 triệu đồng/năm,Tháng 4 - 8 hàng năm,https://seee.hust.edu.vn/vi/dao-tao/ee2/,2026,Trang giới thiệu ngành trên ts.hust.edu.vn — mục Thông tin nhanh,https://ts.hust.edu.vn/training-cate/nganh-dao-tao-dai-hoc/ky-thuat-dieu-khien-tu-dong-hoa,2026-09-23,web_extracted,2026.1
EE-E8,Kỹ thuật Điều khiển - Tự động hoá (CT tiên tiến),Tiếng Anh,Cử nhân - Thạc sĩ - Tiến sĩ (NCS),"4 - 5,5 - 8,5 năm",35 - 50 triệu đồng/năm,Tháng 8 hàng năm,https://seee.hust.edu.vn/vi/dao-tao/ee-e8/,2026,Trang giới thiệu ngành trên ts.hust.edu.vn — mục Thông tin nhanh,https://ts.hust.edu.vn/training-cate/nganh-dao-tao-dai-hoc/ky-thuat-dieu-khien-tu-dong-hoa-chuong-trinh-tien-tien,2026-09-23,web_extracted,2026.1
ET1,Kỹ thuật Điện tử - Viễn thông,Tiếng Việt,Cử nhân - Thạc sĩ - Tiến sĩ tích hợp (NCS),"4 - 5,5 - 8,5 năm",28 - 40 triệu đồng/năm,Tháng 4 - Tháng 8 hàng năm,https://seee.hust.edu.vn/vi/dao-tao/et1/,2026,Trang giới thiệu ngành trên ts.hust.edu.vn — mục Thông tin nhanh,https://ts.hust.edu.vn/training-cate/nganh-dao-tao-dai-hoc/dien-tu-va-vien-thong,2026-09-23,web_extracted,2026.1
ET-E9,Hệ thống nhúng thông minh và IoT (CT tiên tiến),Tiếng Việt,Cử nhân - Thạc sĩ - Tiến sĩ (NCS),"4 - 5,5 - 8,5 năm",40 - 50 triệu đồng/năm,Tháng 8 hàng năm,https://seee.hust.edu.vn/vi/dao-tao/et-e9/,2026,Trang giới thiệu ngành trên ts.hust.edu.vn — mục Thông tin nhanh,https://ts.hust.edu.vn/training-cate/nganh-dao-tao-dai-hoc/he-thong-nhung-thong-minh-va-iot-chuong-trinh-tien-tien,2026-09-23,web_extracted,2026.1
EE1,Kỹ thuật Điện,Tiếng Việt,Cử nhân - Thạc sĩ tích hợp - Tiến sĩ (NCS),"4 - 5,5 - 8,5 năm",28 - 40 triệu đồng/năm,Tháng 4 - 8 hàng năm,https://seee.hust.edu.vn/vi/dao-tao/ee1/,2026,Trang giới thiệu ngành trên ts.hust.edu.vn — mục Thông tin nhanh,https://ts.hust.edu.vn/training-cate/nganh-dao-tao-dai-hoc/ky-thuat-dien,2026-09-23,web_extracted,2026.1
ET-E4,Kỹ thuật Điện tử - Viễn thông (CT tiên tiến),Tiếng Anh,Cử nhân - Thạc sĩ - Tiến sĩ (NCS),"4 - 5,5 - 8,5 năm",35 - 50 triệu đồng/năm,Tháng 8 hàng năm,https://seee.hust.edu.vn/vi/dao-tao/et-e4/,2026,Trang giới thiệu ngành trên ts.hust.edu.vn — mục Thông tin nhanh,https://ts.hust.edu.vn/training-cate/nganh-dao-tao-dai-hoc/ky-thuat-dien-tu-vien-thong-chuong-trinh-tien-tien,2026-09-23,web_extracted,2026.1
EE-EP,Tin học công nghiệp và Tự động hóa (Chương trình Việt - Pháp PFIEV),Tiếng Việt,Kỹ sư - Thạc sĩ,"5,5 năm",40 - 45 triệu đồng/năm,Tháng 8 hàng năm,https://seee.hust.edu.vn/vi/dao-tao/ee-ep/,2026,Trang giới thiệu ngành trên ts.hust.edu.vn — mục Thông tin nhanh,https://ts.hust.edu.vn/training-cate/nganh-dao-tao-dai-hoc/tin-hoc-cong-nghiep-va-tu-dong-hoa-chuong-trinh-viet-phap-pfiev,2026-09-23,web_extracted,2026.1
ET-E16,Truyền thông số và Kỹ thuật đa phương tiện (CT tiên tiến),Tiếng Anh,Cử nhân,"4 - 5,5 năm",35 - 50 triệu đồng/năm,Tháng 8 hàng năm,https://seee.hust.edu.vn/vi/dao-tao/et-e16/,2026,Trang giới thiệu ngành trên ts.hust.edu.vn — mục Thông tin nhanh,https://ts.hust.edu.vn/training-cate/nganh-dao-tao-dai-hoc/truyen-thong-so-va-ky-thuat-da-phuong-tien-chuong-trinh-tien-tien,2026-09-23,web_extracted,2026.1
ET-LUH,Điện tử - Viễn thông - hợp tác với ĐH Leibniz Hannover (Đức),Tiếng Việt tăng cường tiếng Đức,Cử nhân - Thạc sĩ,"4 - 5,5 năm",24 - 30 triệu đồng/học kỳ,Tháng 4 - 8 hàng năm,https://seee.hust.edu.vn/vi/dao-tao/et-luh/,2026,Trang giới thiệu ngành trên ts.hust.edu.vn — mục Thông tin nhanh,https://ts.hust.edu.vn/training-cate/nganh-dao-tao-dai-hoc/dien-tu-vien-thong-dh-leibniz-hannover-duc,2026-09-23,web_extracted,2026.1
EE-E18,Hệ thống điện và năng lượng tái tạo (CT tiên tiến),Tiếng Anh,Cử nhân,4 năm,35 - 50 triệu đồng/năm,Tháng 8 hàng năm,https://seee.hust.edu.vn/vi/dao-tao/ee-e18/,2026,Trang giới thiệu ngành trên ts.hust.edu.vn — mục Thông tin nhanh,http://ts.hust.edu.vn/training-cate/nganh-dao-tao-dai-hoc/he-thong-dien-va-nang-luong-tai-tao-chuong-trinh-tien-tien,2026-09-23,web_extracted,2026.1
ET2,Kỹ thuật Y sinh,Tiếng Việt,Cử nhân - Thạc sĩ tích hợp - Tiến sĩ (NCS),"4 - 5,5 - 8,5 năm",28 - 40 triệu đồng/năm,Tháng 4 - 8 hàng năm,https://seee.hust.edu.vn/vi/dao-tao/dao-tao-dai-hoc/et2-ky-thuat-y-sinh-287932.html,2026,Trang giới thiệu ngành trên ts.hust.edu.vn — mục Thông tin nhanh,https://ts.hust.edu.vn/training-cate/nganh-dao-tao-dai-hoc/ky-thuat-y-sinh,2026-09-23,web_extracted,2026.1
ET-E5,Kỹ thuật Y sinh (CT tiên tiến),Tiếng Anh,Cử nhân - Thạc sĩ - Tiến sĩ (NCS),"4 - 5,5 - 8,5 năm",35 - 50 triệu đồng/năm,Tháng 8 hàng năm,https://seee.hust.edu.vn/vi/dao-tao/dao-tao-dai-hoc/et-e5-ky-thuat-y-sinh-cttt-287934.html,2026,Trang giới thiệu ngành trên ts.hust.edu.vn — mục Thông tin nhanh,https://ts.hust.edu.vn/training-cate/nganh-dao-tao-dai-hoc/ky-thuat-y-sinh-chuong-trinh-tien-tien,2026-09-23,web_extracted,2026.1
ME1,Kỹ thuật Cơ điện tử,Tiếng Việt,Cử nhân - Thạc sĩ tích hợp - Tiến sĩ (NCS),"4 - 5,5 - 8,5 năm",28 - 40 triệu đồng/năm,Tháng 4-8 hàng năm,https://sme.hust.edu.vn/vi/dao-tao/chuong-trinh-chuan/chuong-trinh-ky-thuat-co-dien-tu-4.html,2026,Trang giới thiệu ngành trên ts.hust.edu.vn — mục Thông tin nhanh,https://ts.hust.edu.vn/training-cate/nganh-dao-tao-dai-hoc/ky-thuat-co-dien-tu,2026-09-23,web_extracted,2026.1
ME-E1,Kỹ thuật Cơ điện tử (CT tiên tiến),Tiếng Anh,Cử nhân - Thạc sĩ - Tiến sĩ (NCS),"4 - 5,5 - 8,5 năm",35 - 50 triệu đồng/năm,Tháng 4 - 8 hàng năm,https://sme.hust.edu.vn/vi/dao-tao/chuong-trinh-elitech/elitech-chuong-trinh-tien-tien-co-dien-tu-5.html,2026,Trang giới thiệu ngành trên ts.hust.edu.vn — mục Thông tin nhanh,https://ts.hust.edu.vn/training-cate/nganh-dao-tao-dai-hoc/ky-thuat-co-dien-tu-chuong-trinh-tien-tien-,2026-09-23,web_extracted,2026.1
ME2,Kỹ thuật Cơ khí,Tiếng Việt,Cử nhân - Thạc sĩ tích hợp - Tiến sĩ (NCS),"4 - 5,5 - 8,5 năm",28 - 40 triệu đồng/năm,Tháng 4 - 8 hàng năm,https://sme.hust.edu.vn/vi/dao-tao/chuong-trinh-chuan/chuong-trinh-dao-tao-ky-thuat-co-khi-2.html,2026,Trang giới thiệu ngành trên ts.hust.edu.vn — mục Thông tin nhanh,https://ts.hust.edu.vn/training-cate/nganh-dao-tao-dai-hoc/ky-thuat-co-khi,2026-09-23,web_extracted,2026.1
TE3,Kỹ thuật Hàng không,Tiếng Việt,Cử nhân - Thạc sĩ tích hợp - Tiến sĩ (NCS),"4 - 5,5 - 8,5 năm",28 - 40 triệu đồng/năm,Tháng 4 - 8 hàng năm,https://sme.hust.edu.vn/vi/dao-tao/chuong-trinh-chuan/chuong-trinh-ky-thuat-hang-khong-24.html,2026,Trang giới thiệu ngành trên ts.hust.edu.vn — mục Thông tin nhanh,https://ts.hust.edu.vn/training-cate/nganh-dao-tao-dai-hoc/ky-thuat-hang-khong,2026-09-23,web_extracted,2026.1
TE1,Kỹ thuật Ô tô,Tiếng Việt,Cử nhân - Thạc sĩ tích hợp - Tiến sĩ (NCS),"4 - 5,5 - 8,5 năm",28 - 40 triệu đồng/năm,Tháng 4 - 8 hàng năm,https://sme.hust.edu.vn/vi/dao-tao/chuong-trinh-chuan/chuong-trinh-ky-thuat-o-to-7.html,2026,Trang giới thiệu ngành trên ts.hust.edu.vn — mục Thông tin nhanh,https://ts.hust.edu.vn/training-cate/nganh-dao-tao-dai-hoc/ky-thuat-o-to,2026-09-23,web_extracted,2026.1
ME-LUH,Cơ điện tử - hợp tác với ĐH Leibniz Hannover (Đức),Tiếng Việt,Cử nhân - Thạc sĩ,4 - 6 năm,24 - 30 triệu đồng/học kỳ,Tháng 4 - 8 hàng năm,https://sme.hust.edu.vn/vi/dao-tao/chuong-trinh-quoc-te/chuong-trinh-hop-tac-dao-tao-quoc-te-co-dien-tu-voi-dh-leibniz-hannover-duc-26.html,2026,Trang giới thiệu ngành trên ts.hust.edu.vn — mục Thông tin nhanh,https://ts.hust.edu.vn/training-cate/nganh-dao-tao-dai-hoc/co-dien-tu-dh-leibniz-hannover-duc,2026-09-23,web_extracted,2026.1
TE2,Kỹ thuật Cơ khí động lực,Tiếng Việt,Cử nhân - Thạc sĩ tích hợp - Tiến sĩ (NCS),"4 - 5,5 - 8,5 năm",28 - 40 triệu đồng/năm,Tháng 4 - 8 hàng năm,https://sme.hust.edu.vn/vi/dao-tao/chuong-trinh-chuan/chuong-trinh-ky-thuat-co-khi-dong-luc-6.html,2026,Trang giới thiệu ngành trên ts.hust.edu.vn — mục Thông tin nhanh,https://ts.hust.edu.vn/training-cate/nganh-dao-tao-dai-hoc/ky-thuat-co-khi-dong-luc,2026-09-23,web_extracted,2026.1
ME-NUT,Cơ điện tử - hợp tác với ĐH Công nghệ Nagaoka (Nhật Bản),Tiếng Việt,Cử nhân,4 năm,24 - 30 triệu đồng/học kỳ,Tháng 4 - 8 hàng năm,https://sme.hust.edu.vn/vi/dao-tao/chuong-trinh-quoc-te/chuong-trinh-hop-tac-dao-tao-quoc-te-co-dien-tu-voi-dh-nagaoka-nhat-ban-25.html,2026,Trang giới thiệu ngành trên ts.hust.edu.vn — mục Thông tin nhanh,https://ts.hust.edu.vn/training-cate/nganh-dao-tao-dai-hoc/co-dien-tu-dh-nagaoka-nhat-ban,2026-09-23,web_extracted,2026.1
HE1,Kỹ thuật Nhiệt,Tiếng Việt,Cử nhân - Thạc sĩ tích hợp - Tiến sĩ (NCS),"4 - 5,5 - 8,5 năm",28 - 40 triệu đồng/năm,Tháng 4 - 8 hàng năm,https://sme.hust.edu.vn/vi/dao-tao/chuong-trinh-chuan/chuong-trinh-ky-thuat-nhiet-20.html,2026,Trang giới thiệu ngành trên ts.hust.edu.vn — mục Thông tin nhanh,https://ts.hust.edu.vn/training-cate/nganh-dao-tao-dai-hoc/ky-thuat-nhiet,2026-09-23,web_extracted,2026.1
TE-EP,Cơ khí hàng không (Chương trình Việt - Pháp PFIEV),Tiếng Pháp,Kỹ sư - Thạc sĩ,"5 - 5,5 năm",40 - 45 triệu đồng/năm,Tháng 4 - 8 hàng năm,https://sme.hust.edu.vn/vi/dao-tao/chuong-trinh-elitech/elitech-chuong-trinh-co-khi-hang-khong-chuong-trinh-viet-phap-pfiev-23.html,2026,Trang giới thiệu ngành trên ts.hust.edu.vn — mục Thông tin nhanh,https://ts.hust.edu.vn/training-cate/nganh-dao-tao-dai-hoc/co-khi-hang-khong-chuong-trinh-viet-phap-pfiev,2026-09-23,web_extracted,2026.1
ME-GU,Cơ khí - Chế tạo máy - hợp tác với ĐH Griffith (Úc),Tiếng Anh,Cử nhân - Kỹ sư,4 - 5 năm,24 - 30 triệu đồng/học kỳ,Tháng 4 - 8 hàng năm,https://sme.hust.edu.vn/vi/dao-tao/chuong-trinh-quoc-te/chuong-trinh-hop-tac-dao-tao-quoc-te-co-khi-ctm-voi-dh-griffith-uc-3.html,2026,Trang giới thiệu ngành trên ts.hust.edu.vn — mục Thông tin nhanh,https://ts.hust.edu.vn/training-cate/nganh-dao-tao-dai-hoc/co-khi-che-tao-may-dh-griffith-uc,2026-09-23,web_extracted,2026.1
TE-E2,Kỹ thuật Ô tô (CT tiên tiến),Tiếng Anh,Cử nhân - Thạc sĩ - Tiến sĩ (NCS),"4 - 5,5 - 8,5 năm",35 - 50 triệu đồng/năm,Tháng 4 - 8 hàng năm,https://sme.hust.edu.vn/vi/dao-tao/chuong-trinh-elitech/elitech-chuong-trinh-tien-tien-ky-thuat-o-to-22.html,2026,Trang giới thiệu ngành trên ts.hust.edu.vn — mục Thông tin nhanh,https://ts.hust.edu.vn/training-cate/nganh-dao-tao-dai-hoc/ky-thuat-o-to-chuong-trinh-tien-tien,2026-09-23,web_extracted,2026.1
CH1,Kỹ thuật Hoá học,Tiếng Việt,Cử nhân - Thạc sĩ tích hợp - Tiến sĩ (NCS),"4 - 5,5 - 8,5 năm",28 - 40 triệu đồng/năm,Tháng 4 - 8 hàng năm,https://scls.hust.edu.vn/vi/tuyen-sinh/ch1-ky-thuat-hoa-hoc/,2026,Trang giới thiệu ngành trên ts.hust.edu.vn — mục Thông tin nhanh,https://ts.hust.edu.vn/training-cate/nganh-dao-tao-dai-hoc/ky-thuat-hoa-hoc,2026-09-23,web_extracted,2026.1
CH2,Hoá học,Tiếng Việt,Cử nhân - Thạc sĩ tích hợp - Tiến sĩ (NCS),"4 - 5,5 - 8,5 năm",28 - 40 triệu đồng/năm,Tháng 4 - 8 hàng năm,https://scls.hust.edu.vn/vi/tuyen-sinh/ch2-hoa-hoc/,2026,Trang giới thiệu ngành trên ts.hust.edu.vn — mục Thông tin nhanh,https://ts.hust.edu.vn/training-cate/nganh-dao-tao-dai-hoc/hoa-hoc,2026-09-23,web_extracted,2026.1
BF1,Kỹ thuật Sinh học,Tiếng Việt,Cử nhân - Thạc sĩ tích hợp - Tiến sĩ (NCS),"4 - 5,5 - 8,5 năm",28 - 40 triệu đồng/năm,Tháng 4 - 8 hàng năm,https://scls.hust.edu.vn/vi/tuyen-sinh/bf1-ky-thuat-sinh-hoc/,2026,Trang giới thiệu ngành trên ts.hust.edu.vn — mục Thông tin nhanh,https://ts.hust.edu.vn/training-cate/nganh-dao-tao-dai-hoc/ky-thuat-sinh-hoc,2026-09-23,web_extracted,2026.1
BF2,Kỹ thuật Thực phẩm,Tiếng Việt,Cử nhân - Thạc sĩ tích hợp - Tiến sĩ (NCS),"4 - 5,5 - 8,5 năm",28 - 40 triệu đồng/năm,Tháng 4 - 8 hàng năm,https://scls.hust.edu.vn/vi/tuyen-sinh/bf2-ky-thuat-thuc-pham/,2026,Trang giới thiệu ngành trên ts.hust.edu.vn — mục Thông tin nhanh,https://ts.hust.edu.vn/training-cate/nganh-dao-tao-dai-hoc/ky-thuat-thuc-pham,2026-09-23,web_extracted,2026.1
EV1,Kỹ thuật Môi trường,Tiếng Việt,Cử nhân - Thạc sĩ tích hợp - Tiến sĩ (NCS),"4 - 5,5 - 8,5 năm",28 - 40 triệu đồng/năm,Tháng 8 hàng năm,https://scls.hust.edu.vn/vi/dao-tao/ky-thuat-moi-truong/,2026,Trang giới thiệu ngành trên ts.hust.edu.vn — mục Thông tin nhanh,https://ts.hust.edu.vn/training-cate/nganh-dao-tao-dai-hoc/ky-thuat-moi-truong,2026-09-23,web_extracted,2026.1
EV2,Quản lý Tài nguyên và Môi trường,Tiếng Việt,Cử nhân,"4 - 5,5 năm",28 - 40 triệu đồng/năm,Tháng 8 hàng năm,https://scls.hust.edu.vn/vi/dao-tao/quan-ly-tai-nguyen-va-moi-truong/,2026,Trang giới thiệu ngành trên ts.hust.edu.vn — mục Thông tin nhanh,https://ts.hust.edu.vn/training-cate/nganh-dao-tao-dai-hoc/quan-ly-tai-nguyen-va-moi-truong,2026-09-23,web_extracted,2026.1
CH-E20,Hoá học Mỹ phẩm (CT tiên tiến) (mới),Tiếng Anh,Cử nhân,4 năm,40 - 45 triệu đồng/năm,Tháng 8 hàng năm,https://scls.hust.edu.vn/vi/tuyen-sinh/ch-e20-hoa-hoc-my-pham-elitech/,2026,Trang giới thiệu ngành trên ts.hust.edu.vn — mục Thông tin nhanh,https://ts.hust.edu.vn/training-cate/nganh-dao-tao-dai-hoc/hoa-hoc-my-pham-chuong-trinh-tien-tien,2026-09-23,web_extracted,2026.1
CH-E11,Kỹ thuật Hóa dược (CT tiên tiến),Tiếng Anh,Cử nhân - Kỹ sư/Thạc sĩ - Tiến sĩ,"4 - 5,5 - 8,5 năm",35 - 50 triệu đồng/năm,Tháng 8 hàng năm,https://scls.hust.edu.vn/vi/tuyen-sinh/ch-e11-ky-thuat-hoa-duoc-elitech/,2026,Trang giới thiệu ngành trên ts.hust.edu.vn — mục Thông tin nhanh,https://ts.hust.edu.vn/training-cate/nganh-dao-tao-dai-hoc/ky-thuat-hoa-duoc-chuong-trinh-tien-tien,2026-09-23,web_extracted,2026.1
BF-E12,Kỹ thuật Thực phẩm (Chương trình tiên tiến),Tiếng Anh,Cử nhân - Thạc sĩ tích hợp - Tiến sĩ (NCS),"4 - 5,5 - 8,5 năm",35 - 50 triệu đồng/năm,Tháng 4 - 8 hàng năm,https://scls.hust.edu.vn/vi/tuyen-sinh/bf-e12-ky-thuat-thuc-pham-elitech/,2026,Trang giới thiệu ngành trên ts.hust.edu.vn — mục Thông tin nhanh,https://ts.hust.edu.vn/training-cate/nganh-dao-tao-dai-hoc/ky-thuat-thuc-pham-chuong-trinh-tien-tien,2026-09-23,web_extracted,2026.1
BF-E19,Kỹ thuật sinh học (Chương trình tiên tiến),Tiếng Anh,Cử nhân - Thạc sĩ - Tiến sĩ (NCS),"4 - 5,5 - 8,5 năm",35 - 50 triệu đồng/năm,Tháng 8 hàng năm,https://scls.hust.edu.vn/vi/tuyen-sinh/bf-e19-ky-thuat-sinh-hoc-elitech/,2026,Trang giới thiệu ngành trên ts.hust.edu.vn — mục Thông tin nhanh,https://ts.hust.edu.vn/training-cate/nganh-dao-tao-dai-hoc/ky-thuat-sinh-hoc-chuong-trinh-tien-tien,2026-09-23,web_extracted,2026.1
MS2,Kỹ thuật Vi điện tử và Công nghệ nano,Tiếng Việt,Cử nhân - Thạc sĩ tích hợp - Tiến sĩ (NCS),"4 - 5,5 - 8,5 năm",28 - 40 triệu đồng/năm,Tháng 4-8 hàng năm,https://smse.hust.edu.vn/vi/dao-tao/dao-tao-dai-hoc/chuong-trinh-ky-thuat-vi-dien-tu-va-cong-nghe-nano-7.html,2026,Trang giới thiệu ngành trên ts.hust.edu.vn — mục Thông tin nhanh,https://ts.hust.edu.vn/training-cate/nganh-dao-tao-dai-hoc/chuong-trinh-ky-thuat-vi-dien-tu-va-cong-nghe-nano,2026-09-23,web_extracted,2026.1
MS1,Kỹ thuật Vật liệu,Tiếng Việt,Cử nhân - Thạc sĩ tích hợp - Tiến sĩ (NCS),"4 - 5,5 - 8,5 năm",28 - 40 triệu đồng/năm,Tháng 4 - 8 hàng năm,https://smse.hust.edu.vn/vi/dao-tao/dao-tao-dai-hoc/chuong-trinh-ky-thuat-vat-lieu-4.html,2026,Trang giới thiệu ngành trên ts.hust.edu.vn — mục Thông tin nhanh,https://ts.hust.edu.vn/training-cate/nganh-dao-tao-dai-hoc/ky-thuat-vat-lieu,2026-09-23,web_extracted,2026.1
MS3,Công nghệ vật liệu Polyme và Compozit,Tiếng Việt,Cử nhân - Thạc sĩ - Tiến sĩ (NCS),"4 - 5,5 - 8,5 năm",28 - 40 triệu đồng/năm,Tháng 8 hàng năm,https://smse.hust.edu.vn/vi/dao-tao/dao-tao-dai-hoc/chuong-trinh-dao-tao-cong-nghe-vat-lieu-polyme-va-compozit-3.html,2026,Trang giới thiệu ngành trên ts.hust.edu.vn — mục Thông tin nhanh,https://ts.hust.edu.vn/training-cate/nganh-dao-tao-dai-hoc/cong-nghe-vat-lieu-polyme-va-compozit,2026-09-23,web_extracted,2026.1
MS-E3,Khoa học và kỹ thuật vật liệu (CT tiên tiến),Tiếng Anh,Cử nhân - Thạc sĩ tích hợp - Tiến sĩ (NCS),"4 - 5,5 - 8,5 năm",35 - 50 triệu đồng/năm,Tháng 4 - 8 hàng năm,https://smse.hust.edu.vn/vi/dao-tao/dao-tao-dai-hoc/chuong-trinh-khoa-hoc-va-ky-thuat-vat-lieu-cttt-5.html,2026,Trang giới thiệu ngành trên ts.hust.edu.vn — mục Thông tin nhanh,https://ts.hust.edu.vn/training-cate/nganh-dao-tao-dai-hoc/khoa-hoc-va-ky-thuat-vat-lieu-chuong-trinh-tien-tien,2026-09-23,web_extracted,2026.1
MS5,Kỹ thuật in,Tiếng Việt,Cử nhân - Thạc sĩ tích hợp - Tiến sĩ (NCS),"4 - 5,5 - 8,5 năm",28 - 40 triệu đồng/năm,Tháng 4 - 8 hàng năm,https://smse.hust.edu.vn/vi/dao-tao/dao-tao-dai-hoc/chuong-trinh-ky-thuat-in-6.html,2026,Trang giới thiệu ngành trên ts.hust.edu.vn — mục Thông tin nhanh,https://ts.hust.edu.vn/training-cate/nganh-dao-tao-dai-hoc/ky-thuat-in,2026-09-23,web_extracted,2026.1
TX1,Công nghệ Dệt - May,Tiếng Việt,Cử nhân - Thạc sĩ tích hợp - Tiến sĩ (NCS),"4 - 5,5 - 8,5 năm",28 - 40 triệu đồng/năm,Tháng 4 - 8 hàng năm,https://smse.hust.edu.vn/vi/dao-tao/dao-tao-dai-hoc/chuong-trinh-dao-tao-cong-nghe-det-may-2.html,2026,Trang giới thiệu ngành trên ts.hust.edu.vn — mục Thông tin nhanh,https://ts.hust.edu.vn/training-cate/nganh-dao-tao-dai-hoc/cong-nghe-det-may,2026-09-23,web_extracted,2026.1
EM2,Quản lý công nghiệp,Tiếng Việt,Cử nhân - Thạc sĩ - Tiến sĩ (NCS),4 - 6 - 9 năm,28 - 40 triệu đồng/năm,Tháng 4 - 8 hàng năm,https://sem.hust.edu.vn/chuong-trinh-tich-hop-quan-ly-cong-nghiep,2026,Trang giới thiệu ngành trên ts.hust.edu.vn — mục Thông tin nhanh,https://ts.hust.edu.vn/training-cate/nganh-dao-tao-dai-hoc/quan-ly-cong-nghiep,2026-09-23,web_extracted,2026.1
EM1,Quản lý năng lượng,Tiếng Việt,Cử nhân - Thạc sĩ - Tiến sĩ (NCS),4 - 6 - 9 năm,28 - 40 triệu đồng/năm,Tháng 4 - 8 hàng năm,https://sem.hust.edu.vn/chuong-trinh-cu-nhan-quan-ly-nang-luong,2026,Trang giới thiệu ngành trên ts.hust.edu.vn — mục Thông tin nhanh,https://ts.hust.edu.vn/training-cate/nganh-dao-tao-dai-hoc/quan-ly-nang-luong,2026-09-23,web_extracted,2026.1
EM-E14,Logistics và Quản lý chuỗi cung ứng (CT tiên tiến),Tiếng Anh,Cử nhân ĐHBKHN,4 năm (tại ĐHBKHN),~65 triệu đồng/năm,Tháng 8 hàng năm,https://sem.hust.edu.vn/chuong-trinh-tien-tien-logistics-va-quan-ly-chuoi-cung-ung,2026,Trang giới thiệu ngành trên ts.hust.edu.vn — mục Thông tin nhanh,https://ts.hust.edu.vn/training-cate/nganh-dao-tao-dai-hoc/logistics-va-quan-ly-chuoi-cung-ung-chuong-trinh-tien-tien,2026-09-23,web_extracted,2026.1
EM5,Tài chính - Ngân hàng,Tiếng Việt,Cử nhân - Thạc sĩ - Tiến sĩ (NCS),4 - 6 - 9 năm,28 - 40 triệu đồng/năm,Tháng 8 hàng năm,https://sem.hust.edu.vn/chuong-trinh-cu-nhan-tai-chinh-ngan-hang,2026,Trang giới thiệu ngành trên ts.hust.edu.vn — mục Thông tin nhanh,https://ts.hust.edu.vn/training-cate/nganh-dao-tao-dai-hoc/tai-chinh-ngan-hang,2026-09-23,web_extracted,2026.1
EM3,Quản trị kinh doanh,Tiếng Việt,Cử nhân - Thạc sĩ - Tiến sĩ (NCS),4 - 6 - 9 năm,28 - 40 triệu đồng/năm,Tháng 4 - 8 hàng năm,https://sem.hust.edu.vn/chuong-trinh-tich-hop-quan-tri-kinh-doanh,2026,Trang giới thiệu ngành trên ts.hust.edu.vn — mục Thông tin nhanh,https://ts.hust.edu.vn/training-cate/nganh-dao-tao-dai-hoc/quan-tri-kinh-doanh,2026-09-23,web_extracted,2026.1
EM-E13,Phân tích kinh doanh (CT tiên tiến),Tiếng Anh,Cử nhân - Thạc sĩ - Tiến sĩ (NCS),4 - 6 - 9 năm,35 - 50 triệu đồng/năm,Tháng 8 hàng năm,https://sem.hust.edu.vn/chuong-trinh-tien-tien-phan-tich-kinh-doanh,2026,Trang giới thiệu ngành trên ts.hust.edu.vn — mục Thông tin nhanh,https://ts.hust.edu.vn/training-cate/nganh-dao-tao-dai-hoc/phan-tich-kinh-doanh-chuong-trinh-tien-tien,2026-09-23,web_extracted,2026.1
EM-E17,Kế toán (CT tiên tiến) (mới),Tiếng Anh,Cử nhân,3.5 năm,35 - 45 triệu đồng/năm,Tháng 8 hàng năm,https://sem.hust.edu.vn/chuong-trinh-tien-tien-ke-toan,2026,Trang giới thiệu ngành trên ts.hust.edu.vn — mục Thông tin nhanh,https://ts.hust.edu.vn/training-cate/nganh-dao-tao-dai-hoc/ke-toan-chuong-trinh-tien-tien,2026-09-23,web_extracted,2026.1
MI1,Toán - Tin,Tiếng Việt,Cử nhân - Thạc sĩ tích hợp - Tiến sĩ (NCS),"4 - 5,5 - 8,5 năm",28 - 40 triệu đồng/năm,Tháng 7 - 8 hàng năm,https://fami.hust.edu.vn/dao-tao/dao-tao-dai-hoc/chuong-trinh-dao-tao-toan-tin/,2026,Trang giới thiệu ngành trên ts.hust.edu.vn — mục Thông tin nhanh,https://ts.hust.edu.vn/training-cate/nganh-dao-tao-dai-hoc/toan-tin,2026-09-23,web_extracted,2026.1
MI-E22,Khoa học tính toán cho các hệ thống thông minh (CT tiên tiến) (mới),Tiếng Anh,Cử nhân - Thạc sĩ - Tiến sĩ (NCS),"4 - 5,5 - 8,5 năm",35 - 45 triệu đồng/năm,Tháng 7 - 8 hàng năm,https://fami.hust.edu.vn/dao-tao/dao-tao-dai-hoc/ctdt-khoa-hoc-tinh-toan-cho-cac-he-thong-thong-minh/,2026,Trang giới thiệu ngành trên ts.hust.edu.vn — mục Thông tin nhanh,https://ts.hust.edu.vn/training-cate/nganh-dao-tao-dai-hoc/khoa-hoc-tinh-toan-cho-cac-he-thong-thong-minh-cttt,2026-09-23,web_extracted,2026.1
MI2,Hệ thống thông tin quản lý,Tiếng Việt,Cử nhân - Thạc sĩ tích hợp - Tiến sĩ (NCS),"4 - 5,5 - 8,5 năm",28 - 40 triệu đồng/năm,Tháng 4 - 8 hàng năm,https://fami.hust.edu.vn/dao-tao/dao-tao-dai-hoc/chuong-trinh-he-thong-thong-tin-quan-ly/,2026,Trang giới thiệu ngành trên ts.hust.edu.vn — mục Thông tin nhanh,https://ts.hust.edu.vn/training-cate/nganh-dao-tao-dai-hoc/he-thong-thong-tin-quan-ly,2026-09-23,web_extracted,2026.1
TROY-IT,Khoa học máy tính - hợp tác với ĐH Troy (Hoa Kỳ),Tiếng Anh,Cử nhân,"3,5 năm (10 học kỳ)",33 triệu đồng/học kỳ,Tháng 4 - 8 hàng năm,https://fami.hust.edu.vn/dao-tao/dao-tao-dai-hoc/chuong-trinh-dao-tao-khoa-hoc-may-tinh-dh-troy/,2026,Trang giới thiệu ngành trên ts.hust.edu.vn — mục Thông tin nhanh,https://ts.hust.edu.vn/training-cate/nganh-dao-tao-dai-hoc/khoa-hoc-may-tinh-dh-troy-hoa-ky,2026-09-23,web_extracted,2026.1
PH1,Vật lý kỹ thuật,Tiếng Việt,Cử nhân - Thạc sĩ tích hợp - Tiến sĩ (NCS),"4 - 5,5 - 8,5 năm",28 - 40 triệu đồng/năm,Tháng 4 - 8 hàng năm,https://sep.hust.edu.vn/dao-tao/he-dai-hoc/chuong-trinh-vat-ly-ky-thuat-ma-tuyen-sinh-ph1.html,2026,Trang giới thiệu ngành trên ts.hust.edu.vn — mục Thông tin nhanh,https://ts.hust.edu.vn/training-cate/nganh-dao-tao-dai-hoc/vat-ly-ky-thuat,2026-09-23,web_extracted,2026.1
PH2,Kỹ thuật hạt nhân,Tiếng Việt,Cử nhân - Thạc sĩ tích hợp - Tiến sĩ (NCS),"4 - 5,5 - 8,5 năm",28 - 40 triệu đồng/năm,Tháng 4 - 8 hàng năm,https://sep.hust.edu.vn/dao-tao/he-dai-hoc/chuong-trinh-dao-tao-ky-thuat-hat-nhan-ph2.html,2026,Trang giới thiệu ngành trên ts.hust.edu.vn — mục Thông tin nhanh,https://ts.hust.edu.vn/training-cate/nganh-dao-tao-dai-hoc/ky-thuat-hat-nhan,2026-09-23,web_extracted,2026.1
PH3,Vật lý Y khoa,Tiếng Việt,Cử nhân,"4 - 5,5 năm",28 - 40 triệu đồng/năm,Tháng 4 - 8 hàng năm,https://sep.hust.edu.vn/dao-tao/he-dai-hoc/chuong-trinh-dao-tao-dai-hoc-vat-ly-y-khoa-ph3.html,2026,Trang giới thiệu ngành trên ts.hust.edu.vn — mục Thông tin nhanh,https://ts.hust.edu.vn/training-cate/nganh-dao-tao-dai-hoc/vat-ly-y-khoa,2026-09-23,web_extracted,2026.1
ED2,Công nghệ giáo dục,Tiếng Việt,Cử nhân,4 năm,28 - 40 triệu đồng/năm,Tháng 8 hàng năm,https://fed.hust.edu.vn/vi/dao-tao/dai-hoc/chuong-trinh-dt-cong-nghe-giao-duc-178281.html,2026,Trang giới thiệu ngành trên ts.hust.edu.vn — mục Thông tin nhanh,https://ts.hust.edu.vn/training-cate/nganh-dao-tao-dai-hoc/cong-nghe-giao-duc,2026-09-23,web_extracted,2026.1
ED5,Tâm lý học công nghiệp và tổ chức (mới),Tiếng Việt,Cử nhân,4 năm,22 - 28 triệu đồng/năm,Tháng 8 hàng năm,https://fed.hust.edu.vn/vi/dao-tao/dai-hoc/chuong-trinh-dao-tao-tam-ly-hoc-cong-nghiep-va-to-chuc-214989.html,2026,Trang giới thiệu ngành trên ts.hust.edu.vn — mục Thông tin nhanh,https://ts.hust.edu.vn/training-cate/nganh-dao-tao-dai-hoc/tam-ly-hoc-cong-nghiep-va-to-chuc,2026-09-23,web_extracted,2026.1
ED3,Quản lý giáo dục,Tiếng Việt,Cử nhân - Thạc sĩ - Tiến sĩ (NCS),"4 - 5,5 - 8,5 năm",28 - 40 triệu đồng/năm,Tháng 4-8 hàng năm,https://fed.hust.edu.vn/vi/dao-tao/dai-hoc/chuong-trinh-dao-tao-cu-nhan-quan-ly-giao-duc-214985.html,2026,Trang giới thiệu ngành trên ts.hust.edu.vn — mục Thông tin nhanh,https://ts.hust.edu.vn/training-cate/nganh-dao-tao-dai-hoc/quan-ly-giao-duc,2026-09-23,web_extracted,2026.1
FL3,Tiếng Trung Khoa học và Công nghệ,,Cử nhân - Thạc sĩ - Tiến sĩ (NCS),"4 - 5,5 - 8,5 năm",28 - 40 triệu đồng/năm,Tháng 4-8 hàng năm,https://sofl.hust.edu.vn/nganh-fl3,2026,Trang giới thiệu ngành trên ts.hust.edu.vn — mục Thông tin nhanh,https://ts.hust.edu.vn/training-cate/nganh-dao-tao-dai-hoc/tieng-trung-khoa-hoc-va-cong-nghe,2026-09-23,web_extracted,2026.1
FL1,Tiếng Anh KHKT và Công nghệ,Tiếng Anh,Cử nhân - Thạc sĩ,4 năm (8 học kỳ) - 6 năm,28 - 40 triệu đồng/năm,Tháng 8 hàng năm,https://sofl.hust.edu.vn/nganh-fl1,2026,Trang giới thiệu ngành trên ts.hust.edu.vn — mục Thông tin nhanh,https://ts.hust.edu.vn/training-cate/nganh-dao-tao-dai-hoc/tieng-anh-khoa-hoc-ky-thuat-va-cong-nghe,2026-09-23,web_extracted,2026.1
FL4,Tiếng Hàn Khoa học và Công nghệ (mới),Tiếng Hàn,Cử nhân,4 năm,28 - 35 triệu đồng/năm,Tháng 8 hàng năm,https://sofl.hust.edu.vn/nganh-fl4,2026,Trang giới thiệu ngành trên ts.hust.edu.vn — mục Thông tin nhanh,https://ts.hust.edu.vn/training-cate/nganh-dao-tao-dai-hoc/tieng-han-khoa-hoc-va-cong-nghe,2026-09-23,web_extracted,2026.1
FL2,Tiếng Anh chuyên nghiệp quốc tế,Tiếng Anh,Cử nhân - Thạc sĩ,4 năm (8 học kỳ) - 6 năm,55 triệu đồng/năm,Tháng 8 hàng năm,https://sofl.hust.edu.vn/nganh-fl2,2026,Trang giới thiệu ngành trên ts.hust.edu.vn — mục Thông tin nhanh,https://ts.hust.edu.vn/training-cate/nganh-dao-tao-dai-hoc/tieng-anh-chuyen-nghiep-quoc-te,2026-09-23,web_extracted,2026.1
