program_code,program_name,program_group,quota,quota_type,year,source,source_url,collection_date,verification_status,dataset_version
BF1,Kỹ thuật Sinh học,CÁC CHƯƠNG TRÌNH CHUẨN,160,tong_nganh,2025,Đề án tuyển sinh 2025 — bảng danh mục chương trình,https://ts.hust.edu.vn/tin-tuc/dhbk-ha-noi-cong-bo-phuong-an-tuyen-sinh-dai-hoc-chinh-quy-nam-2025,2026-09-21,html_parsed,2026.1
BF2,Kỹ thuật Thực phẩm,CÁC CHƯƠNG TRÌNH CHUẨN,360,tong_nganh,2025,Đề án tuyển sinh 2025 — bảng danh mục chương trình,https://ts.hust.edu.vn/tin-tuc/dhbk-ha-noi-cong-bo-phuong-an-tuyen-sinh-dai-hoc-chinh-quy-nam-2025,2026-09-21,html_parsed,2026.1
CH1,Kỹ thuật Hóa học,CÁC CHƯƠNG TRÌNH CHUẨN,680,tong_nganh,2025,Đề án tuyển sinh 2025 — bảng danh mục chương trình,https://ts.hust.edu.vn/tin-tuc/dhbk-ha-noi-cong-bo-phuong-an-tuyen-sinh-dai-hoc-chinh-quy-nam-2025,2026-09-21,html_parsed,2026.1
CH2,Hóa học,CÁC CHƯƠNG TRÌNH CHUẨN,160,tong_nganh,2025,Đề án tuyển sinh 2025 — bảng danh mục chương trình,https://ts.hust.edu.vn/tin-tuc/dhbk-ha-noi-cong-bo-phuong-an-tuyen-sinh-dai-hoc-chinh-quy-nam-2025,2026-09-21,html_parsed,2026.1
ED2,Công nghệ Giáo dục,CÁC CHƯƠNG TRÌNH CHUẨN,120,tong_nganh,2025,Đề án tuyển sinh 2025 — bảng danh mục chương trình,https://ts.hust.edu.vn/tin-tuc/dhbk-ha-noi-cong-bo-phuong-an-tuyen-sinh-dai-hoc-chinh-quy-nam-2025,2026-09-21,html_parsed,2026.1
ED3,Quản lý Giáo dục (mới),CÁC CHƯƠNG TRÌNH CHUẨN,60,tong_nganh,2025,Đề án tuyển sinh 2025 — bảng danh mục chương trình,https://ts.hust.edu.vn/tin-tuc/dhbk-ha-noi-cong-bo-phuong-an-tuyen-sinh-dai-hoc-chinh-quy-nam-2025,2026-09-21,html_parsed,2026.1
EE1,Kỹ thuật điện,CÁC CHƯƠNG TRÌNH CHUẨN,240,tong_nganh,2025,Đề án tuyển sinh 2025 — bảng danh mục chương trình,https://ts.hust.edu.vn/tin-tuc/dhbk-ha-noi-cong-bo-phuong-an-tuyen-sinh-dai-hoc-chinh-quy-nam-2025,2026-09-21,html_parsed,2026.1
EE2,Kỹ thuật điều khiển & Tự động hóa,CÁC CHƯƠNG TRÌNH CHUẨN,500,tong_nganh,2025,Đề án tuyển sinh 2025 — bảng danh mục chương trình,https://ts.hust.edu.vn/tin-tuc/dhbk-ha-noi-cong-bo-phuong-an-tuyen-sinh-dai-hoc-chinh-quy-nam-2025,2026-09-21,html_parsed,2026.1
EM1,Quản lý Năng lượng,CÁC CHƯƠNG TRÌNH CHUẨN,60,tong_nganh,2025,Đề án tuyển sinh 2025 — bảng danh mục chương trình,https://ts.hust.edu.vn/tin-tuc/dhbk-ha-noi-cong-bo-phuong-an-tuyen-sinh-dai-hoc-chinh-quy-nam-2025,2026-09-21,html_parsed,2026.1
EM2,Quản lý Công nghiệp,CÁC CHƯƠNG TRÌNH CHUẨN,80,tong_nganh,2025,Đề án tuyển sinh 2025 — bảng danh mục chương trình,https://ts.hust.edu.vn/tin-tuc/dhbk-ha-noi-cong-bo-phuong-an-tuyen-sinh-dai-hoc-chinh-quy-nam-2025,2026-09-21,html_parsed,2026.1
EM3,Quản trị Kinh doanh,CÁC CHƯƠNG TRÌNH CHUẨN,120,tong_nganh,2025,Đề án tuyển sinh 2025 — bảng danh mục chương trình,https://ts.hust.edu.vn/tin-tuc/dhbk-ha-noi-cong-bo-phuong-an-tuyen-sinh-dai-hoc-chinh-quy-nam-2025,2026-09-21,html_parsed,2026.1
EM4,Kế toán,CÁC CHƯƠNG TRÌNH CHUẨN,80,tong_nganh,2025,Đề án tuyển sinh 2025 — bảng danh mục chương trình,https://ts.hust.edu.vn/tin-tuc/dhbk-ha-noi-cong-bo-phuong-an-tuyen-sinh-dai-hoc-chinh-quy-nam-2025,2026-09-21,html_parsed,2026.1
EM5,Tài chính-Ngân hàng,CÁC CHƯƠNG TRÌNH CHUẨN,80,tong_nganh,2025,Đề án tuyển sinh 2025 — bảng danh mục chương trình,https://ts.hust.edu.vn/tin-tuc/dhbk-ha-noi-cong-bo-phuong-an-tuyen-sinh-dai-hoc-chinh-quy-nam-2025,2026-09-21,html_parsed,2026.1
ET1,Kỹ thuật Điện tử-Viễn thông,CÁC CHƯƠNG TRÌNH CHUẨN,480,tong_nganh,2025,Đề án tuyển sinh 2025 — bảng danh mục chương trình,https://ts.hust.edu.vn/tin-tuc/dhbk-ha-noi-cong-bo-phuong-an-tuyen-sinh-dai-hoc-chinh-quy-nam-2025,2026-09-21,html_parsed,2026.1
ET2,Kỹ thuật Y sinh,CÁC CHƯƠNG TRÌNH CHUẨN,100,tong_nganh,2025,Đề án tuyển sinh 2025 — bảng danh mục chương trình,https://ts.hust.edu.vn/tin-tuc/dhbk-ha-noi-cong-bo-phuong-an-tuyen-sinh-dai-hoc-chinh-quy-nam-2025,2026-09-21,html_parsed,2026.1
EV1,Kỹ thuật Môi trường,CÁC CHƯƠNG TRÌNH CHUẨN,160,tong_nganh,2025,Đề án tuyển sinh 2025 — bảng danh mục chương trình,https://ts.hust.edu.vn/tin-tuc/dhbk-ha-noi-cong-bo-phuong-an-tuyen-sinh-dai-hoc-chinh-quy-nam-2025,2026-09-21,html_parsed,2026.1
EV2,Quản lý Tài nguyên và Môi trường,CÁC CHƯƠNG TRÌNH CHUẨN,120,tong_nganh,2025,Đề án tuyển sinh 2025 — bảng danh mục chương trình,https://ts.hust.edu.vn/tin-tuc/dhbk-ha-noi-cong-bo-phuong-an-tuyen-sinh-dai-hoc-chinh-quy-nam-2025,2026-09-21,html_parsed,2026.1
FL1,Tiếng Anh KHKT và Công nghệ,CÁC CHƯƠNG TRÌNH CHUẨN,210,tong_nganh,2025,Đề án tuyển sinh 2025 — bảng danh mục chương trình,https://ts.hust.edu.vn/tin-tuc/dhbk-ha-noi-cong-bo-phuong-an-tuyen-sinh-dai-hoc-chinh-quy-nam-2025,2026-09-21,html_parsed,2026.1
FL3,Tiếng Trung KH & KT (mới),CÁC CHƯƠNG TRÌNH CHUẨN,40,tong_nganh,2025,Đề án tuyển sinh 2025 — bảng danh mục chương trình,https://ts.hust.edu.vn/tin-tuc/dhbk-ha-noi-cong-bo-phuong-an-tuyen-sinh-dai-hoc-chinh-quy-nam-2025,2026-09-21,html_parsed,2026.1
HE1,Kỹ thuật Nhiệt,CÁC CHƯƠNG TRÌNH CHUẨN,250,tong_nganh,2025,Đề án tuyển sinh 2025 — bảng danh mục chương trình,https://ts.hust.edu.vn/tin-tuc/dhbk-ha-noi-cong-bo-phuong-an-tuyen-sinh-dai-hoc-chinh-quy-nam-2025,2026-09-21,html_parsed,2026.1
IT1,CNTT: Khoa học Máy tính,CÁC CHƯƠNG TRÌNH CHUẨN,300,tong_nganh,2025,Đề án tuyển sinh 2025 — bảng danh mục chương trình,https://ts.hust.edu.vn/tin-tuc/dhbk-ha-noi-cong-bo-phuong-an-tuyen-sinh-dai-hoc-chinh-quy-nam-2025,2026-09-21,html_parsed,2026.1
IT2,CNTT: Kỹ thuật Máy tính,CÁC CHƯƠNG TRÌNH CHUẨN,200,tong_nganh,2025,Đề án tuyển sinh 2025 — bảng danh mục chương trình,https://ts.hust.edu.vn/tin-tuc/dhbk-ha-noi-cong-bo-phuong-an-tuyen-sinh-dai-hoc-chinh-quy-nam-2025,2026-09-21,html_parsed,2026.1
ME1,Kỹ thuật Cơ điện tử,CÁC CHƯƠNG TRÌNH CHUẨN,300,tong_nganh,2025,Đề án tuyển sinh 2025 — bảng danh mục chương trình,https://ts.hust.edu.vn/tin-tuc/dhbk-ha-noi-cong-bo-phuong-an-tuyen-sinh-dai-hoc-chinh-quy-nam-2025,2026-09-21,html_parsed,2026.1
ME2,Kỹ thuật Cơ khí,CÁC CHƯƠNG TRÌNH CHUẨN,560,tong_nganh,2025,Đề án tuyển sinh 2025 — bảng danh mục chương trình,https://ts.hust.edu.vn/tin-tuc/dhbk-ha-noi-cong-bo-phuong-an-tuyen-sinh-dai-hoc-chinh-quy-nam-2025,2026-09-21,html_parsed,2026.1
MI1,Toán-Tin,CÁC CHƯƠNG TRÌNH CHUẨN,160,tong_nganh,2025,Đề án tuyển sinh 2025 — bảng danh mục chương trình,https://ts.hust.edu.vn/tin-tuc/dhbk-ha-noi-cong-bo-phuong-an-tuyen-sinh-dai-hoc-chinh-quy-nam-2025,2026-09-21,html_parsed,2026.1
MI2,Hệ thống Thông tin quản lý,CÁC CHƯƠNG TRÌNH CHUẨN,80,tong_nganh,2025,Đề án tuyển sinh 2025 — bảng danh mục chương trình,https://ts.hust.edu.vn/tin-tuc/dhbk-ha-noi-cong-bo-phuong-an-tuyen-sinh-dai-hoc-chinh-quy-nam-2025,2026-09-21,html_parsed,2026.1
MS1,Kỹ thuật Vật liệu,CÁC CHƯƠNG TRÌNH CHUẨN,280,tong_nganh,2025,Đề án tuyển sinh 2025 — bảng danh mục chương trình,https://ts.hust.edu.vn/tin-tuc/dhbk-ha-noi-cong-bo-phuong-an-tuyen-sinh-dai-hoc-chinh-quy-nam-2025,2026-09-21,html_parsed,2026.1
MS2,Kỹ thuật Vi điện tử và Công nghệ nano,CÁC CHƯƠNG TRÌNH CHUẨN,180,tong_nganh,2025,Đề án tuyển sinh 2025 — bảng danh mục chương trình,https://ts.hust.edu.vn/tin-tuc/dhbk-ha-noi-cong-bo-phuong-an-tuyen-sinh-dai-hoc-chinh-quy-nam-2025,2026-09-21,html_parsed,2026.1
MS3,Công nghệ vật liệu Polyme và Compozit,CÁC CHƯƠNG TRÌNH CHUẨN,80,tong_nganh,2025,Đề án tuyển sinh 2025 — bảng danh mục chương trình,https://ts.hust.edu.vn/tin-tuc/dhbk-ha-noi-cong-bo-phuong-an-tuyen-sinh-dai-hoc-chinh-quy-nam-2025,2026-09-21,html_parsed,2026.1
MS5,Kỹ thuật In,CÁC CHƯƠNG TRÌNH CHUẨN,60,tong_nganh,2025,Đề án tuyển sinh 2025 — bảng danh mục chương trình,https://ts.hust.edu.vn/tin-tuc/dhbk-ha-noi-cong-bo-phuong-an-tuyen-sinh-dai-hoc-chinh-quy-nam-2025,2026-09-21,html_parsed,2026.1
PH1,Vật lý Kỹ thuật,CÁC CHƯƠNG TRÌNH CHUẨN,200,tong_nganh,2025,Đề án tuyển sinh 2025 — bảng danh mục chương trình,https://ts.hust.edu.vn/tin-tuc/dhbk-ha-noi-cong-bo-phuong-an-tuyen-sinh-dai-hoc-chinh-quy-nam-2025,2026-09-21,html_parsed,2026.1
PH2,Kỹ thuật Hạt nhân,CÁC CHƯƠNG TRÌNH CHUẨN,40,tong_nganh,2025,Đề án tuyển sinh 2025 — bảng danh mục chương trình,https://ts.hust.edu.vn/tin-tuc/dhbk-ha-noi-cong-bo-phuong-an-tuyen-sinh-dai-hoc-chinh-quy-nam-2025,2026-09-21,html_parsed,2026.1
PH3,Vật lý Y khoa,CÁC CHƯƠNG TRÌNH CHUẨN,60,tong_nganh,2025,Đề án tuyển sinh 2025 — bảng danh mục chương trình,https://ts.hust.edu.vn/tin-tuc/dhbk-ha-noi-cong-bo-phuong-an-tuyen-sinh-dai-hoc-chinh-quy-nam-2025,2026-09-21,html_parsed,2026.1
TE1,Kỹ thuật Ô tô,CÁC CHƯƠNG TRÌNH CHUẨN,200,tong_nganh,2025,Đề án tuyển sinh 2025 — bảng danh mục chương trình,https://ts.hust.edu.vn/tin-tuc/dhbk-ha-noi-cong-bo-phuong-an-tuyen-sinh-dai-hoc-chinh-quy-nam-2025,2026-09-21,html_parsed,2026.1
TE2,Kỹ thuật Cơ khí động lực,CÁC CHƯƠNG TRÌNH CHUẨN,120,tong_nganh,2025,Đề án tuyển sinh 2025 — bảng danh mục chương trình,https://ts.hust.edu.vn/tin-tuc/dhbk-ha-noi-cong-bo-phuong-an-tuyen-sinh-dai-hoc-chinh-quy-nam-2025,2026-09-21,html_parsed,2026.1
TE3,Kỹ thuật Hàng không,CÁC CHƯƠNG TRÌNH CHUẨN,80,tong_nganh,2025,Đề án tuyển sinh 2025 — bảng danh mục chương trình,https://ts.hust.edu.vn/tin-tuc/dhbk-ha-noi-cong-bo-phuong-an-tuyen-sinh-dai-hoc-chinh-quy-nam-2025,2026-09-21,html_parsed,2026.1
TX1,Công nghệ Dệt May,CÁC CHƯƠNG TRÌNH CHUẨN,240,tong_nganh,2025,Đề án tuyển sinh 2025 — bảng danh mục chương trình,https://ts.hust.edu.vn/tin-tuc/dhbk-ha-noi-cong-bo-phuong-an-tuyen-sinh-dai-hoc-chinh-quy-nam-2025,2026-09-21,html_parsed,2026.1
BF-E12,Kỹ thuật Thực phẩm,CHƯƠNG TRÌNH CHẤT LƯỢNG CAO - ELITECH (CỦA ĐHBK HÀ NỘI),60,tong_nganh,2025,Đề án tuyển sinh 2025 — bảng danh mục chương trình,https://ts.hust.edu.vn/tin-tuc/dhbk-ha-noi-cong-bo-phuong-an-tuyen-sinh-dai-hoc-chinh-quy-nam-2025,2026-09-21,html_parsed,2026.1
BF-E19,Kỹ thuật sinh học,CHƯƠNG TRÌNH CHẤT LƯỢNG CAO - ELITECH (CỦA ĐHBK HÀ NỘI),60,tong_nganh,2025,Đề án tuyển sinh 2025 — bảng danh mục chương trình,https://ts.hust.edu.vn/tin-tuc/dhbk-ha-noi-cong-bo-phuong-an-tuyen-sinh-dai-hoc-chinh-quy-nam-2025,2026-09-21,html_parsed,2026.1
CH-E11,Kỹ thuật Hóa dược,CHƯƠNG TRÌNH CHẤT LƯỢNG CAO - ELITECH (CỦA ĐHBK HÀ NỘI),100,tong_nganh,2025,Đề án tuyển sinh 2025 — bảng danh mục chương trình,https://ts.hust.edu.vn/tin-tuc/dhbk-ha-noi-cong-bo-phuong-an-tuyen-sinh-dai-hoc-chinh-quy-nam-2025,2026-09-21,html_parsed,2026.1
EE-E8,Kỹ thuật điều khiển-Tự động hóa,CHƯƠNG TRÌNH CHẤT LƯỢNG CAO - ELITECH (CỦA ĐHBK HÀ NỘI),140,tong_nganh,2025,Đề án tuyển sinh 2025 — bảng danh mục chương trình,https://ts.hust.edu.vn/tin-tuc/dhbk-ha-noi-cong-bo-phuong-an-tuyen-sinh-dai-hoc-chinh-quy-nam-2025,2026-09-21,html_parsed,2026.1
EE-E18,Hệ thống điện và năng lượng tái tạo,CHƯƠNG TRÌNH CHẤT LƯỢNG CAO - ELITECH (CỦA ĐHBK HÀ NỘI),60,tong_nganh,2025,Đề án tuyển sinh 2025 — bảng danh mục chương trình,https://ts.hust.edu.vn/tin-tuc/dhbk-ha-noi-cong-bo-phuong-an-tuyen-sinh-dai-hoc-chinh-quy-nam-2025,2026-09-21,html_parsed,2026.1
EM-E13,Phân tích Kinh doanh,CHƯƠNG TRÌNH CHẤT LƯỢNG CAO - ELITECH (CỦA ĐHBK HÀ NỘI),140,tong_nganh,2025,Đề án tuyển sinh 2025 — bảng danh mục chương trình,https://ts.hust.edu.vn/tin-tuc/dhbk-ha-noi-cong-bo-phuong-an-tuyen-sinh-dai-hoc-chinh-quy-nam-2025,2026-09-21,html_parsed,2026.1
EM-E14,Logistics và Quản lý chuỗi cung ứng,CHƯƠNG TRÌNH CHẤT LƯỢNG CAO - ELITECH (CỦA ĐHBK HÀ NỘI),140,tong_nganh,2025,Đề án tuyển sinh 2025 — bảng danh mục chương trình,https://ts.hust.edu.vn/tin-tuc/dhbk-ha-noi-cong-bo-phuong-an-tuyen-sinh-dai-hoc-chinh-quy-nam-2025,2026-09-21,html_parsed,2026.1
ET-E16,Truyền thông số và Kỹ thuật đa phương tiện,CHƯƠNG TRÌNH CHẤT LƯỢNG CAO - ELITECH (CỦA ĐHBK HÀ NỘI),60,tong_nganh,2025,Đề án tuyển sinh 2025 — bảng danh mục chương trình,https://ts.hust.edu.vn/tin-tuc/dhbk-ha-noi-cong-bo-phuong-an-tuyen-sinh-dai-hoc-chinh-quy-nam-2025,2026-09-21,html_parsed,2026.1
ET-E4,Kỹ thuật Điện tử - Viễn thông,CHƯƠNG TRÌNH CHẤT LƯỢNG CAO - ELITECH (CỦA ĐHBK HÀ NỘI),120,tong_nganh,2025,Đề án tuyển sinh 2025 — bảng danh mục chương trình,https://ts.hust.edu.vn/tin-tuc/dhbk-ha-noi-cong-bo-phuong-an-tuyen-sinh-dai-hoc-chinh-quy-nam-2025,2026-09-21,html_parsed,2026.1
ET-E5,Kỹ thuật Y sinh,CHƯƠNG TRÌNH CHẤT LƯỢNG CAO - ELITECH (CỦA ĐHBK HÀ NỘI),40,tong_nganh,2025,Đề án tuyển sinh 2025 — bảng danh mục chương trình,https://ts.hust.edu.vn/tin-tuc/dhbk-ha-noi-cong-bo-phuong-an-tuyen-sinh-dai-hoc-chinh-quy-nam-2025,2026-09-21,html_parsed,2026.1
IT-E7,Công nghệ Thông tin Global ICT,CHƯƠNG TRÌNH CHẤT LƯỢNG CAO - ELITECH (CỦA ĐHBK HÀ NỘI),120,tong_nganh,2025,Đề án tuyển sinh 2025 — bảng danh mục chương trình,https://ts.hust.edu.vn/tin-tuc/dhbk-ha-noi-cong-bo-phuong-an-tuyen-sinh-dai-hoc-chinh-quy-nam-2025,2026-09-21,html_parsed,2026.1
IT-E10,Khoa học Dữ liệu và Trí tuệ nhân tạo,CHƯƠNG TRÌNH CHẤT LƯỢNG CAO - ELITECH (CỦA ĐHBK HÀ NỘI),120,tong_nganh,2025,Đề án tuyển sinh 2025 — bảng danh mục chương trình,https://ts.hust.edu.vn/tin-tuc/dhbk-ha-noi-cong-bo-phuong-an-tuyen-sinh-dai-hoc-chinh-quy-nam-2025,2026-09-21,html_parsed,2026.1
IT-E15,An toàn không gian số - Cyber Security,CHƯƠNG TRÌNH CHẤT LƯỢNG CAO - ELITECH (CỦA ĐHBK HÀ NỘI),40,tong_nganh,2025,Đề án tuyển sinh 2025 — bảng danh mục chương trình,https://ts.hust.edu.vn/tin-tuc/dhbk-ha-noi-cong-bo-phuong-an-tuyen-sinh-dai-hoc-chinh-quy-nam-2025,2026-09-21,html_parsed,2026.1
ME-E1,Kỹ thuật Cơ điện tử,CHƯƠNG TRÌNH CHẤT LƯỢNG CAO - ELITECH (CỦA ĐHBK HÀ NỘI),180,tong_nganh,2025,Đề án tuyển sinh 2025 — bảng danh mục chương trình,https://ts.hust.edu.vn/tin-tuc/dhbk-ha-noi-cong-bo-phuong-an-tuyen-sinh-dai-hoc-chinh-quy-nam-2025,2026-09-21,html_parsed,2026.1
MS-E3,Khoa học và Kỹ thuật Vật liệu,CHƯƠNG TRÌNH CHẤT LƯỢNG CAO - ELITECH (CỦA ĐHBK HÀ NỘI),60,tong_nganh,2025,Đề án tuyển sinh 2025 — bảng danh mục chương trình,https://ts.hust.edu.vn/tin-tuc/dhbk-ha-noi-cong-bo-phuong-an-tuyen-sinh-dai-hoc-chinh-quy-nam-2025,2026-09-21,html_parsed,2026.1
TE-E2,Kỹ thuật Ô tô,CHƯƠNG TRÌNH CHẤT LƯỢNG CAO - ELITECH (CỦA ĐHBK HÀ NỘI),100,tong_nganh,2025,Đề án tuyển sinh 2025 — bảng danh mục chương trình,https://ts.hust.edu.vn/tin-tuc/dhbk-ha-noi-cong-bo-phuong-an-tuyen-sinh-dai-hoc-chinh-quy-nam-2025,2026-09-21,html_parsed,2026.1
ET-E9,Hệ thống nhúng thông minh và IoT (tăng cường tiếng Nhật),CHƯƠNG TRÌNH CHẤT LƯỢNG CAO - ELITECH (CỦA ĐHBK HÀ NỘI),80,tong_nganh,2025,Đề án tuyển sinh 2025 — bảng danh mục chương trình,https://ts.hust.edu.vn/tin-tuc/dhbk-ha-noi-cong-bo-phuong-an-tuyen-sinh-dai-hoc-chinh-quy-nam-2025,2026-09-21,html_parsed,2026.1
IT-E6,Công nghệ Thông tin Việt – Nhật (tăng cường tiếng Nhật),CHƯƠNG TRÌNH CHẤT LƯỢNG CAO - ELITECH (CỦA ĐHBK HÀ NỘI),240,tong_nganh,2025,Đề án tuyển sinh 2025 — bảng danh mục chương trình,https://ts.hust.edu.vn/tin-tuc/dhbk-ha-noi-cong-bo-phuong-an-tuyen-sinh-dai-hoc-chinh-quy-nam-2025,2026-09-21,html_parsed,2026.1
IT-EP,Công nghệ Thông tin Việt-Pháp (tăng cường tiếng Pháp),CHƯƠNG TRÌNH CHẤT LƯỢNG CAO - ELITECH (CỦA ĐHBK HÀ NỘI),40,tong_nganh,2025,Đề án tuyển sinh 2025 — bảng danh mục chương trình,https://ts.hust.edu.vn/tin-tuc/dhbk-ha-noi-cong-bo-phuong-an-tuyen-sinh-dai-hoc-chinh-quy-nam-2025,2026-09-21,html_parsed,2026.1
ET-LUH,Điện tử - Viễn thông - ĐH Leibniz Hannover (CHLB Đức),CHƯƠNG TRÌNH CHẤT LƯỢNG CAO - ELITECH (CỦA ĐHBK HÀ NỘI),40,tong_nganh,2025,Đề án tuyển sinh 2025 — bảng danh mục chương trình,https://ts.hust.edu.vn/tin-tuc/dhbk-ha-noi-cong-bo-phuong-an-tuyen-sinh-dai-hoc-chinh-quy-nam-2025,2026-09-21,html_parsed,2026.1
ME-LUH,Cơ điện tử - hợp tác với ĐH Leibniz Hannover (CHLB Đức),CHƯƠNG TRÌNH CHẤT LƯỢNG CAO - ELITECH (CỦA ĐHBK HÀ NỘI),50,tong_nganh,2025,Đề án tuyển sinh 2025 — bảng danh mục chương trình,https://ts.hust.edu.vn/tin-tuc/dhbk-ha-noi-cong-bo-phuong-an-tuyen-sinh-dai-hoc-chinh-quy-nam-2025,2026-09-21,html_parsed,2026.1
ME-NUT,Cơ điện tử - hợp tác với ĐHCN Nagaoka (Nhật Bản),CHƯƠNG TRÌNH CHẤT LƯỢNG CAO - ELITECH (CỦA ĐHBK HÀ NỘI),100,tong_nganh,2025,Đề án tuyển sinh 2025 — bảng danh mục chương trình,https://ts.hust.edu.vn/tin-tuc/dhbk-ha-noi-cong-bo-phuong-an-tuyen-sinh-dai-hoc-chinh-quy-nam-2025,2026-09-21,html_parsed,2026.1
ME-GU,Cơ khí Chế tạo máy – hợp tác với trường ĐH Griffith (Australia),CHƯƠNG TRÌNH CHẤT LƯỢNG CAO - ELITECH (CỦA ĐHBK HÀ NỘI),40,tong_nganh,2025,Đề án tuyển sinh 2025 — bảng danh mục chương trình,https://ts.hust.edu.vn/tin-tuc/dhbk-ha-noi-cong-bo-phuong-an-tuyen-sinh-dai-hoc-chinh-quy-nam-2025,2026-09-21,html_parsed,2026.1
EE-EP,Tin học công nghiệp và Tự động hóa,CHƯƠNG TRÌNH PFIEV,40,tong_nganh,2025,Đề án tuyển sinh 2025 — bảng danh mục chương trình,https://ts.hust.edu.vn/tin-tuc/dhbk-ha-noi-cong-bo-phuong-an-tuyen-sinh-dai-hoc-chinh-quy-nam-2025,2026-09-21,html_parsed,2026.1
TE-EP,Cơ khí Hàng không,CHƯƠNG TRÌNH PFIEV,40,tong_nganh,2025,Đề án tuyển sinh 2025 — bảng danh mục chương trình,https://ts.hust.edu.vn/tin-tuc/dhbk-ha-noi-cong-bo-phuong-an-tuyen-sinh-dai-hoc-chinh-quy-nam-2025,2026-09-21,html_parsed,2026.1
TROY-BA,Quản trị Kinh doanh - ĐH Troy (Hoa Kỳ) (do ĐH Troy cấp bằng),CHƯƠNG TRÌNH LIÊN KẾT ĐÀO TẠO QUỐC TẾ,60,tong_nganh,2025,Đề án tuyển sinh 2025 — bảng danh mục chương trình,https://ts.hust.edu.vn/tin-tuc/dhbk-ha-noi-cong-bo-phuong-an-tuyen-sinh-dai-hoc-chinh-quy-nam-2025,2026-09-21,html_parsed,2026.1
TROY-IT,Khoa học Máy tính - ĐH Troy (Hoa Kỳ) (do ĐH Troy cấp bằng),CHƯƠNG TRÌNH LIÊN KẾT ĐÀO TẠO QUỐC TẾ,120,tong_nganh,2025,Đề án tuyển sinh 2025 — bảng danh mục chương trình,https://ts.hust.edu.vn/tin-tuc/dhbk-ha-noi-cong-bo-phuong-an-tuyen-sinh-dai-hoc-chinh-quy-nam-2025,2026-09-21,html_parsed,2026.1
FL2,Tiếng Anh chuyên nghiệp quốc tế (do ĐHBK Hà Nội và ĐH Plymouth Marjon-Vương quốc Anh cấp bằng),CHƯƠNG TRÌNH LIÊN KẾT ĐÀO TẠO QUỐC TẾ,90,tong_nganh,2025,Đề án tuyển sinh 2025 — bảng danh mục chương trình,https://ts.hust.edu.vn/tin-tuc/dhbk-ha-noi-cong-bo-phuong-an-tuyen-sinh-dai-hoc-chinh-quy-nam-2025,2026-09-21,html_parsed,2026.1
