combination_code,subjects,year,source,source_url,collection_date,verification_status,dataset_version
A00,"Toán, Vật lý, Hóa học",2026,Đề án tuyển sinh 2025/2026 — danh sách tổ hợp,https://ts.hust.edu.vn/tin-tuc/dhbk-ha-noi-cong-bo-phuong-an-tuyen-sinh-dai-hoc-chinh-quy-nam-2025,2026-09-21,html_parsed,2026.1
A01,"Toán, Vật lý, Tiếng Anh",2026,Đề án tuyển sinh 2025/2026 — danh sách tổ hợp,https://ts.hust.edu.vn/tin-tuc/dhbk-ha-noi-cong-bo-phuong-an-tuyen-sinh-dai-hoc-chinh-quy-nam-2025,2026-09-21,html_parsed,2026.1
A02,"Toán, Vật lý, Sinh học",2026,Đề án tuyển sinh 2025/2026 — danh sách tổ hợp,https://ts.hust.edu.vn/tin-tuc/dhbk-ha-noi-cong-bo-phuong-an-tuyen-sinh-dai-hoc-chinh-quy-nam-2025,2026-09-21,html_parsed,2026.1
B00,"Toán, Hóa học, Sinh học",2026,Đề án tuyển sinh 2025/2026 — danh sách tổ hợp,https://ts.hust.edu.vn/tin-tuc/dhbk-ha-noi-cong-bo-phuong-an-tuyen-sinh-dai-hoc-chinh-quy-nam-2025,2026-09-21,html_parsed,2026.1
D01,"Toán , Ngữ văn, Tiếng Anh",2026,Đề án tuyển sinh 2025/2026 — danh sách tổ hợp,https://ts.hust.edu.vn/tin-tuc/dhbk-ha-noi-cong-bo-phuong-an-tuyen-sinh-dai-hoc-chinh-quy-nam-2025,2026-09-21,html_parsed,2026.1
D04,"Toán , Ngữ văn, Tiếng Trung",2026,Đề án tuyển sinh 2025/2026 — danh sách tổ hợp,https://ts.hust.edu.vn/tin-tuc/dhbk-ha-noi-cong-bo-phuong-an-tuyen-sinh-dai-hoc-chinh-quy-nam-2025,2026-09-21,html_parsed,2026.1
D07,"Toán, Hóa học, Tiếng Anh",2026,Đề án tuyển sinh 2025/2026 — danh sách tổ hợp,https://ts.hust.edu.vn/tin-tuc/dhbk-ha-noi-cong-bo-phuong-an-tuyen-sinh-dai-hoc-chinh-quy-nam-2025,2026-09-21,html_parsed,2026.1
D26,"Toán, Vật lý, Tiếng Đức",2026,Đề án tuyển sinh 2025/2026 — danh sách tổ hợp,https://ts.hust.edu.vn/tin-tuc/dhbk-ha-noi-cong-bo-phuong-an-tuyen-sinh-dai-hoc-chinh-quy-nam-2025,2026-09-21,html_parsed,2026.1
D28,"Toán, Vật lý, Tiếng Nhật",2026,Đề án tuyển sinh 2025/2026 — danh sách tổ hợp,https://ts.hust.edu.vn/tin-tuc/dhbk-ha-noi-cong-bo-phuong-an-tuyen-sinh-dai-hoc-chinh-quy-nam-2025,2026-09-21,html_parsed,2026.1
D29,"Toán, Vật lý, Tiếng Pháp",2026,Đề án tuyển sinh 2025/2026 — danh sách tổ hợp,https://ts.hust.edu.vn/tin-tuc/dhbk-ha-noi-cong-bo-phuong-an-tuyen-sinh-dai-hoc-chinh-quy-nam-2025,2026-09-21,html_parsed,2026.1
K01,"Toán , Ngữ văn, Lý/Hóa/Sinh/Tin",2026,Đề án tuyển sinh 2025/2026 — danh sách tổ hợp,https://ts.hust.edu.vn/tin-tuc/dhbk-ha-noi-cong-bo-phuong-an-tuyen-sinh-dai-hoc-chinh-quy-nam-2025,2026-09-21,html_parsed,2026.1
K00,"Tư duy Toán học, Tư duy Đọc hiểu, Tư duy Khoa học/Giải quyết vấn đề",2026,Đề án tuyển sinh 2025/2026 — danh sách tổ hợp,https://ts.hust.edu.vn/tin-tuc/dhbk-ha-noi-cong-bo-phuong-an-tuyen-sinh-dai-hoc-chinh-quy-nam-2025,2026-09-21,html_parsed,2026.1
DD2,"Toán, Ngữ văn, Tiếng Hàn",2026,Đề án tuyển sinh 2025/2026 — danh sách tổ hợp,https://ts.hust.edu.vn/training-cate/nganh-dao-tao-dai-hoc/,2026-09-24,web_extracted,2026.1
