program_code,method_code,combination_code,language,main_subject,formula_type,main_subject_source,main_subject_status,year,source,source_url,collection_date,verification_status,dataset_version
BF-E12,DGTD,K00,,,DGTD,,,2026,Trang giới thiệu ngành trên ts.hust.edu.vn — mục Tổ hợp xét tuyển,https://ts.hust.edu.vn/training-cate/nganh-dao-tao-dai-hoc/ky-thuat-thuc-pham-chuong-trinh-tien-tien,2026-09-24,web_extracted,2026.1
BF-E12,THPT,A00,,Toán,mon_chinh_toan,"tuyensinh247.com (bên thứ ba), bảng ngành theo phương thức THPT 2026",third_party,2026,Trang giới thiệu ngành trên ts.hust.edu.vn — mục Tổ hợp xét tuyển,https://ts.hust.edu.vn/training-cate/nganh-dao-tao-dai-hoc/ky-thuat-thuc-pham-chuong-trinh-tien-tien,2026-09-24,web_extracted,2026.1
BF-E12,THPT,B00,,Toán,mon_chinh_toan,"tuyensinh247.com (bên thứ ba), bảng ngành theo phương thức THPT 2026",third_party,2026,Trang giới thiệu ngành trên ts.hust.edu.vn — mục Tổ hợp xét tuyển,https://ts.hust.edu.vn/training-cate/nganh-dao-tao-dai-hoc/ky-thuat-thuc-pham-chuong-trinh-tien-tien,2026-09-24,web_extracted,2026.1
BF-E12,THPT,D07,,Toán,mon_chinh_toan,"tuyensinh247.com (bên thứ ba), bảng ngành theo phương thức THPT 2026",third_party,2026,Trang giới thiệu ngành trên ts.hust.edu.vn — mục Tổ hợp xét tuyển,https://ts.hust.edu.vn/training-cate/nganh-dao-tao-dai-hoc/ky-thuat-thuc-pham-chuong-trinh-tien-tien,2026-09-24,web_extracted,2026.1
BF-E12,THPT,K01,,,K01,,,2026,Trang giới thiệu ngành trên ts.hust.edu.vn — mục Tổ hợp xét tuyển,https://ts.hust.edu.vn/training-cate/nganh-dao-tao-dai-hoc/ky-thuat-thuc-pham-chuong-trinh-tien-tien,2026-09-24,web_extracted,2026.1
BF-E19,DGTD,K00,,,DGTD,,,2026,Trang giới thiệu ngành trên ts.hust.edu.vn — mục Tổ hợp xét tuyển,https://ts.hust.edu.vn/training-cate/nganh-dao-tao-dai-hoc/ky-thuat-sinh-hoc-chuong-trinh-tien-tien,2026-09-24,web_extracted,2026.1
BF-E19,THPT,A00,,Toán,mon_chinh_toan,"tuyensinh247.com (bên thứ ba), bảng ngành theo phương thức THPT 2026",third_party,2026,Trang giới thiệu ngành trên ts.hust.edu.vn — mục Tổ hợp xét tuyển,https://ts.hust.edu.vn/training-cate/nganh-dao-tao-dai-hoc/ky-thuat-sinh-hoc-chuong-trinh-tien-tien,2026-09-24,web_extracted,2026.1
BF-E19,THPT,B00,,Toán,mon_chinh_toan,"tuyensinh247.com (bên thứ ba), bảng ngành theo phương thức THPT 2026",third_party,2026,Trang giới thiệu ngành trên ts.hust.edu.vn — mục Tổ hợp xét tuyển,https://ts.hust.edu.vn/training-cate/nganh-dao-tao-dai-hoc/ky-thuat-sinh-hoc-chuong-trinh-tien-tien,2026-09-24,web_extracted,2026.1
BF-E19,THPT,D07,,Toán,mon_chinh_toan,"tuyensinh247.com (bên thứ ba), bảng ngành theo phương thức THPT 2026",third_party,2026,Trang giới thiệu ngành trên ts.hust.edu.vn — mục Tổ hợp xét tuyển,https://ts.hust.edu.vn/training-cate/nganh-dao-tao-dai-hoc/ky-thuat-sinh-hoc-chuong-trinh-tien-tien,2026-09-24,web_extracted,2026.1
BF-E19,THPT,K01,,,K01,,,2026,Trang giới thiệu ngành trên ts.hust.edu.vn — mục Tổ hợp xét tuyển,https://ts.hust.edu.vn/training-cate/nganh-dao-tao-dai-hoc/ky-thuat-sinh-hoc-chuong-trinh-tien-tien,2026-09-24,web_extracted,2026.1
BF1,DGTD,K00,,,DGTD,,,2026,Trang giới thiệu ngành trên ts.hust.edu.vn — mục Tổ hợp xét tuyển,https://ts.hust.edu.vn/training-cate/nganh-dao-tao-dai-hoc/ky-thuat-sinh-hoc,2026-09-24,web_extracted,2026.1
BF1,THPT,A00,,Toán,mon_chinh_toan,"tuyensinh247.com (bên thứ ba), bảng ngành theo phương thức THPT 2026",third_party,2026,Trang giới thiệu ngành trên ts.hust.edu.vn — mục Tổ hợp xét tuyển,https://ts.hust.edu.vn/training-cate/nganh-dao-tao-dai-hoc/ky-thuat-sinh-hoc,2026-09-24,web_extracted,2026.1
BF1,THPT,B00,,Toán,mon_chinh_toan,"tuyensinh247.com (bên thứ ba), bảng ngành theo phương thức THPT 2026",third_party,2026,Trang giới thiệu ngành trên ts.hust.edu.vn — mục Tổ hợp xét tuyển,https://ts.hust.edu.vn/training-cate/nganh-dao-tao-dai-hoc/ky-thuat-sinh-hoc,2026-09-24,web_extracted,2026.1
BF1,THPT,D07,,Toán,mon_chinh_toan,"tuyensinh247.com (bên thứ ba), bảng ngành theo phương thức THPT 2026",third_party,2026,Trang giới thiệu ngành trên ts.hust.edu.vn — mục Tổ hợp xét tuyển,https://ts.hust.edu.vn/training-cate/nganh-dao-tao-dai-hoc/ky-thuat-sinh-hoc,2026-09-24,web_extracted,2026.1
BF1,THPT,K01,,,K01,,,2026,Trang giới thiệu ngành trên ts.hust.edu.vn — mục Tổ hợp xét tuyển,https://ts.hust.edu.vn/training-cate/nganh-dao-tao-dai-hoc/ky-thuat-sinh-hoc,2026-09-24,web_extracted,2026.1
BF2,DGTD,K00,,,DGTD,,,2026,Trang giới thiệu ngành trên ts.hust.edu.vn — mục Tổ hợp xét tuyển,https://ts.hust.edu.vn/training-cate/nganh-dao-tao-dai-hoc/ky-thuat-thuc-pham,2026-09-24,web_extracted,2026.1
BF2,THPT,A00,,Toán,mon_chinh_toan,"tuyensinh247.com (bên thứ ba), bảng ngành theo phương thức THPT 2026",third_party,2026,Trang giới thiệu ngành trên ts.hust.edu.vn — mục Tổ hợp xét tuyển,https://ts.hust.edu.vn/training-cate/nganh-dao-tao-dai-hoc/ky-thuat-thuc-pham,2026-09-24,web_extracted,2026.1
BF2,THPT,B00,,Toán,mon_chinh_toan,"tuyensinh247.com (bên thứ ba), bảng ngành theo phương thức THPT 2026",third_party,2026,Trang giới thiệu ngành trên ts.hust.edu.vn — mục Tổ hợp xét tuyển,https://ts.hust.edu.vn/training-cate/nganh-dao-tao-dai-hoc/ky-thuat-thuc-pham,2026-09-24,web_extracted,2026.1
BF2,THPT,D07,,Toán,mon_chinh_toan,"tuyensinh247.com (bên thứ ba), bảng ngành theo phương thức THPT 2026",third_party,2026,Trang giới thiệu ngành trên ts.hust.edu.vn — mục Tổ hợp xét tuyển,https://ts.hust.edu.vn/training-cate/nganh-dao-tao-dai-hoc/ky-thuat-thuc-pham,2026-09-24,web_extracted,2026.1
BF2,THPT,K01,,,K01,,,2026,Trang giới thiệu ngành trên ts.hust.edu.vn — mục Tổ hợp xét tuyển,https://ts.hust.edu.vn/training-cate/nganh-dao-tao-dai-hoc/ky-thuat-thuc-pham,2026-09-24,web_extracted,2026.1
CH-E11,DGTD,K00,,,DGTD,,,2026,Trang giới thiệu ngành trên ts.hust.edu.vn — mục Tổ hợp xét tuyển,https://ts.hust.edu.vn/training-cate/nganh-dao-tao-dai-hoc/ky-thuat-hoa-duoc-chuong-trinh-tien-tien,2026-09-24,web_extracted,2026.1
CH-E11,THPT,A00,,Toán,mon_chinh_toan,"tuyensinh247.com (bên thứ ba), bảng ngành theo phương thức THPT 2026",third_party,2026,Trang giới thiệu ngành trên ts.hust.edu.vn — mục Tổ hợp xét tuyển,https://ts.hust.edu.vn/training-cate/nganh-dao-tao-dai-hoc/ky-thuat-hoa-duoc-chuong-trinh-tien-tien,2026-09-24,web_extracted,2026.1
CH-E11,THPT,B00,,Toán,mon_chinh_toan,"tuyensinh247.com (bên thứ ba), bảng ngành theo phương thức THPT 2026",third_party,2026,Trang giới thiệu ngành trên ts.hust.edu.vn — mục Tổ hợp xét tuyển,https://ts.hust.edu.vn/training-cate/nganh-dao-tao-dai-hoc/ky-thuat-hoa-duoc-chuong-trinh-tien-tien,2026-09-24,web_extracted,2026.1
CH-E11,THPT,D07,,Toán,mon_chinh_toan,"tuyensinh247.com (bên thứ ba), bảng ngành theo phương thức THPT 2026",third_party,2026,Trang giới thiệu ngành trên ts.hust.edu.vn — mục Tổ hợp xét tuyển,https://ts.hust.edu.vn/training-cate/nganh-dao-tao-dai-hoc/ky-thuat-hoa-duoc-chuong-trinh-tien-tien,2026-09-24,web_extracted,2026.1
CH-E11,THPT,K01,,,K01,,,2026,Trang giới thiệu ngành trên ts.hust.edu.vn — mục Tổ hợp xét tuyển,https://ts.hust.edu.vn/training-cate/nganh-dao-tao-dai-hoc/ky-thuat-hoa-duoc-chuong-trinh-tien-tien,2026-09-24,web_extracted,2026.1
CH-E20,DGTD,K00,,,DGTD,,,2026,Trang giới thiệu ngành trên ts.hust.edu.vn — mục Tổ hợp xét tuyển,https://ts.hust.edu.vn/training-cate/nganh-dao-tao-dai-hoc/hoa-hoc-my-pham-chuong-trinh-tien-tien,2026-09-24,web_extracted,2026.1
CH-E20,THPT,A00,,Toán,mon_chinh_toan,"tuyensinh247.com (bên thứ ba), bảng ngành theo phương thức THPT 2026",third_party,2026,Trang giới thiệu ngành trên ts.hust.edu.vn — mục Tổ hợp xét tuyển,https://ts.hust.edu.vn/training-cate/nganh-dao-tao-dai-hoc/hoa-hoc-my-pham-chuong-trinh-tien-tien,2026-09-24,web_extracted,2026.1
CH-E20,THPT,B00,,Toán,mon_chinh_toan,"tuyensinh247.com (bên thứ ba), bảng ngành theo phương thức THPT 2026",third_party,2026,Trang giới thiệu ngành trên ts.hust.edu.vn — mục Tổ hợp xét tuyển,https://ts.hust.edu.vn/training-cate/nganh-dao-tao-dai-hoc/hoa-hoc-my-pham-chuong-trinh-tien-tien,2026-09-24,web_extracted,2026.1
CH-E20,THPT,D07,,Toán,mon_chinh_toan,"tuyensinh247.com (bên thứ ba), bảng ngành theo phương thức THPT 2026",third_party,2026,Trang giới thiệu ngành trên ts.hust.edu.vn — mục Tổ hợp xét tuyển,https://ts.hust.edu.vn/training-cate/nganh-dao-tao-dai-hoc/hoa-hoc-my-pham-chuong-trinh-tien-tien,2026-09-24,web_extracted,2026.1
CH-E20,THPT,K01,,,K01,,,2026,Trang giới thiệu ngành trên ts.hust.edu.vn — mục Tổ hợp xét tuyển,https://ts.hust.edu.vn/training-cate/nganh-dao-tao-dai-hoc/hoa-hoc-my-pham-chuong-trinh-tien-tien,2026-09-24,web_extracted,2026.1
CH1,DGTD,K00,,,DGTD,,,2026,Trang giới thiệu ngành trên ts.hust.edu.vn — mục Tổ hợp xét tuyển,https://ts.hust.edu.vn/training-cate/nganh-dao-tao-dai-hoc/ky-thuat-hoa-hoc,2026-09-24,web_extracted,2026.1
CH1,THPT,A00,,Toán,mon_chinh_toan,"tuyensinh247.com (bên thứ ba), bảng ngành theo phương thức THPT 2026",third_party,2026,Trang giới thiệu ngành trên ts.hust.edu.vn — mục Tổ hợp xét tuyển,https://ts.hust.edu.vn/training-cate/nganh-dao-tao-dai-hoc/ky-thuat-hoa-hoc,2026-09-24,web_extracted,2026.1
CH1,THPT,B00,,Toán,mon_chinh_toan,"tuyensinh247.com (bên thứ ba), bảng ngành theo phương thức THPT 2026",third_party,2026,Trang giới thiệu ngành trên ts.hust.edu.vn — mục Tổ hợp xét tuyển,https://ts.hust.edu.vn/training-cate/nganh-dao-tao-dai-hoc/ky-thuat-hoa-hoc,2026-09-24,web_extracted,2026.1
CH1,THPT,D07,,Toán,mon_chinh_toan,"tuyensinh247.com (bên thứ ba), bảng ngành theo phương thức THPT 2026",third_party,2026,Trang giới thiệu ngành trên ts.hust.edu.vn — mục Tổ hợp xét tuyển,https://ts.hust.edu.vn/training-cate/nganh-dao-tao-dai-hoc/ky-thuat-hoa-hoc,2026-09-24,web_extracted,2026.1
CH1,THPT,K01,,,K01,,,2026,Trang giới thiệu ngành trên ts.hust.edu.vn — mục Tổ hợp xét tuyển,https://ts.hust.edu.vn/training-cate/nganh-dao-tao-dai-hoc/ky-thuat-hoa-hoc,2026-09-24,web_extracted,2026.1
CH2,DGTD,K00,,,DGTD,,,2026,Trang giới thiệu ngành trên ts.hust.edu.vn — mục Tổ hợp xét tuyển,https://ts.hust.edu.vn/training-cate/nganh-dao-tao-dai-hoc/hoa-hoc,2026-09-24,web_extracted,2026.1
CH2,THPT,A00,,Toán,mon_chinh_toan,"tuyensinh247.com (bên thứ ba), bảng ngành theo phương thức THPT 2026",third_party,2026,Trang giới thiệu ngành trên ts.hust.edu.vn — mục Tổ hợp xét tuyển,https://ts.hust.edu.vn/training-cate/nganh-dao-tao-dai-hoc/hoa-hoc,2026-09-24,web_extracted,2026.1
CH2,THPT,B00,,Toán,mon_chinh_toan,"tuyensinh247.com (bên thứ ba), bảng ngành theo phương thức THPT 2026",third_party,2026,Trang giới thiệu ngành trên ts.hust.edu.vn — mục Tổ hợp xét tuyển,https://ts.hust.edu.vn/training-cate/nganh-dao-tao-dai-hoc/hoa-hoc,2026-09-24,web_extracted,2026.1
CH2,THPT,D07,,Toán,mon_chinh_toan,"tuyensinh247.com (bên thứ ba), bảng ngành theo phương thức THPT 2026",third_party,2026,Trang giới thiệu ngành trên ts.hust.edu.vn — mục Tổ hợp xét tuyển,https://ts.hust.edu.vn/training-cate/nganh-dao-tao-dai-hoc/hoa-hoc,2026-09-24,web_extracted,2026.1
CH2,THPT,K01,,,K01,,,2026,Trang giới thiệu ngành trên ts.hust.edu.vn — mục Tổ hợp xét tuyển,https://ts.hust.edu.vn/training-cate/nganh-dao-tao-dai-hoc/hoa-hoc,2026-09-24,web_extracted,2026.1
ED2,DGTD,K00,,,DGTD,,,2026,Trang giới thiệu ngành trên ts.hust.edu.vn — mục Tổ hợp xét tuyển,https://ts.hust.edu.vn/training-cate/nganh-dao-tao-dai-hoc/cong-nghe-giao-duc,2026-09-24,web_extracted,2026.1
ED2,THPT,A00,,,khong_mon_chinh,"tuyensinh247.com (bên thứ ba), bảng ngành theo phương thức THPT 2026",third_party,2026,Trang giới thiệu ngành trên ts.hust.edu.vn — mục Tổ hợp xét tuyển,https://ts.hust.edu.vn/training-cate/nganh-dao-tao-dai-hoc/cong-nghe-giao-duc,2026-09-24,web_extracted,2026.1
ED2,THPT,A01,,,khong_mon_chinh,"tuyensinh247.com (bên thứ ba), bảng ngành theo phương thức THPT 2026",third_party,2026,Trang giới thiệu ngành trên ts.hust.edu.vn — mục Tổ hợp xét tuyển,https://ts.hust.edu.vn/training-cate/nganh-dao-tao-dai-hoc/cong-nghe-giao-duc,2026-09-24,web_extracted,2026.1
ED2,THPT,D01,,,khong_mon_chinh,"tuyensinh247.com (bên thứ ba), bảng ngành theo phương thức THPT 2026",third_party,2026,Trang giới thiệu ngành trên ts.hust.edu.vn — mục Tổ hợp xét tuyển,https://ts.hust.edu.vn/training-cate/nganh-dao-tao-dai-hoc/cong-nghe-giao-duc,2026-09-24,web_extracted,2026.1
ED2,THPT,K01,,,K01,,,2026,Trang giới thiệu ngành trên ts.hust.edu.vn — mục Tổ hợp xét tuyển,https://ts.hust.edu.vn/training-cate/nganh-dao-tao-dai-hoc/cong-nghe-giao-duc,2026-09-24,web_extracted,2026.1
ED3,DGTD,K00,,,DGTD,,,2026,Trang giới thiệu ngành trên ts.hust.edu.vn — mục Tổ hợp xét tuyển,https://ts.hust.edu.vn/training-cate/nganh-dao-tao-dai-hoc/quan-ly-giao-duc,2026-09-24,web_extracted,2026.1
ED3,THPT,A00,,,khong_mon_chinh,"tuyensinh247.com (bên thứ ba), bảng ngành theo phương thức THPT 2026",third_party,2026,Trang giới thiệu ngành trên ts.hust.edu.vn — mục Tổ hợp xét tuyển,https://ts.hust.edu.vn/training-cate/nganh-dao-tao-dai-hoc/quan-ly-giao-duc,2026-09-24,web_extracted,2026.1
ED3,THPT,A01,,,khong_mon_chinh,"tuyensinh247.com (bên thứ ba), bảng ngành theo phương thức THPT 2026",third_party,2026,Trang giới thiệu ngành trên ts.hust.edu.vn — mục Tổ hợp xét tuyển,https://ts.hust.edu.vn/training-cate/nganh-dao-tao-dai-hoc/quan-ly-giao-duc,2026-09-24,web_extracted,2026.1
ED3,THPT,D01,,,khong_mon_chinh,"tuyensinh247.com (bên thứ ba), bảng ngành theo phương thức THPT 2026",third_party,2026,Trang giới thiệu ngành trên ts.hust.edu.vn — mục Tổ hợp xét tuyển,https://ts.hust.edu.vn/training-cate/nganh-dao-tao-dai-hoc/quan-ly-giao-duc,2026-09-24,web_extracted,2026.1
ED3,THPT,K01,,,K01,,,2026,Trang giới thiệu ngành trên ts.hust.edu.vn — mục Tổ hợp xét tuyển,https://ts.hust.edu.vn/training-cate/nganh-dao-tao-dai-hoc/quan-ly-giao-duc,2026-09-24,web_extracted,2026.1
ED5,DGTD,K00,,,DGTD,,,2026,Trang giới thiệu ngành trên ts.hust.edu.vn — mục Tổ hợp xét tuyển,https://ts.hust.edu.vn/training-cate/nganh-dao-tao-dai-hoc/tam-ly-hoc-cong-nghiep-va-to-chuc,2026-09-24,web_extracted,2026.1
ED5,THPT,A00,,,khong_mon_chinh,"tuyensinh247.com (bên thứ ba), bảng ngành theo phương thức THPT 2026",third_party,2026,Trang giới thiệu ngành trên ts.hust.edu.vn — mục Tổ hợp xét tuyển,https://ts.hust.edu.vn/training-cate/nganh-dao-tao-dai-hoc/tam-ly-hoc-cong-nghiep-va-to-chuc,2026-09-24,web_extracted,2026.1
ED5,THPT,A01,,,khong_mon_chinh,"tuyensinh247.com (bên thứ ba), bảng ngành theo phương thức THPT 2026",third_party,2026,Trang giới thiệu ngành trên ts.hust.edu.vn — mục Tổ hợp xét tuyển,https://ts.hust.edu.vn/training-cate/nganh-dao-tao-dai-hoc/tam-ly-hoc-cong-nghiep-va-to-chuc,2026-09-24,web_extracted,2026.1
ED5,THPT,D01,,,khong_mon_chinh,"tuyensinh247.com (bên thứ ba), bảng ngành theo phương thức THPT 2026",third_party,2026,Trang giới thiệu ngành trên ts.hust.edu.vn — mục Tổ hợp xét tuyển,https://ts.hust.edu.vn/training-cate/nganh-dao-tao-dai-hoc/tam-ly-hoc-cong-nghiep-va-to-chuc,2026-09-24,web_extracted,2026.1
ED5,THPT,K01,,,K01,,,2026,Trang giới thiệu ngành trên ts.hust.edu.vn — mục Tổ hợp xét tuyển,https://ts.hust.edu.vn/training-cate/nganh-dao-tao-dai-hoc/tam-ly-hoc-cong-nghiep-va-to-chuc,2026-09-24,web_extracted,2026.1
EE-E18,DGTD,K00,,,DGTD,,,2026,Trang giới thiệu ngành trên ts.hust.edu.vn — mục Tổ hợp xét tuyển,http://ts.hust.edu.vn/training-cate/nganh-dao-tao-dai-hoc/he-thong-dien-va-nang-luong-tai-tao-chuong-trinh-tien-tien,2026-09-24,web_extracted,2026.1
EE-E18,THPT,A00,,Toán,mon_chinh_toan,"tuyensinh247.com (bên thứ ba), bảng ngành theo phương thức THPT 2026",third_party,2026,Trang giới thiệu ngành trên ts.hust.edu.vn — mục Tổ hợp xét tuyển,http://ts.hust.edu.vn/training-cate/nganh-dao-tao-dai-hoc/he-thong-dien-va-nang-luong-tai-tao-chuong-trinh-tien-tien,2026-09-24,web_extracted,2026.1
EE-E18,THPT,A01,,Toán,mon_chinh_toan,"tuyensinh247.com (bên thứ ba), bảng ngành theo phương thức THPT 2026",third_party,2026,Trang giới thiệu ngành trên ts.hust.edu.vn — mục Tổ hợp xét tuyển,http://ts.hust.edu.vn/training-cate/nganh-dao-tao-dai-hoc/he-thong-dien-va-nang-luong-tai-tao-chuong-trinh-tien-tien,2026-09-24,web_extracted,2026.1
EE-E18,THPT,K01,,,K01,,,2026,Trang giới thiệu ngành trên ts.hust.edu.vn — mục Tổ hợp xét tuyển,http://ts.hust.edu.vn/training-cate/nganh-dao-tao-dai-hoc/he-thong-dien-va-nang-luong-tai-tao-chuong-trinh-tien-tien,2026-09-24,web_extracted,2026.1
EE-E8,DGTD,K00,,,DGTD,,,2026,Trang giới thiệu ngành trên ts.hust.edu.vn — mục Tổ hợp xét tuyển,https://ts.hust.edu.vn/training-cate/nganh-dao-tao-dai-hoc/ky-thuat-dieu-khien-tu-dong-hoa-chuong-trinh-tien-tien,2026-09-24,web_extracted,2026.1
EE-E8,THPT,A00,,Toán,mon_chinh_toan,"tuyensinh247.com (bên thứ ba), bảng ngành theo phương thức THPT 2026",third_party,2026,Trang giới thiệu ngành trên ts.hust.edu.vn — mục Tổ hợp xét tuyển,https://ts.hust.edu.vn/training-cate/nganh-dao-tao-dai-hoc/ky-thuat-dieu-khien-tu-dong-hoa-chuong-trinh-tien-tien,2026-09-24,web_extracted,2026.1
EE-E8,THPT,A01,,Toán,mon_chinh_toan,"tuyensinh247.com (bên thứ ba), bảng ngành theo phương thức THPT 2026",third_party,2026,Trang giới thiệu ngành trên ts.hust.edu.vn — mục Tổ hợp xét tuyển,https://ts.hust.edu.vn/training-cate/nganh-dao-tao-dai-hoc/ky-thuat-dieu-khien-tu-dong-hoa-chuong-trinh-tien-tien,2026-09-24,web_extracted,2026.1
EE-E8,THPT,K01,,,K01,,,2026,Trang giới thiệu ngành trên ts.hust.edu.vn — mục Tổ hợp xét tuyển,https://ts.hust.edu.vn/training-cate/nganh-dao-tao-dai-hoc/ky-thuat-dieu-khien-tu-dong-hoa-chuong-trinh-tien-tien,2026-09-24,web_extracted,2026.1
EE-EP,DGTD,K00,,,DGTD,,,2026,Trang giới thiệu ngành trên ts.hust.edu.vn — mục Tổ hợp xét tuyển,https://ts.hust.edu.vn/training-cate/nganh-dao-tao-dai-hoc/tin-hoc-cong-nghiep-va-tu-dong-hoa-chuong-trinh-viet-phap-pfiev,2026-09-24,web_extracted,2026.1
EE-EP,THPT,A00,,Toán,mon_chinh_toan,"tuyensinh247.com (bên thứ ba), bảng ngành theo phương thức THPT 2026",third_party,2026,Trang giới thiệu ngành trên ts.hust.edu.vn — mục Tổ hợp xét tuyển,https://ts.hust.edu.vn/training-cate/nganh-dao-tao-dai-hoc/tin-hoc-cong-nghiep-va-tu-dong-hoa-chuong-trinh-viet-phap-pfiev,2026-09-24,web_extracted,2026.1
EE-EP,THPT,A01,,Toán,mon_chinh_toan,"tuyensinh247.com (bên thứ ba), bảng ngành theo phương thức THPT 2026",third_party,2026,Trang giới thiệu ngành trên ts.hust.edu.vn — mục Tổ hợp xét tuyển,https://ts.hust.edu.vn/training-cate/nganh-dao-tao-dai-hoc/tin-hoc-cong-nghiep-va-tu-dong-hoa-chuong-trinh-viet-phap-pfiev,2026-09-24,web_extracted,2026.1
EE-EP,THPT,K01,,,K01,,,2026,Trang giới thiệu ngành trên ts.hust.edu.vn — mục Tổ hợp xét tuyển,https://ts.hust.edu.vn/training-cate/nganh-dao-tao-dai-hoc/tin-hoc-cong-nghiep-va-tu-dong-hoa-chuong-trinh-viet-phap-pfiev,2026-09-24,web_extracted,2026.1
EE1,DGTD,K00,,,DGTD,,,2026,Trang giới thiệu ngành trên ts.hust.edu.vn — mục Tổ hợp xét tuyển,https://ts.hust.edu.vn/training-cate/nganh-dao-tao-dai-hoc/ky-thuat-dien,2026-09-24,web_extracted,2026.1
EE1,THPT,A00,,Toán,mon_chinh_toan,"tuyensinh247.com (bên thứ ba), bảng ngành theo phương thức THPT 2026",third_party,2026,Trang giới thiệu ngành trên ts.hust.edu.vn — mục Tổ hợp xét tuyển,https://ts.hust.edu.vn/training-cate/nganh-dao-tao-dai-hoc/ky-thuat-dien,2026-09-24,web_extracted,2026.1
EE1,THPT,A01,,Toán,mon_chinh_toan,"tuyensinh247.com (bên thứ ba), bảng ngành theo phương thức THPT 2026",third_party,2026,Trang giới thiệu ngành trên ts.hust.edu.vn — mục Tổ hợp xét tuyển,https://ts.hust.edu.vn/training-cate/nganh-dao-tao-dai-hoc/ky-thuat-dien,2026-09-24,web_extracted,2026.1
EE1,THPT,K01,,,K01,,,2026,Trang giới thiệu ngành trên ts.hust.edu.vn — mục Tổ hợp xét tuyển,https://ts.hust.edu.vn/training-cate/nganh-dao-tao-dai-hoc/ky-thuat-dien,2026-09-24,web_extracted,2026.1
EE2,DGTD,K00,,,DGTD,,,2026,Trang giới thiệu ngành trên ts.hust.edu.vn — mục Tổ hợp xét tuyển,https://ts.hust.edu.vn/training-cate/nganh-dao-tao-dai-hoc/ky-thuat-dieu-khien-tu-dong-hoa,2026-09-24,web_extracted,2026.1
EE2,THPT,A00,,Toán,mon_chinh_toan,"tuyensinh247.com (bên thứ ba), bảng ngành theo phương thức THPT 2026",third_party,2026,Trang giới thiệu ngành trên ts.hust.edu.vn — mục Tổ hợp xét tuyển,https://ts.hust.edu.vn/training-cate/nganh-dao-tao-dai-hoc/ky-thuat-dieu-khien-tu-dong-hoa,2026-09-24,web_extracted,2026.1
EE2,THPT,A01,,Toán,mon_chinh_toan,"tuyensinh247.com (bên thứ ba), bảng ngành theo phương thức THPT 2026",third_party,2026,Trang giới thiệu ngành trên ts.hust.edu.vn — mục Tổ hợp xét tuyển,https://ts.hust.edu.vn/training-cate/nganh-dao-tao-dai-hoc/ky-thuat-dieu-khien-tu-dong-hoa,2026-09-24,web_extracted,2026.1
EE2,THPT,K01,,,K01,,,2026,Trang giới thiệu ngành trên ts.hust.edu.vn — mục Tổ hợp xét tuyển,https://ts.hust.edu.vn/training-cate/nganh-dao-tao-dai-hoc/ky-thuat-dieu-khien-tu-dong-hoa,2026-09-24,web_extracted,2026.1
EM-E13,DGTD,K00,,,DGTD,,,2026,Trang giới thiệu ngành trên ts.hust.edu.vn — mục Tổ hợp xét tuyển,https://ts.hust.edu.vn/training-cate/nganh-dao-tao-dai-hoc/phan-tich-kinh-doanh-chuong-trinh-tien-tien,2026-09-24,web_extracted,2026.1
EM-E13,THPT,A01,,,khong_mon_chinh,"tuyensinh247.com (bên thứ ba), bảng ngành theo phương thức THPT 2026",third_party,2026,Trang giới thiệu ngành trên ts.hust.edu.vn — mục Tổ hợp xét tuyển,https://ts.hust.edu.vn/training-cate/nganh-dao-tao-dai-hoc/phan-tich-kinh-doanh-chuong-trinh-tien-tien,2026-09-24,web_extracted,2026.1
EM-E13,THPT,D01,,Toán,mon_chinh_toan,"tuyensinh247.com (bên thứ ba), bảng ngành theo phương thức THPT 2026",third_party,2026,Trang giới thiệu ngành trên ts.hust.edu.vn — mục Tổ hợp xét tuyển,https://ts.hust.edu.vn/training-cate/nganh-dao-tao-dai-hoc/phan-tich-kinh-doanh-chuong-trinh-tien-tien,2026-09-24,web_extracted,2026.1
EM-E13,THPT,D07,,,khong_mon_chinh,"tuyensinh247.com (bên thứ ba), bảng ngành theo phương thức THPT 2026",third_party,2026,Trang giới thiệu ngành trên ts.hust.edu.vn — mục Tổ hợp xét tuyển,https://ts.hust.edu.vn/training-cate/nganh-dao-tao-dai-hoc/phan-tich-kinh-doanh-chuong-trinh-tien-tien,2026-09-24,web_extracted,2026.1
EM-E13,THPT,K01,,,K01,,,2026,Trang giới thiệu ngành trên ts.hust.edu.vn — mục Tổ hợp xét tuyển,https://ts.hust.edu.vn/training-cate/nganh-dao-tao-dai-hoc/phan-tich-kinh-doanh-chuong-trinh-tien-tien,2026-09-24,web_extracted,2026.1
EM-E14,DGTD,K00,,,DGTD,,,2026,Trang giới thiệu ngành trên ts.hust.edu.vn — mục Tổ hợp xét tuyển,https://ts.hust.edu.vn/training-cate/nganh-dao-tao-dai-hoc/logistics-va-quan-ly-chuoi-cung-ung-chuong-trinh-tien-tien,2026-09-24,web_extracted,2026.1
EM-E14,THPT,A01,,,khong_mon_chinh,"tuyensinh247.com (bên thứ ba), bảng ngành theo phương thức THPT 2026",third_party,2026,Trang giới thiệu ngành trên ts.hust.edu.vn — mục Tổ hợp xét tuyển,https://ts.hust.edu.vn/training-cate/nganh-dao-tao-dai-hoc/logistics-va-quan-ly-chuoi-cung-ung-chuong-trinh-tien-tien,2026-09-24,web_extracted,2026.1
EM-E14,THPT,D01,,Toán,mon_chinh_toan,"tuyensinh247.com (bên thứ ba), bảng ngành theo phương thức THPT 2026",third_party,2026,Trang giới thiệu ngành trên ts.hust.edu.vn — mục Tổ hợp xét tuyển,https://ts.hust.edu.vn/training-cate/nganh-dao-tao-dai-hoc/logistics-va-quan-ly-chuoi-cung-ung-chuong-trinh-tien-tien,2026-09-24,web_extracted,2026.1
EM-E14,THPT,D07,,,khong_mon_chinh,"tuyensinh247.com (bên thứ ba), bảng ngành theo phương thức THPT 2026",third_party,2026,Trang giới thiệu ngành trên ts.hust.edu.vn — mục Tổ hợp xét tuyển,https://ts.hust.edu.vn/training-cate/nganh-dao-tao-dai-hoc/logistics-va-quan-ly-chuoi-cung-ung-chuong-trinh-tien-tien,2026-09-24,web_extracted,2026.1
EM-E14,THPT,K01,,,K01,,,2026,Trang giới thiệu ngành trên ts.hust.edu.vn — mục Tổ hợp xét tuyển,https://ts.hust.edu.vn/training-cate/nganh-dao-tao-dai-hoc/logistics-va-quan-ly-chuoi-cung-ung-chuong-trinh-tien-tien,2026-09-24,web_extracted,2026.1
EM-E17,DGTD,K00,,,DGTD,,,2026,Trang giới thiệu ngành trên ts.hust.edu.vn — mục Tổ hợp xét tuyển,https://ts.hust.edu.vn/training-cate/nganh-dao-tao-dai-hoc/ke-toan-chuong-trinh-tien-tien,2026-09-24,web_extracted,2026.1
EM-E17,THPT,A01,,,khong_mon_chinh,"tuyensinh247.com (bên thứ ba), bảng ngành theo phương thức THPT 2026",third_party,2026,Trang giới thiệu ngành trên ts.hust.edu.vn — mục Tổ hợp xét tuyển,https://ts.hust.edu.vn/training-cate/nganh-dao-tao-dai-hoc/ke-toan-chuong-trinh-tien-tien,2026-09-24,web_extracted,2026.1
EM-E17,THPT,D01,,Toán,mon_chinh_toan,"tuyensinh247.com (bên thứ ba), bảng ngành theo phương thức THPT 2026",third_party,2026,Trang giới thiệu ngành trên ts.hust.edu.vn — mục Tổ hợp xét tuyển,https://ts.hust.edu.vn/training-cate/nganh-dao-tao-dai-hoc/ke-toan-chuong-trinh-tien-tien,2026-09-24,web_extracted,2026.1
EM-E17,THPT,D07,,,khong_mon_chinh,"tuyensinh247.com (bên thứ ba), bảng ngành theo phương thức THPT 2026",third_party,2026,Trang giới thiệu ngành trên ts.hust.edu.vn — mục Tổ hợp xét tuyển,https://ts.hust.edu.vn/training-cate/nganh-dao-tao-dai-hoc/ke-toan-chuong-trinh-tien-tien,2026-09-24,web_extracted,2026.1
EM-E17,THPT,K01,,,K01,,,2026,Trang giới thiệu ngành trên ts.hust.edu.vn — mục Tổ hợp xét tuyển,https://ts.hust.edu.vn/training-cate/nganh-dao-tao-dai-hoc/ke-toan-chuong-trinh-tien-tien,2026-09-24,web_extracted,2026.1
EM1,DGTD,K00,,,DGTD,,,2026,Trang giới thiệu ngành trên ts.hust.edu.vn — mục Tổ hợp xét tuyển,https://ts.hust.edu.vn/training-cate/nganh-dao-tao-dai-hoc/quan-ly-nang-luong,2026-09-24,web_extracted,2026.1
EM1,THPT,A00,,,khong_mon_chinh,"tuyensinh247.com (bên thứ ba), bảng ngành theo phương thức THPT 2026",third_party,2026,Trang giới thiệu ngành trên ts.hust.edu.vn — mục Tổ hợp xét tuyển,https://ts.hust.edu.vn/training-cate/nganh-dao-tao-dai-hoc/quan-ly-nang-luong,2026-09-24,web_extracted,2026.1
EM1,THPT,A01,,,khong_mon_chinh,"tuyensinh247.com (bên thứ ba), bảng ngành theo phương thức THPT 2026",third_party,2026,Trang giới thiệu ngành trên ts.hust.edu.vn — mục Tổ hợp xét tuyển,https://ts.hust.edu.vn/training-cate/nganh-dao-tao-dai-hoc/quan-ly-nang-luong,2026-09-24,web_extracted,2026.1
EM1,THPT,D01,,Toán,mon_chinh_toan,"tuyensinh247.com (bên thứ ba), bảng ngành theo phương thức THPT 2026",third_party,2026,Trang giới thiệu ngành trên ts.hust.edu.vn — mục Tổ hợp xét tuyển,https://ts.hust.edu.vn/training-cate/nganh-dao-tao-dai-hoc/quan-ly-nang-luong,2026-09-24,web_extracted,2026.1
EM1,THPT,K01,,,K01,,,2026,Trang giới thiệu ngành trên ts.hust.edu.vn — mục Tổ hợp xét tuyển,https://ts.hust.edu.vn/training-cate/nganh-dao-tao-dai-hoc/quan-ly-nang-luong,2026-09-24,web_extracted,2026.1
EM2,DGTD,K00,,,DGTD,,,2026,Trang giới thiệu ngành trên ts.hust.edu.vn — mục Tổ hợp xét tuyển,https://ts.hust.edu.vn/training-cate/nganh-dao-tao-dai-hoc/quan-ly-cong-nghiep,2026-09-24,web_extracted,2026.1
EM2,THPT,A00,,,khong_mon_chinh,"tuyensinh247.com (bên thứ ba), bảng ngành theo phương thức THPT 2026",third_party,2026,Trang giới thiệu ngành trên ts.hust.edu.vn — mục Tổ hợp xét tuyển,https://ts.hust.edu.vn/training-cate/nganh-dao-tao-dai-hoc/quan-ly-cong-nghiep,2026-09-24,web_extracted,2026.1
EM2,THPT,A01,,,khong_mon_chinh,"tuyensinh247.com (bên thứ ba), bảng ngành theo phương thức THPT 2026",third_party,2026,Trang giới thiệu ngành trên ts.hust.edu.vn — mục Tổ hợp xét tuyển,https://ts.hust.edu.vn/training-cate/nganh-dao-tao-dai-hoc/quan-ly-cong-nghiep,2026-09-24,web_extracted,2026.1
EM2,THPT,D01,,Toán,mon_chinh_toan,"tuyensinh247.com (bên thứ ba), bảng ngành theo phương thức THPT 2026",third_party,2026,Trang giới thiệu ngành trên ts.hust.edu.vn — mục Tổ hợp xét tuyển,https://ts.hust.edu.vn/training-cate/nganh-dao-tao-dai-hoc/quan-ly-cong-nghiep,2026-09-24,web_extracted,2026.1
EM2,THPT,K01,,,K01,,,2026,Trang giới thiệu ngành trên ts.hust.edu.vn — mục Tổ hợp xét tuyển,https://ts.hust.edu.vn/training-cate/nganh-dao-tao-dai-hoc/quan-ly-cong-nghiep,2026-09-24,web_extracted,2026.1
EM3,DGTD,K00,,,DGTD,,,2026,Trang giới thiệu ngành trên ts.hust.edu.vn — mục Tổ hợp xét tuyển,https://ts.hust.edu.vn/training-cate/nganh-dao-tao-dai-hoc/quan-tri-kinh-doanh,2026-09-24,web_extracted,2026.1
EM3,THPT,A00,,,khong_mon_chinh,"tuyensinh247.com (bên thứ ba), bảng ngành theo phương thức THPT 2026",third_party,2026,Trang giới thiệu ngành trên ts.hust.edu.vn — mục Tổ hợp xét tuyển,https://ts.hust.edu.vn/training-cate/nganh-dao-tao-dai-hoc/quan-tri-kinh-doanh,2026-09-24,web_extracted,2026.1
EM3,THPT,A01,,,khong_mon_chinh,"tuyensinh247.com (bên thứ ba), bảng ngành theo phương thức THPT 2026",third_party,2026,Trang giới thiệu ngành trên ts.hust.edu.vn — mục Tổ hợp xét tuyển,https://ts.hust.edu.vn/training-cate/nganh-dao-tao-dai-hoc/quan-tri-kinh-doanh,2026-09-24,web_extracted,2026.1
EM3,THPT,D01,,Toán,mon_chinh_toan,"tuyensinh247.com (bên thứ ba), bảng ngành theo phương thức THPT 2026",third_party,2026,Trang giới thiệu ngành trên ts.hust.edu.vn — mục Tổ hợp xét tuyển,https://ts.hust.edu.vn/training-cate/nganh-dao-tao-dai-hoc/quan-tri-kinh-doanh,2026-09-24,web_extracted,2026.1
EM3,THPT,K01,,,K01,,,2026,Trang giới thiệu ngành trên ts.hust.edu.vn — mục Tổ hợp xét tuyển,https://ts.hust.edu.vn/training-cate/nganh-dao-tao-dai-hoc/quan-tri-kinh-doanh,2026-09-24,web_extracted,2026.1
EM5,DGTD,K00,,,DGTD,,,2026,Trang giới thiệu ngành trên ts.hust.edu.vn — mục Tổ hợp xét tuyển,https://ts.hust.edu.vn/training-cate/nganh-dao-tao-dai-hoc/tai-chinh-ngan-hang,2026-09-24,web_extracted,2026.1
EM5,THPT,A00,,,khong_mon_chinh,"tuyensinh247.com (bên thứ ba), bảng ngành theo phương thức THPT 2026",third_party,2026,Trang giới thiệu ngành trên ts.hust.edu.vn — mục Tổ hợp xét tuyển,https://ts.hust.edu.vn/training-cate/nganh-dao-tao-dai-hoc/tai-chinh-ngan-hang,2026-09-24,web_extracted,2026.1
EM5,THPT,A01,,,khong_mon_chinh,"tuyensinh247.com (bên thứ ba), bảng ngành theo phương thức THPT 2026",third_party,2026,Trang giới thiệu ngành trên ts.hust.edu.vn — mục Tổ hợp xét tuyển,https://ts.hust.edu.vn/training-cate/nganh-dao-tao-dai-hoc/tai-chinh-ngan-hang,2026-09-24,web_extracted,2026.1
EM5,THPT,D01,,Toán,mon_chinh_toan,"tuyensinh247.com (bên thứ ba), bảng ngành theo phương thức THPT 2026",third_party,2026,Trang giới thiệu ngành trên ts.hust.edu.vn — mục Tổ hợp xét tuyển,https://ts.hust.edu.vn/training-cate/nganh-dao-tao-dai-hoc/tai-chinh-ngan-hang,2026-09-24,web_extracted,2026.1
EM5,THPT,K01,,,K01,,,2026,Trang giới thiệu ngành trên ts.hust.edu.vn — mục Tổ hợp xét tuyển,https://ts.hust.edu.vn/training-cate/nganh-dao-tao-dai-hoc/tai-chinh-ngan-hang,2026-09-24,web_extracted,2026.1
ET-E16,DGTD,K00,,,DGTD,,,2026,Trang giới thiệu ngành trên ts.hust.edu.vn — mục Tổ hợp xét tuyển,https://ts.hust.edu.vn/training-cate/nganh-dao-tao-dai-hoc/truyen-thong-so-va-ky-thuat-da-phuong-tien-chuong-trinh-tien-tien,2026-09-24,web_extracted,2026.1
ET-E16,THPT,A00,,Toán,mon_chinh_toan,"tuyensinh247.com (bên thứ ba), bảng ngành theo phương thức THPT 2026",third_party,2026,Trang giới thiệu ngành trên ts.hust.edu.vn — mục Tổ hợp xét tuyển,https://ts.hust.edu.vn/training-cate/nganh-dao-tao-dai-hoc/truyen-thong-so-va-ky-thuat-da-phuong-tien-chuong-trinh-tien-tien,2026-09-24,web_extracted,2026.1
ET-E16,THPT,A01,,Toán,mon_chinh_toan,"tuyensinh247.com (bên thứ ba), bảng ngành theo phương thức THPT 2026",third_party,2026,Trang giới thiệu ngành trên ts.hust.edu.vn — mục Tổ hợp xét tuyển,https://ts.hust.edu.vn/training-cate/nganh-dao-tao-dai-hoc/truyen-thong-so-va-ky-thuat-da-phuong-tien-chuong-trinh-tien-tien,2026-09-24,web_extracted,2026.1
ET-E16,THPT,K01,,,K01,,,2026,Trang giới thiệu ngành trên ts.hust.edu.vn — mục Tổ hợp xét tuyển,https://ts.hust.edu.vn/training-cate/nganh-dao-tao-dai-hoc/truyen-thong-so-va-ky-thuat-da-phuong-tien-chuong-trinh-tien-tien,2026-09-24,web_extracted,2026.1
ET-E4,DGTD,K00,,,DGTD,,,2026,Trang giới thiệu ngành trên ts.hust.edu.vn — mục Tổ hợp xét tuyển,https://ts.hust.edu.vn/training-cate/nganh-dao-tao-dai-hoc/ky-thuat-dien-tu-vien-thong-chuong-trinh-tien-tien,2026-09-24,web_extracted,2026.1
ET-E4,THPT,A00,,Toán,mon_chinh_toan,"tuyensinh247.com (bên thứ ba), bảng ngành theo phương thức THPT 2026",third_party,2026,Trang giới thiệu ngành trên ts.hust.edu.vn — mục Tổ hợp xét tuyển,https://ts.hust.edu.vn/training-cate/nganh-dao-tao-dai-hoc/ky-thuat-dien-tu-vien-thong-chuong-trinh-tien-tien,2026-09-24,web_extracted,2026.1
ET-E4,THPT,A01,,Toán,mon_chinh_toan,"tuyensinh247.com (bên thứ ba), bảng ngành theo phương thức THPT 2026",third_party,2026,Trang giới thiệu ngành trên ts.hust.edu.vn — mục Tổ hợp xét tuyển,https://ts.hust.edu.vn/training-cate/nganh-dao-tao-dai-hoc/ky-thuat-dien-tu-vien-thong-chuong-trinh-tien-tien,2026-09-24,web_extracted,2026.1
ET-E4,THPT,K01,,,K01,,,2026,Trang giới thiệu ngành trên ts.hust.edu.vn — mục Tổ hợp xét tuyển,https://ts.hust.edu.vn/training-cate/nganh-dao-tao-dai-hoc/ky-thuat-dien-tu-vien-thong-chuong-trinh-tien-tien,2026-09-24,web_extracted,2026.1
ET-E5,DGTD,K00,,,DGTD,,,2026,Trang giới thiệu ngành trên ts.hust.edu.vn — mục Tổ hợp xét tuyển,https://ts.hust.edu.vn/training-cate/nganh-dao-tao-dai-hoc/ky-thuat-y-sinh-chuong-trinh-tien-tien,2026-09-24,web_extracted,2026.1
ET-E5,THPT,A00,,Toán,mon_chinh_toan,"tuyensinh247.com (bên thứ ba), bảng ngành theo phương thức THPT 2026",third_party,2026,Trang giới thiệu ngành trên ts.hust.edu.vn — mục Tổ hợp xét tuyển,https://ts.hust.edu.vn/training-cate/nganh-dao-tao-dai-hoc/ky-thuat-y-sinh-chuong-trinh-tien-tien,2026-09-24,web_extracted,2026.1
ET-E5,THPT,A01,,Toán,mon_chinh_toan,"tuyensinh247.com (bên thứ ba), bảng ngành theo phương thức THPT 2026",third_party,2026,Trang giới thiệu ngành trên ts.hust.edu.vn — mục Tổ hợp xét tuyển,https://ts.hust.edu.vn/training-cate/nganh-dao-tao-dai-hoc/ky-thuat-y-sinh-chuong-trinh-tien-tien,2026-09-24,web_extracted,2026.1
ET-E5,THPT,K01,,,K01,,,2026,Trang giới thiệu ngành trên ts.hust.edu.vn — mục Tổ hợp xét tuyển,https://ts.hust.edu.vn/training-cate/nganh-dao-tao-dai-hoc/ky-thuat-y-sinh-chuong-trinh-tien-tien,2026-09-24,web_extracted,2026.1
ET-E9,DGTD,K00,,,DGTD,,,2026,Trang giới thiệu ngành trên ts.hust.edu.vn — mục Tổ hợp xét tuyển,https://ts.hust.edu.vn/training-cate/nganh-dao-tao-dai-hoc/he-thong-nhung-thong-minh-va-iot-chuong-trinh-tien-tien,2026-09-24,web_extracted,2026.1
ET-E9,THPT,A00,,Toán,mon_chinh_toan,"tuyensinh247.com (bên thứ ba), bảng ngành theo phương thức THPT 2026",third_party,2026,Trang giới thiệu ngành trên ts.hust.edu.vn — mục Tổ hợp xét tuyển,https://ts.hust.edu.vn/training-cate/nganh-dao-tao-dai-hoc/he-thong-nhung-thong-minh-va-iot-chuong-trinh-tien-tien,2026-09-24,web_extracted,2026.1
ET-E9,THPT,A01,,Toán,mon_chinh_toan,"tuyensinh247.com (bên thứ ba), bảng ngành theo phương thức THPT 2026",third_party,2026,Trang giới thiệu ngành trên ts.hust.edu.vn — mục Tổ hợp xét tuyển,https://ts.hust.edu.vn/training-cate/nganh-dao-tao-dai-hoc/he-thong-nhung-thong-minh-va-iot-chuong-trinh-tien-tien,2026-09-24,web_extracted,2026.1
ET-E9,THPT,K01,,,K01,,,2026,Trang giới thiệu ngành trên ts.hust.edu.vn — mục Tổ hợp xét tuyển,https://ts.hust.edu.vn/training-cate/nganh-dao-tao-dai-hoc/he-thong-nhung-thong-minh-va-iot-chuong-trinh-tien-tien,2026-09-24,web_extracted,2026.1
ET-LUH,DGTD,K00,,,DGTD,,,2026,Trang giới thiệu ngành trên ts.hust.edu.vn — mục Tổ hợp xét tuyển,https://ts.hust.edu.vn/training-cate/nganh-dao-tao-dai-hoc/dien-tu-vien-thong-dh-leibniz-hannover-duc,2026-09-24,web_extracted,2026.1
ET-LUH,THPT,A00,,Toán,mon_chinh_toan,"tuyensinh247.com (bên thứ ba), bảng ngành theo phương thức THPT 2026",third_party,2026,Trang giới thiệu ngành trên ts.hust.edu.vn — mục Tổ hợp xét tuyển,https://ts.hust.edu.vn/training-cate/nganh-dao-tao-dai-hoc/dien-tu-vien-thong-dh-leibniz-hannover-duc,2026-09-24,web_extracted,2026.1
ET-LUH,THPT,A01,,Toán,mon_chinh_toan,"tuyensinh247.com (bên thứ ba), bảng ngành theo phương thức THPT 2026",third_party,2026,Trang giới thiệu ngành trên ts.hust.edu.vn — mục Tổ hợp xét tuyển,https://ts.hust.edu.vn/training-cate/nganh-dao-tao-dai-hoc/dien-tu-vien-thong-dh-leibniz-hannover-duc,2026-09-24,web_extracted,2026.1
ET-LUH,THPT,K01,,,K01,,,2026,Trang giới thiệu ngành trên ts.hust.edu.vn — mục Tổ hợp xét tuyển,https://ts.hust.edu.vn/training-cate/nganh-dao-tao-dai-hoc/dien-tu-vien-thong-dh-leibniz-hannover-duc,2026-09-24,web_extracted,2026.1
ET1,DGTD,K00,,,DGTD,,,2026,Trang giới thiệu ngành trên ts.hust.edu.vn — mục Tổ hợp xét tuyển,https://ts.hust.edu.vn/training-cate/nganh-dao-tao-dai-hoc/dien-tu-va-vien-thong,2026-09-24,web_extracted,2026.1
ET1,THPT,A00,,Toán,mon_chinh_toan,"tuyensinh247.com (bên thứ ba), bảng ngành theo phương thức THPT 2026",third_party,2026,Trang giới thiệu ngành trên ts.hust.edu.vn — mục Tổ hợp xét tuyển,https://ts.hust.edu.vn/training-cate/nganh-dao-tao-dai-hoc/dien-tu-va-vien-thong,2026-09-24,web_extracted,2026.1
ET1,THPT,A01,,Toán,mon_chinh_toan,"tuyensinh247.com (bên thứ ba), bảng ngành theo phương thức THPT 2026",third_party,2026,Trang giới thiệu ngành trên ts.hust.edu.vn — mục Tổ hợp xét tuyển,https://ts.hust.edu.vn/training-cate/nganh-dao-tao-dai-hoc/dien-tu-va-vien-thong,2026-09-24,web_extracted,2026.1
ET1,THPT,K01,,,K01,,,2026,Trang giới thiệu ngành trên ts.hust.edu.vn — mục Tổ hợp xét tuyển,https://ts.hust.edu.vn/training-cate/nganh-dao-tao-dai-hoc/dien-tu-va-vien-thong,2026-09-24,web_extracted,2026.1
ET2,DGTD,K00,,,DGTD,,,2026,Trang giới thiệu ngành trên ts.hust.edu.vn — mục Tổ hợp xét tuyển,https://ts.hust.edu.vn/training-cate/nganh-dao-tao-dai-hoc/ky-thuat-y-sinh,2026-09-24,web_extracted,2026.1
ET2,THPT,A00,,Toán,mon_chinh_toan,"tuyensinh247.com (bên thứ ba), bảng ngành theo phương thức THPT 2026",third_party,2026,Trang giới thiệu ngành trên ts.hust.edu.vn — mục Tổ hợp xét tuyển,https://ts.hust.edu.vn/training-cate/nganh-dao-tao-dai-hoc/ky-thuat-y-sinh,2026-09-24,web_extracted,2026.1
ET2,THPT,A01,,Toán,mon_chinh_toan,"tuyensinh247.com (bên thứ ba), bảng ngành theo phương thức THPT 2026",third_party,2026,Trang giới thiệu ngành trên ts.hust.edu.vn — mục Tổ hợp xét tuyển,https://ts.hust.edu.vn/training-cate/nganh-dao-tao-dai-hoc/ky-thuat-y-sinh,2026-09-24,web_extracted,2026.1
ET2,THPT,B00,,Toán,mon_chinh_toan,"tuyensinh247.com (bên thứ ba), bảng ngành theo phương thức THPT 2026",third_party,2026,Trang giới thiệu ngành trên ts.hust.edu.vn — mục Tổ hợp xét tuyển,https://ts.hust.edu.vn/training-cate/nganh-dao-tao-dai-hoc/ky-thuat-y-sinh,2026-09-24,web_extracted,2026.1
ET2,THPT,K01,,,K01,,,2026,Trang giới thiệu ngành trên ts.hust.edu.vn — mục Tổ hợp xét tuyển,https://ts.hust.edu.vn/training-cate/nganh-dao-tao-dai-hoc/ky-thuat-y-sinh,2026-09-24,web_extracted,2026.1
EV1,DGTD,K00,,,DGTD,,,2026,Trang giới thiệu ngành trên ts.hust.edu.vn — mục Tổ hợp xét tuyển,https://ts.hust.edu.vn/training-cate/nganh-dao-tao-dai-hoc/ky-thuat-moi-truong,2026-09-24,web_extracted,2026.1
EV1,THPT,A00,,Toán,mon_chinh_toan,"tuyensinh247.com (bên thứ ba), bảng ngành theo phương thức THPT 2026",third_party,2026,Trang giới thiệu ngành trên ts.hust.edu.vn — mục Tổ hợp xét tuyển,https://ts.hust.edu.vn/training-cate/nganh-dao-tao-dai-hoc/ky-thuat-moi-truong,2026-09-24,web_extracted,2026.1
EV1,THPT,B00,,Toán,mon_chinh_toan,"tuyensinh247.com (bên thứ ba), bảng ngành theo phương thức THPT 2026",third_party,2026,Trang giới thiệu ngành trên ts.hust.edu.vn — mục Tổ hợp xét tuyển,https://ts.hust.edu.vn/training-cate/nganh-dao-tao-dai-hoc/ky-thuat-moi-truong,2026-09-24,web_extracted,2026.1
EV1,THPT,D07,,Toán,mon_chinh_toan,"tuyensinh247.com (bên thứ ba), bảng ngành theo phương thức THPT 2026",third_party,2026,Trang giới thiệu ngành trên ts.hust.edu.vn — mục Tổ hợp xét tuyển,https://ts.hust.edu.vn/training-cate/nganh-dao-tao-dai-hoc/ky-thuat-moi-truong,2026-09-24,web_extracted,2026.1
EV1,THPT,K01,,,K01,,,2026,Trang giới thiệu ngành trên ts.hust.edu.vn — mục Tổ hợp xét tuyển,https://ts.hust.edu.vn/training-cate/nganh-dao-tao-dai-hoc/ky-thuat-moi-truong,2026-09-24,web_extracted,2026.1
EV2,DGTD,K00,,,DGTD,,,2026,Trang giới thiệu ngành trên ts.hust.edu.vn — mục Tổ hợp xét tuyển,https://ts.hust.edu.vn/training-cate/nganh-dao-tao-dai-hoc/quan-ly-tai-nguyen-va-moi-truong,2026-09-24,web_extracted,2026.1
EV2,THPT,A00,,Toán,mon_chinh_toan,"tuyensinh247.com (bên thứ ba), bảng ngành theo phương thức THPT 2026",third_party,2026,Trang giới thiệu ngành trên ts.hust.edu.vn — mục Tổ hợp xét tuyển,https://ts.hust.edu.vn/training-cate/nganh-dao-tao-dai-hoc/quan-ly-tai-nguyen-va-moi-truong,2026-09-24,web_extracted,2026.1
EV2,THPT,B00,,Toán,mon_chinh_toan,"tuyensinh247.com (bên thứ ba), bảng ngành theo phương thức THPT 2026",third_party,2026,Trang giới thiệu ngành trên ts.hust.edu.vn — mục Tổ hợp xét tuyển,https://ts.hust.edu.vn/training-cate/nganh-dao-tao-dai-hoc/quan-ly-tai-nguyen-va-moi-truong,2026-09-24,web_extracted,2026.1
EV2,THPT,D07,,Toán,mon_chinh_toan,"tuyensinh247.com (bên thứ ba), bảng ngành theo phương thức THPT 2026",third_party,2026,Trang giới thiệu ngành trên ts.hust.edu.vn — mục Tổ hợp xét tuyển,https://ts.hust.edu.vn/training-cate/nganh-dao-tao-dai-hoc/quan-ly-tai-nguyen-va-moi-truong,2026-09-24,web_extracted,2026.1
EV2,THPT,K01,,,K01,,,2026,Trang giới thiệu ngành trên ts.hust.edu.vn — mục Tổ hợp xét tuyển,https://ts.hust.edu.vn/training-cate/nganh-dao-tao-dai-hoc/quan-ly-tai-nguyen-va-moi-truong,2026-09-24,web_extracted,2026.1
FL1,THPT,D01,,,khong_mon_chinh,"tuyensinh247.com (bên thứ ba), bảng ngành theo phương thức THPT 2026",third_party,2026,Trang giới thiệu ngành trên ts.hust.edu.vn — mục Tổ hợp xét tuyển,https://ts.hust.edu.vn/training-cate/nganh-dao-tao-dai-hoc/tieng-anh-khoa-hoc-ky-thuat-va-cong-nghe,2026-09-24,web_extracted,2026.1
FL1,THPT,K01,,,K01,,,2026,Trang giới thiệu ngành trên ts.hust.edu.vn — mục Tổ hợp xét tuyển,https://ts.hust.edu.vn/training-cate/nganh-dao-tao-dai-hoc/tieng-anh-khoa-hoc-ky-thuat-va-cong-nghe,2026-09-24,web_extracted,2026.1
FL2,THPT,D01,,,khong_mon_chinh,"tuyensinh247.com (bên thứ ba), bảng ngành theo phương thức THPT 2026",third_party,2026,Trang giới thiệu ngành trên ts.hust.edu.vn — mục Tổ hợp xét tuyển,https://ts.hust.edu.vn/training-cate/nganh-dao-tao-dai-hoc/tieng-anh-chuyen-nghiep-quoc-te,2026-09-24,web_extracted,2026.1
FL2,THPT,K01,,,K01,,,2026,Trang giới thiệu ngành trên ts.hust.edu.vn — mục Tổ hợp xét tuyển,https://ts.hust.edu.vn/training-cate/nganh-dao-tao-dai-hoc/tieng-anh-chuyen-nghiep-quoc-te,2026-09-24,web_extracted,2026.1
FL3,THPT,D01,,,khong_mon_chinh,"tuyensinh247.com (bên thứ ba), bảng ngành theo phương thức THPT 2026",third_party,2026,Trang giới thiệu ngành trên ts.hust.edu.vn — mục Tổ hợp xét tuyển,https://ts.hust.edu.vn/training-cate/nganh-dao-tao-dai-hoc/tieng-trung-khoa-hoc-va-cong-nghe,2026-09-24,web_extracted,2026.1
FL3,THPT,D04,,,khong_mon_chinh,"tuyensinh247.com (bên thứ ba), bảng ngành theo phương thức THPT 2026",third_party,2026,Trang giới thiệu ngành trên ts.hust.edu.vn — mục Tổ hợp xét tuyển,https://ts.hust.edu.vn/training-cate/nganh-dao-tao-dai-hoc/tieng-trung-khoa-hoc-va-cong-nghe,2026-09-24,web_extracted,2026.1
FL3,THPT,K01,,,K01,,,2026,Trang giới thiệu ngành trên ts.hust.edu.vn — mục Tổ hợp xét tuyển,https://ts.hust.edu.vn/training-cate/nganh-dao-tao-dai-hoc/tieng-trung-khoa-hoc-va-cong-nghe,2026-09-24,web_extracted,2026.1
FL4,THPT,D01,,,khong_mon_chinh,"tuyensinh247.com (bên thứ ba), bảng ngành theo phương thức THPT 2026",third_party,2026,Trang giới thiệu ngành trên ts.hust.edu.vn — mục Tổ hợp xét tuyển,https://ts.hust.edu.vn/training-cate/nganh-dao-tao-dai-hoc/tieng-han-khoa-hoc-va-cong-nghe,2026-09-24,web_extracted,2026.1
FL4,THPT,DD2,,,khong_mon_chinh,"tuyensinh247.com (bên thứ ba), bảng ngành theo phương thức THPT 2026",third_party,2026,Trang giới thiệu ngành trên ts.hust.edu.vn — mục Tổ hợp xét tuyển,https://ts.hust.edu.vn/training-cate/nganh-dao-tao-dai-hoc/tieng-han-khoa-hoc-va-cong-nghe,2026-09-24,web_extracted,2026.1
FL4,THPT,K01,,,K01,,,2026,Trang giới thiệu ngành trên ts.hust.edu.vn — mục Tổ hợp xét tuyển,https://ts.hust.edu.vn/training-cate/nganh-dao-tao-dai-hoc/tieng-han-khoa-hoc-va-cong-nghe,2026-09-24,web_extracted,2026.1
HE1,DGTD,K00,,,DGTD,,,2026,Trang giới thiệu ngành trên ts.hust.edu.vn — mục Tổ hợp xét tuyển,https://ts.hust.edu.vn/training-cate/nganh-dao-tao-dai-hoc/ky-thuat-nhiet,2026-09-24,web_extracted,2026.1
HE1,THPT,A00,,Toán,mon_chinh_toan,"tuyensinh247.com (bên thứ ba), bảng ngành theo phương thức THPT 2026",third_party,2026,Trang giới thiệu ngành trên ts.hust.edu.vn — mục Tổ hợp xét tuyển,https://ts.hust.edu.vn/training-cate/nganh-dao-tao-dai-hoc/ky-thuat-nhiet,2026-09-24,web_extracted,2026.1
HE1,THPT,A01,,Toán,mon_chinh_toan,"tuyensinh247.com (bên thứ ba), bảng ngành theo phương thức THPT 2026",third_party,2026,Trang giới thiệu ngành trên ts.hust.edu.vn — mục Tổ hợp xét tuyển,https://ts.hust.edu.vn/training-cate/nganh-dao-tao-dai-hoc/ky-thuat-nhiet,2026-09-24,web_extracted,2026.1
HE1,THPT,K01,,,K01,,,2026,Trang giới thiệu ngành trên ts.hust.edu.vn — mục Tổ hợp xét tuyển,https://ts.hust.edu.vn/training-cate/nganh-dao-tao-dai-hoc/ky-thuat-nhiet,2026-09-24,web_extracted,2026.1
IT-E10,DGTD,K00,,,DGTD,,,2026,Trang giới thiệu ngành trên ts.hust.edu.vn — mục Tổ hợp xét tuyển,https://ts.hust.edu.vn/training-cate/nganh-dao-tao-dai-hoc/khoa-hoc-du-lieu-va-tri-tue-nhan-tao,2026-09-24,web_extracted,2026.1
IT-E10,THPT,A00,,Toán,mon_chinh_toan,"tuyensinh247.com (bên thứ ba), bảng ngành theo phương thức THPT 2026",third_party,2026,Trang giới thiệu ngành trên ts.hust.edu.vn — mục Tổ hợp xét tuyển,https://ts.hust.edu.vn/training-cate/nganh-dao-tao-dai-hoc/khoa-hoc-du-lieu-va-tri-tue-nhan-tao,2026-09-24,web_extracted,2026.1
IT-E10,THPT,A01,,Toán,mon_chinh_toan,"tuyensinh247.com (bên thứ ba), bảng ngành theo phương thức THPT 2026",third_party,2026,Trang giới thiệu ngành trên ts.hust.edu.vn — mục Tổ hợp xét tuyển,https://ts.hust.edu.vn/training-cate/nganh-dao-tao-dai-hoc/khoa-hoc-du-lieu-va-tri-tue-nhan-tao,2026-09-24,web_extracted,2026.1
IT-E10,THPT,K01,,,K01,,,2026,Trang giới thiệu ngành trên ts.hust.edu.vn — mục Tổ hợp xét tuyển,https://ts.hust.edu.vn/training-cate/nganh-dao-tao-dai-hoc/khoa-hoc-du-lieu-va-tri-tue-nhan-tao,2026-09-24,web_extracted,2026.1
IT-E15,DGTD,K00,,,DGTD,,,2026,Trang giới thiệu ngành trên ts.hust.edu.vn — mục Tổ hợp xét tuyển,https://ts.hust.edu.vn/training-cate/nganh-dao-tao-dai-hoc/an-toan-khong-gian-so-chuong-trinh-tien-tien,2026-09-24,web_extracted,2026.1
IT-E15,THPT,A00,,Toán,mon_chinh_toan,"tuyensinh247.com (bên thứ ba), bảng ngành theo phương thức THPT 2026",third_party,2026,Trang giới thiệu ngành trên ts.hust.edu.vn — mục Tổ hợp xét tuyển,https://ts.hust.edu.vn/training-cate/nganh-dao-tao-dai-hoc/an-toan-khong-gian-so-chuong-trinh-tien-tien,2026-09-24,web_extracted,2026.1
IT-E15,THPT,A01,,Toán,mon_chinh_toan,"tuyensinh247.com (bên thứ ba), bảng ngành theo phương thức THPT 2026",third_party,2026,Trang giới thiệu ngành trên ts.hust.edu.vn — mục Tổ hợp xét tuyển,https://ts.hust.edu.vn/training-cate/nganh-dao-tao-dai-hoc/an-toan-khong-gian-so-chuong-trinh-tien-tien,2026-09-24,web_extracted,2026.1
IT-E15,THPT,K01,,,K01,,,2026,Trang giới thiệu ngành trên ts.hust.edu.vn — mục Tổ hợp xét tuyển,https://ts.hust.edu.vn/training-cate/nganh-dao-tao-dai-hoc/an-toan-khong-gian-so-chuong-trinh-tien-tien,2026-09-24,web_extracted,2026.1
IT-E6,DGTD,K00,,,DGTD,,,2026,Trang giới thiệu ngành trên ts.hust.edu.vn — mục Tổ hợp xét tuyển,https://ts.hust.edu.vn/training-cate/nganh-dao-tao-dai-hoc/cong-nghe-thong-tin-viet-nhat-chuong-trinh-tien-tien,2026-09-24,web_extracted,2026.1
IT-E6,THPT,A00,,Toán,mon_chinh_toan,"tuyensinh247.com (bên thứ ba), bảng ngành theo phương thức THPT 2026",third_party,2026,Trang giới thiệu ngành trên ts.hust.edu.vn — mục Tổ hợp xét tuyển,https://ts.hust.edu.vn/training-cate/nganh-dao-tao-dai-hoc/cong-nghe-thong-tin-viet-nhat-chuong-trinh-tien-tien,2026-09-24,web_extracted,2026.1
IT-E6,THPT,A01,,Toán,mon_chinh_toan,"tuyensinh247.com (bên thứ ba), bảng ngành theo phương thức THPT 2026",third_party,2026,Trang giới thiệu ngành trên ts.hust.edu.vn — mục Tổ hợp xét tuyển,https://ts.hust.edu.vn/training-cate/nganh-dao-tao-dai-hoc/cong-nghe-thong-tin-viet-nhat-chuong-trinh-tien-tien,2026-09-24,web_extracted,2026.1
IT-E6,THPT,K01,,,K01,,,2026,Trang giới thiệu ngành trên ts.hust.edu.vn — mục Tổ hợp xét tuyển,https://ts.hust.edu.vn/training-cate/nganh-dao-tao-dai-hoc/cong-nghe-thong-tin-viet-nhat-chuong-trinh-tien-tien,2026-09-24,web_extracted,2026.1
IT-E7,DGTD,K00,,,DGTD,,,2026,Trang giới thiệu ngành trên ts.hust.edu.vn — mục Tổ hợp xét tuyển,https://ts.hust.edu.vn/training-cate/nganh-dao-tao-dai-hoc/cong-nghe-thong-tin-global-ict,2026-09-24,web_extracted,2026.1
IT-E7,THPT,A00,,Toán,mon_chinh_toan,"tuyensinh247.com (bên thứ ba), bảng ngành theo phương thức THPT 2026",third_party,2026,Trang giới thiệu ngành trên ts.hust.edu.vn — mục Tổ hợp xét tuyển,https://ts.hust.edu.vn/training-cate/nganh-dao-tao-dai-hoc/cong-nghe-thong-tin-global-ict,2026-09-24,web_extracted,2026.1
IT-E7,THPT,A01,,Toán,mon_chinh_toan,"tuyensinh247.com (bên thứ ba), bảng ngành theo phương thức THPT 2026",third_party,2026,Trang giới thiệu ngành trên ts.hust.edu.vn — mục Tổ hợp xét tuyển,https://ts.hust.edu.vn/training-cate/nganh-dao-tao-dai-hoc/cong-nghe-thong-tin-global-ict,2026-09-24,web_extracted,2026.1
IT-E7,THPT,K01,,,K01,,,2026,Trang giới thiệu ngành trên ts.hust.edu.vn — mục Tổ hợp xét tuyển,https://ts.hust.edu.vn/training-cate/nganh-dao-tao-dai-hoc/cong-nghe-thong-tin-global-ict,2026-09-24,web_extracted,2026.1
IT-EP,DGTD,K00,,,DGTD,,,2026,Trang giới thiệu ngành trên ts.hust.edu.vn — mục Tổ hợp xét tuyển,https://ts.hust.edu.vn/training-cate/nganh-dao-tao-dai-hoc/cong-nghe-thong-tin-viet-phap-chuong-trinh-tien-tien,2026-09-24,web_extracted,2026.1
IT-EP,THPT,A00,,Toán,mon_chinh_toan,"tuyensinh247.com (bên thứ ba), bảng ngành theo phương thức THPT 2026",third_party,2026,Trang giới thiệu ngành trên ts.hust.edu.vn — mục Tổ hợp xét tuyển,https://ts.hust.edu.vn/training-cate/nganh-dao-tao-dai-hoc/cong-nghe-thong-tin-viet-phap-chuong-trinh-tien-tien,2026-09-24,web_extracted,2026.1
IT-EP,THPT,A01,,Toán,mon_chinh_toan,"tuyensinh247.com (bên thứ ba), bảng ngành theo phương thức THPT 2026",third_party,2026,Trang giới thiệu ngành trên ts.hust.edu.vn — mục Tổ hợp xét tuyển,https://ts.hust.edu.vn/training-cate/nganh-dao-tao-dai-hoc/cong-nghe-thong-tin-viet-phap-chuong-trinh-tien-tien,2026-09-24,web_extracted,2026.1
IT-EP,THPT,K01,,,K01,,,2026,Trang giới thiệu ngành trên ts.hust.edu.vn — mục Tổ hợp xét tuyển,https://ts.hust.edu.vn/training-cate/nganh-dao-tao-dai-hoc/cong-nghe-thong-tin-viet-phap-chuong-trinh-tien-tien,2026-09-24,web_extracted,2026.1
IT1,DGTD,K00,,,DGTD,,,2026,Trang giới thiệu ngành trên ts.hust.edu.vn — mục Tổ hợp xét tuyển,https://ts.hust.edu.vn/training-cate/nganh-dao-tao-dai-hoc/cntt-khoa-hoc-may-tinh,2026-09-24,web_extracted,2026.1
IT1,THPT,A00,,Toán,mon_chinh_toan,"tuyensinh247.com (bên thứ ba), bảng ngành theo phương thức THPT 2026",third_party,2026,Trang giới thiệu ngành trên ts.hust.edu.vn — mục Tổ hợp xét tuyển,https://ts.hust.edu.vn/training-cate/nganh-dao-tao-dai-hoc/cntt-khoa-hoc-may-tinh,2026-09-24,web_extracted,2026.1
IT1,THPT,A01,,Toán,mon_chinh_toan,"tuyensinh247.com (bên thứ ba), bảng ngành theo phương thức THPT 2026",third_party,2026,Trang giới thiệu ngành trên ts.hust.edu.vn — mục Tổ hợp xét tuyển,https://ts.hust.edu.vn/training-cate/nganh-dao-tao-dai-hoc/cntt-khoa-hoc-may-tinh,2026-09-24,web_extracted,2026.1
IT1,THPT,K01,,,K01,,,2026,Trang giới thiệu ngành trên ts.hust.edu.vn — mục Tổ hợp xét tuyển,https://ts.hust.edu.vn/training-cate/nganh-dao-tao-dai-hoc/cntt-khoa-hoc-may-tinh,2026-09-24,web_extracted,2026.1
IT2,DGTD,K00,,,DGTD,,,2026,Trang giới thiệu ngành trên ts.hust.edu.vn — mục Tổ hợp xét tuyển,https://ts.hust.edu.vn/training-cate/nganh-dao-tao-dai-hoc/cntt-ky-thuat-may-tinh,2026-09-24,web_extracted,2026.1
IT2,THPT,A00,,Toán,mon_chinh_toan,"tuyensinh247.com (bên thứ ba), bảng ngành theo phương thức THPT 2026",third_party,2026,Trang giới thiệu ngành trên ts.hust.edu.vn — mục Tổ hợp xét tuyển,https://ts.hust.edu.vn/training-cate/nganh-dao-tao-dai-hoc/cntt-ky-thuat-may-tinh,2026-09-24,web_extracted,2026.1
IT2,THPT,A01,,Toán,mon_chinh_toan,"tuyensinh247.com (bên thứ ba), bảng ngành theo phương thức THPT 2026",third_party,2026,Trang giới thiệu ngành trên ts.hust.edu.vn — mục Tổ hợp xét tuyển,https://ts.hust.edu.vn/training-cate/nganh-dao-tao-dai-hoc/cntt-ky-thuat-may-tinh,2026-09-24,web_extracted,2026.1
IT2,THPT,K01,,,K01,,,2026,Trang giới thiệu ngành trên ts.hust.edu.vn — mục Tổ hợp xét tuyển,https://ts.hust.edu.vn/training-cate/nganh-dao-tao-dai-hoc/cntt-ky-thuat-may-tinh,2026-09-24,web_extracted,2026.1
ME-E1,DGTD,K00,,,DGTD,,,2026,Trang giới thiệu ngành trên ts.hust.edu.vn — mục Tổ hợp xét tuyển,https://ts.hust.edu.vn/training-cate/nganh-dao-tao-dai-hoc/ky-thuat-co-dien-tu-chuong-trinh-tien-tien-,2026-09-24,web_extracted,2026.1
ME-E1,THPT,A00,,Toán,mon_chinh_toan,"tuyensinh247.com (bên thứ ba), bảng ngành theo phương thức THPT 2026",third_party,2026,Trang giới thiệu ngành trên ts.hust.edu.vn — mục Tổ hợp xét tuyển,https://ts.hust.edu.vn/training-cate/nganh-dao-tao-dai-hoc/ky-thuat-co-dien-tu-chuong-trinh-tien-tien-,2026-09-24,web_extracted,2026.1
ME-E1,THPT,A01,,Toán,mon_chinh_toan,"tuyensinh247.com (bên thứ ba), bảng ngành theo phương thức THPT 2026",third_party,2026,Trang giới thiệu ngành trên ts.hust.edu.vn — mục Tổ hợp xét tuyển,https://ts.hust.edu.vn/training-cate/nganh-dao-tao-dai-hoc/ky-thuat-co-dien-tu-chuong-trinh-tien-tien-,2026-09-24,web_extracted,2026.1
ME-E1,THPT,K01,,,K01,,,2026,Trang giới thiệu ngành trên ts.hust.edu.vn — mục Tổ hợp xét tuyển,https://ts.hust.edu.vn/training-cate/nganh-dao-tao-dai-hoc/ky-thuat-co-dien-tu-chuong-trinh-tien-tien-,2026-09-24,web_extracted,2026.1
ME-GU,DGTD,K00,,,DGTD,,,2026,Trang giới thiệu ngành trên ts.hust.edu.vn — mục Tổ hợp xét tuyển,https://ts.hust.edu.vn/training-cate/nganh-dao-tao-dai-hoc/co-khi-che-tao-may-dh-griffith-uc,2026-09-24,web_extracted,2026.1
ME-GU,THPT,A00,,Toán,mon_chinh_toan,"tuyensinh247.com (bên thứ ba), bảng ngành theo phương thức THPT 2026",third_party,2026,Trang giới thiệu ngành trên ts.hust.edu.vn — mục Tổ hợp xét tuyển,https://ts.hust.edu.vn/training-cate/nganh-dao-tao-dai-hoc/co-khi-che-tao-may-dh-griffith-uc,2026-09-24,web_extracted,2026.1
ME-GU,THPT,A01,,Toán,mon_chinh_toan,"tuyensinh247.com (bên thứ ba), bảng ngành theo phương thức THPT 2026",third_party,2026,Trang giới thiệu ngành trên ts.hust.edu.vn — mục Tổ hợp xét tuyển,https://ts.hust.edu.vn/training-cate/nganh-dao-tao-dai-hoc/co-khi-che-tao-may-dh-griffith-uc,2026-09-24,web_extracted,2026.1
ME-GU,THPT,K01,,,K01,,,2026,Trang giới thiệu ngành trên ts.hust.edu.vn — mục Tổ hợp xét tuyển,https://ts.hust.edu.vn/training-cate/nganh-dao-tao-dai-hoc/co-khi-che-tao-may-dh-griffith-uc,2026-09-24,web_extracted,2026.1
ME-LUH,DGTD,K00,,,DGTD,,,2026,Trang giới thiệu ngành trên ts.hust.edu.vn — mục Tổ hợp xét tuyển,https://ts.hust.edu.vn/training-cate/nganh-dao-tao-dai-hoc/co-dien-tu-dh-leibniz-hannover-duc,2026-09-24,web_extracted,2026.1
ME-LUH,THPT,A00,,Toán,mon_chinh_toan,"tuyensinh247.com (bên thứ ba), bảng ngành theo phương thức THPT 2026",third_party,2026,Trang giới thiệu ngành trên ts.hust.edu.vn — mục Tổ hợp xét tuyển,https://ts.hust.edu.vn/training-cate/nganh-dao-tao-dai-hoc/co-dien-tu-dh-leibniz-hannover-duc,2026-09-24,web_extracted,2026.1
ME-LUH,THPT,A01,,Toán,mon_chinh_toan,"tuyensinh247.com (bên thứ ba), bảng ngành theo phương thức THPT 2026",third_party,2026,Trang giới thiệu ngành trên ts.hust.edu.vn — mục Tổ hợp xét tuyển,https://ts.hust.edu.vn/training-cate/nganh-dao-tao-dai-hoc/co-dien-tu-dh-leibniz-hannover-duc,2026-09-24,web_extracted,2026.1
ME-LUH,THPT,K01,,,K01,,,2026,Trang giới thiệu ngành trên ts.hust.edu.vn — mục Tổ hợp xét tuyển,https://ts.hust.edu.vn/training-cate/nganh-dao-tao-dai-hoc/co-dien-tu-dh-leibniz-hannover-duc,2026-09-24,web_extracted,2026.1
ME-NUT,DGTD,K00,,,DGTD,,,2026,Trang giới thiệu ngành trên ts.hust.edu.vn — mục Tổ hợp xét tuyển,https://ts.hust.edu.vn/training-cate/nganh-dao-tao-dai-hoc/co-dien-tu-dh-nagaoka-nhat-ban,2026-09-24,web_extracted,2026.1
ME-NUT,THPT,A00,,Toán,mon_chinh_toan,"tuyensinh247.com (bên thứ ba), bảng ngành theo phương thức THPT 2026",third_party,2026,Trang giới thiệu ngành trên ts.hust.edu.vn — mục Tổ hợp xét tuyển,https://ts.hust.edu.vn/training-cate/nganh-dao-tao-dai-hoc/co-dien-tu-dh-nagaoka-nhat-ban,2026-09-24,web_extracted,2026.1
ME-NUT,THPT,A01,,Toán,mon_chinh_toan,"tuyensinh247.com (bên thứ ba), bảng ngành theo phương thức THPT 2026",third_party,2026,Trang giới thiệu ngành trên ts.hust.edu.vn — mục Tổ hợp xét tuyển,https://ts.hust.edu.vn/training-cate/nganh-dao-tao-dai-hoc/co-dien-tu-dh-nagaoka-nhat-ban,2026-09-24,web_extracted,2026.1
ME-NUT,THPT,K01,,,K01,,,2026,Trang giới thiệu ngành trên ts.hust.edu.vn — mục Tổ hợp xét tuyển,https://ts.hust.edu.vn/training-cate/nganh-dao-tao-dai-hoc/co-dien-tu-dh-nagaoka-nhat-ban,2026-09-24,web_extracted,2026.1
ME1,DGTD,K00,,,DGTD,,,2026,Trang giới thiệu ngành trên ts.hust.edu.vn — mục Tổ hợp xét tuyển,https://ts.hust.edu.vn/training-cate/nganh-dao-tao-dai-hoc/ky-thuat-co-dien-tu,2026-09-24,web_extracted,2026.1
ME1,THPT,A00,,Toán,mon_chinh_toan,"tuyensinh247.com (bên thứ ba), bảng ngành theo phương thức THPT 2026",third_party,2026,Trang giới thiệu ngành trên ts.hust.edu.vn — mục Tổ hợp xét tuyển,https://ts.hust.edu.vn/training-cate/nganh-dao-tao-dai-hoc/ky-thuat-co-dien-tu,2026-09-24,web_extracted,2026.1
ME1,THPT,A01,,Toán,mon_chinh_toan,"tuyensinh247.com (bên thứ ba), bảng ngành theo phương thức THPT 2026",third_party,2026,Trang giới thiệu ngành trên ts.hust.edu.vn — mục Tổ hợp xét tuyển,https://ts.hust.edu.vn/training-cate/nganh-dao-tao-dai-hoc/ky-thuat-co-dien-tu,2026-09-24,web_extracted,2026.1
ME1,THPT,K01,,,K01,,,2026,Trang giới thiệu ngành trên ts.hust.edu.vn — mục Tổ hợp xét tuyển,https://ts.hust.edu.vn/training-cate/nganh-dao-tao-dai-hoc/ky-thuat-co-dien-tu,2026-09-24,web_extracted,2026.1
ME2,DGTD,K00,,,DGTD,,,2026,Trang giới thiệu ngành trên ts.hust.edu.vn — mục Tổ hợp xét tuyển,https://ts.hust.edu.vn/training-cate/nganh-dao-tao-dai-hoc/ky-thuat-co-khi,2026-09-24,web_extracted,2026.1
ME2,THPT,A00,,Toán,mon_chinh_toan,"tuyensinh247.com (bên thứ ba), bảng ngành theo phương thức THPT 2026",third_party,2026,Trang giới thiệu ngành trên ts.hust.edu.vn — mục Tổ hợp xét tuyển,https://ts.hust.edu.vn/training-cate/nganh-dao-tao-dai-hoc/ky-thuat-co-khi,2026-09-24,web_extracted,2026.1
ME2,THPT,A01,,Toán,mon_chinh_toan,"tuyensinh247.com (bên thứ ba), bảng ngành theo phương thức THPT 2026",third_party,2026,Trang giới thiệu ngành trên ts.hust.edu.vn — mục Tổ hợp xét tuyển,https://ts.hust.edu.vn/training-cate/nganh-dao-tao-dai-hoc/ky-thuat-co-khi,2026-09-24,web_extracted,2026.1
ME2,THPT,K01,,,K01,,,2026,Trang giới thiệu ngành trên ts.hust.edu.vn — mục Tổ hợp xét tuyển,https://ts.hust.edu.vn/training-cate/nganh-dao-tao-dai-hoc/ky-thuat-co-khi,2026-09-24,web_extracted,2026.1
MI-E22,DGTD,K00,,,DGTD,,,2026,Trang giới thiệu ngành trên ts.hust.edu.vn — mục Tổ hợp xét tuyển,https://ts.hust.edu.vn/training-cate/nganh-dao-tao-dai-hoc/khoa-hoc-tinh-toan-cho-cac-he-thong-thong-minh-cttt,2026-09-24,web_extracted,2026.1
MI-E22,THPT,A00,,Toán,mon_chinh_toan,"tuyensinh247.com (bên thứ ba), bảng ngành theo phương thức THPT 2026",third_party,2026,Trang giới thiệu ngành trên ts.hust.edu.vn — mục Tổ hợp xét tuyển,https://ts.hust.edu.vn/training-cate/nganh-dao-tao-dai-hoc/khoa-hoc-tinh-toan-cho-cac-he-thong-thong-minh-cttt,2026-09-24,web_extracted,2026.1
MI-E22,THPT,A01,,Toán,mon_chinh_toan,"tuyensinh247.com (bên thứ ba), bảng ngành theo phương thức THPT 2026",third_party,2026,Trang giới thiệu ngành trên ts.hust.edu.vn — mục Tổ hợp xét tuyển,https://ts.hust.edu.vn/training-cate/nganh-dao-tao-dai-hoc/khoa-hoc-tinh-toan-cho-cac-he-thong-thong-minh-cttt,2026-09-24,web_extracted,2026.1
MI-E22,THPT,K01,,,K01,,,2026,Trang giới thiệu ngành trên ts.hust.edu.vn — mục Tổ hợp xét tuyển,https://ts.hust.edu.vn/training-cate/nganh-dao-tao-dai-hoc/khoa-hoc-tinh-toan-cho-cac-he-thong-thong-minh-cttt,2026-09-24,web_extracted,2026.1
MI1,DGTD,K00,,,DGTD,,,2026,Trang giới thiệu ngành trên ts.hust.edu.vn — mục Tổ hợp xét tuyển,https://ts.hust.edu.vn/training-cate/nganh-dao-tao-dai-hoc/toan-tin,2026-09-24,web_extracted,2026.1
MI1,THPT,A00,,Toán,mon_chinh_toan,"tuyensinh247.com (bên thứ ba), bảng ngành theo phương thức THPT 2026",third_party,2026,Trang giới thiệu ngành trên ts.hust.edu.vn — mục Tổ hợp xét tuyển,https://ts.hust.edu.vn/training-cate/nganh-dao-tao-dai-hoc/toan-tin,2026-09-24,web_extracted,2026.1
MI1,THPT,A01,,Toán,mon_chinh_toan,"tuyensinh247.com (bên thứ ba), bảng ngành theo phương thức THPT 2026",third_party,2026,Trang giới thiệu ngành trên ts.hust.edu.vn — mục Tổ hợp xét tuyển,https://ts.hust.edu.vn/training-cate/nganh-dao-tao-dai-hoc/toan-tin,2026-09-24,web_extracted,2026.1
MI1,THPT,K01,,,K01,,,2026,Trang giới thiệu ngành trên ts.hust.edu.vn — mục Tổ hợp xét tuyển,https://ts.hust.edu.vn/training-cate/nganh-dao-tao-dai-hoc/toan-tin,2026-09-24,web_extracted,2026.1
MI2,DGTD,K00,,,DGTD,,,2026,Trang giới thiệu ngành trên ts.hust.edu.vn — mục Tổ hợp xét tuyển,https://ts.hust.edu.vn/training-cate/nganh-dao-tao-dai-hoc/he-thong-thong-tin-quan-ly,2026-09-24,web_extracted,2026.1
MI2,THPT,A00,,Toán,mon_chinh_toan,"tuyensinh247.com (bên thứ ba), bảng ngành theo phương thức THPT 2026",third_party,2026,Trang giới thiệu ngành trên ts.hust.edu.vn — mục Tổ hợp xét tuyển,https://ts.hust.edu.vn/training-cate/nganh-dao-tao-dai-hoc/he-thong-thong-tin-quan-ly,2026-09-24,web_extracted,2026.1
MI2,THPT,A01,,Toán,mon_chinh_toan,"tuyensinh247.com (bên thứ ba), bảng ngành theo phương thức THPT 2026",third_party,2026,Trang giới thiệu ngành trên ts.hust.edu.vn — mục Tổ hợp xét tuyển,https://ts.hust.edu.vn/training-cate/nganh-dao-tao-dai-hoc/he-thong-thong-tin-quan-ly,2026-09-24,web_extracted,2026.1
MI2,THPT,K01,,,K01,,,2026,Trang giới thiệu ngành trên ts.hust.edu.vn — mục Tổ hợp xét tuyển,https://ts.hust.edu.vn/training-cate/nganh-dao-tao-dai-hoc/he-thong-thong-tin-quan-ly,2026-09-24,web_extracted,2026.1
MS-E3,DGTD,K00,,,DGTD,,,2026,Trang giới thiệu ngành trên ts.hust.edu.vn — mục Tổ hợp xét tuyển,https://ts.hust.edu.vn/training-cate/nganh-dao-tao-dai-hoc/khoa-hoc-va-ky-thuat-vat-lieu-chuong-trinh-tien-tien,2026-09-24,web_extracted,2026.1
MS-E3,THPT,A00,,Toán,mon_chinh_toan,"tuyensinh247.com (bên thứ ba), bảng ngành theo phương thức THPT 2026",third_party,2026,Trang giới thiệu ngành trên ts.hust.edu.vn — mục Tổ hợp xét tuyển,https://ts.hust.edu.vn/training-cate/nganh-dao-tao-dai-hoc/khoa-hoc-va-ky-thuat-vat-lieu-chuong-trinh-tien-tien,2026-09-24,web_extracted,2026.1
MS-E3,THPT,A01,,Toán,mon_chinh_toan,"tuyensinh247.com (bên thứ ba), bảng ngành theo phương thức THPT 2026",third_party,2026,Trang giới thiệu ngành trên ts.hust.edu.vn — mục Tổ hợp xét tuyển,https://ts.hust.edu.vn/training-cate/nganh-dao-tao-dai-hoc/khoa-hoc-va-ky-thuat-vat-lieu-chuong-trinh-tien-tien,2026-09-24,web_extracted,2026.1
MS-E3,THPT,D07,,Toán,mon_chinh_toan,"tuyensinh247.com (bên thứ ba), bảng ngành theo phương thức THPT 2026",third_party,2026,Trang giới thiệu ngành trên ts.hust.edu.vn — mục Tổ hợp xét tuyển,https://ts.hust.edu.vn/training-cate/nganh-dao-tao-dai-hoc/khoa-hoc-va-ky-thuat-vat-lieu-chuong-trinh-tien-tien,2026-09-24,web_extracted,2026.1
MS1,DGTD,K00,,,DGTD,,,2026,Trang giới thiệu ngành trên ts.hust.edu.vn — mục Tổ hợp xét tuyển,https://ts.hust.edu.vn/training-cate/nganh-dao-tao-dai-hoc/ky-thuat-vat-lieu,2026-09-24,web_extracted,2026.1
MS1,THPT,A00,,Toán,mon_chinh_toan,"tuyensinh247.com (bên thứ ba), bảng ngành theo phương thức THPT 2026",third_party,2026,Trang giới thiệu ngành trên ts.hust.edu.vn — mục Tổ hợp xét tuyển,https://ts.hust.edu.vn/training-cate/nganh-dao-tao-dai-hoc/ky-thuat-vat-lieu,2026-09-24,web_extracted,2026.1
MS1,THPT,A01,,Toán,mon_chinh_toan,"tuyensinh247.com (bên thứ ba), bảng ngành theo phương thức THPT 2026",third_party,2026,Trang giới thiệu ngành trên ts.hust.edu.vn — mục Tổ hợp xét tuyển,https://ts.hust.edu.vn/training-cate/nganh-dao-tao-dai-hoc/ky-thuat-vat-lieu,2026-09-24,web_extracted,2026.1
MS1,THPT,D07,,Toán,mon_chinh_toan,"tuyensinh247.com (bên thứ ba), bảng ngành theo phương thức THPT 2026",third_party,2026,Trang giới thiệu ngành trên ts.hust.edu.vn — mục Tổ hợp xét tuyển,https://ts.hust.edu.vn/training-cate/nganh-dao-tao-dai-hoc/ky-thuat-vat-lieu,2026-09-24,web_extracted,2026.1
MS1,THPT,K01,,,K01,,,2026,Trang giới thiệu ngành trên ts.hust.edu.vn — mục Tổ hợp xét tuyển,https://ts.hust.edu.vn/training-cate/nganh-dao-tao-dai-hoc/ky-thuat-vat-lieu,2026-09-24,web_extracted,2026.1
MS2,DGTD,K00,,,DGTD,,,2026,Trang giới thiệu ngành trên ts.hust.edu.vn — mục Tổ hợp xét tuyển,https://ts.hust.edu.vn/training-cate/nganh-dao-tao-dai-hoc/chuong-trinh-ky-thuat-vi-dien-tu-va-cong-nghe-nano,2026-09-24,web_extracted,2026.1
MS2,THPT,A00,,Toán,mon_chinh_toan,"tuyensinh247.com (bên thứ ba), bảng ngành theo phương thức THPT 2026",third_party,2026,Trang giới thiệu ngành trên ts.hust.edu.vn — mục Tổ hợp xét tuyển,https://ts.hust.edu.vn/training-cate/nganh-dao-tao-dai-hoc/chuong-trinh-ky-thuat-vi-dien-tu-va-cong-nghe-nano,2026-09-24,web_extracted,2026.1
MS2,THPT,A01,,Toán,mon_chinh_toan,"tuyensinh247.com (bên thứ ba), bảng ngành theo phương thức THPT 2026",third_party,2026,Trang giới thiệu ngành trên ts.hust.edu.vn — mục Tổ hợp xét tuyển,https://ts.hust.edu.vn/training-cate/nganh-dao-tao-dai-hoc/chuong-trinh-ky-thuat-vi-dien-tu-va-cong-nghe-nano,2026-09-24,web_extracted,2026.1
MS2,THPT,D07,,Toán,mon_chinh_toan,"tuyensinh247.com (bên thứ ba), bảng ngành theo phương thức THPT 2026",third_party,2026,Trang giới thiệu ngành trên ts.hust.edu.vn — mục Tổ hợp xét tuyển,https://ts.hust.edu.vn/training-cate/nganh-dao-tao-dai-hoc/chuong-trinh-ky-thuat-vi-dien-tu-va-cong-nghe-nano,2026-09-24,web_extracted,2026.1
MS2,THPT,K01,,,K01,,,2026,Trang giới thiệu ngành trên ts.hust.edu.vn — mục Tổ hợp xét tuyển,https://ts.hust.edu.vn/training-cate/nganh-dao-tao-dai-hoc/chuong-trinh-ky-thuat-vi-dien-tu-va-cong-nghe-nano,2026-09-24,web_extracted,2026.1
MS3,DGTD,K00,,,DGTD,,,2026,Trang giới thiệu ngành trên ts.hust.edu.vn — mục Tổ hợp xét tuyển,https://ts.hust.edu.vn/training-cate/nganh-dao-tao-dai-hoc/cong-nghe-vat-lieu-polyme-va-compozit,2026-09-24,web_extracted,2026.1
MS3,THPT,A00,,Toán,mon_chinh_toan,"tuyensinh247.com (bên thứ ba), bảng ngành theo phương thức THPT 2026",third_party,2026,Trang giới thiệu ngành trên ts.hust.edu.vn — mục Tổ hợp xét tuyển,https://ts.hust.edu.vn/training-cate/nganh-dao-tao-dai-hoc/cong-nghe-vat-lieu-polyme-va-compozit,2026-09-24,web_extracted,2026.1
MS3,THPT,A01,,Toán,mon_chinh_toan,"tuyensinh247.com (bên thứ ba), bảng ngành theo phương thức THPT 2026",third_party,2026,Trang giới thiệu ngành trên ts.hust.edu.vn — mục Tổ hợp xét tuyển,https://ts.hust.edu.vn/training-cate/nganh-dao-tao-dai-hoc/cong-nghe-vat-lieu-polyme-va-compozit,2026-09-24,web_extracted,2026.1
MS3,THPT,D07,,Toán,mon_chinh_toan,"tuyensinh247.com (bên thứ ba), bảng ngành theo phương thức THPT 2026",third_party,2026,Trang giới thiệu ngành trên ts.hust.edu.vn — mục Tổ hợp xét tuyển,https://ts.hust.edu.vn/training-cate/nganh-dao-tao-dai-hoc/cong-nghe-vat-lieu-polyme-va-compozit,2026-09-24,web_extracted,2026.1
MS3,THPT,K01,,,K01,,,2026,Trang giới thiệu ngành trên ts.hust.edu.vn — mục Tổ hợp xét tuyển,https://ts.hust.edu.vn/training-cate/nganh-dao-tao-dai-hoc/cong-nghe-vat-lieu-polyme-va-compozit,2026-09-24,web_extracted,2026.1
MS5,DGTD,K00,,,DGTD,,,2026,Trang giới thiệu ngành trên ts.hust.edu.vn — mục Tổ hợp xét tuyển,https://ts.hust.edu.vn/training-cate/nganh-dao-tao-dai-hoc/ky-thuat-in,2026-09-24,web_extracted,2026.1
MS5,THPT,A00,,Toán,mon_chinh_toan,"tuyensinh247.com (bên thứ ba), bảng ngành theo phương thức THPT 2026",third_party,2026,Trang giới thiệu ngành trên ts.hust.edu.vn — mục Tổ hợp xét tuyển,https://ts.hust.edu.vn/training-cate/nganh-dao-tao-dai-hoc/ky-thuat-in,2026-09-24,web_extracted,2026.1
MS5,THPT,A01,,Toán,mon_chinh_toan,"tuyensinh247.com (bên thứ ba), bảng ngành theo phương thức THPT 2026",third_party,2026,Trang giới thiệu ngành trên ts.hust.edu.vn — mục Tổ hợp xét tuyển,https://ts.hust.edu.vn/training-cate/nganh-dao-tao-dai-hoc/ky-thuat-in,2026-09-24,web_extracted,2026.1
MS5,THPT,D07,,Toán,mon_chinh_toan,"tuyensinh247.com (bên thứ ba), bảng ngành theo phương thức THPT 2026",third_party,2026,Trang giới thiệu ngành trên ts.hust.edu.vn — mục Tổ hợp xét tuyển,https://ts.hust.edu.vn/training-cate/nganh-dao-tao-dai-hoc/ky-thuat-in,2026-09-24,web_extracted,2026.1
MS5,THPT,K01,,,K01,,,2026,Trang giới thiệu ngành trên ts.hust.edu.vn — mục Tổ hợp xét tuyển,https://ts.hust.edu.vn/training-cate/nganh-dao-tao-dai-hoc/ky-thuat-in,2026-09-24,web_extracted,2026.1
PH1,DGTD,K00,,,DGTD,,,2026,Trang giới thiệu ngành trên ts.hust.edu.vn — mục Tổ hợp xét tuyển,https://ts.hust.edu.vn/training-cate/nganh-dao-tao-dai-hoc/vat-ly-ky-thuat,2026-09-24,web_extracted,2026.1
PH1,THPT,A00,,Toán,mon_chinh_toan,"tuyensinh247.com (bên thứ ba), bảng ngành theo phương thức THPT 2026",third_party,2026,Trang giới thiệu ngành trên ts.hust.edu.vn — mục Tổ hợp xét tuyển,https://ts.hust.edu.vn/training-cate/nganh-dao-tao-dai-hoc/vat-ly-ky-thuat,2026-09-24,web_extracted,2026.1
PH1,THPT,A01,,Toán,mon_chinh_toan,"tuyensinh247.com (bên thứ ba), bảng ngành theo phương thức THPT 2026",third_party,2026,Trang giới thiệu ngành trên ts.hust.edu.vn — mục Tổ hợp xét tuyển,https://ts.hust.edu.vn/training-cate/nganh-dao-tao-dai-hoc/vat-ly-ky-thuat,2026-09-24,web_extracted,2026.1
PH1,THPT,K01,,,K01,,,2026,Trang giới thiệu ngành trên ts.hust.edu.vn — mục Tổ hợp xét tuyển,https://ts.hust.edu.vn/training-cate/nganh-dao-tao-dai-hoc/vat-ly-ky-thuat,2026-09-24,web_extracted,2026.1
PH2,DGTD,K00,,,DGTD,,,2026,Trang giới thiệu ngành trên ts.hust.edu.vn — mục Tổ hợp xét tuyển,https://ts.hust.edu.vn/training-cate/nganh-dao-tao-dai-hoc/ky-thuat-hat-nhan,2026-09-24,web_extracted,2026.1
PH2,THPT,A00,,Toán,mon_chinh_toan,"tuyensinh247.com (bên thứ ba), bảng ngành theo phương thức THPT 2026",third_party,2026,Trang giới thiệu ngành trên ts.hust.edu.vn — mục Tổ hợp xét tuyển,https://ts.hust.edu.vn/training-cate/nganh-dao-tao-dai-hoc/ky-thuat-hat-nhan,2026-09-24,web_extracted,2026.1
PH2,THPT,A01,,Toán,mon_chinh_toan,"tuyensinh247.com (bên thứ ba), bảng ngành theo phương thức THPT 2026",third_party,2026,Trang giới thiệu ngành trên ts.hust.edu.vn — mục Tổ hợp xét tuyển,https://ts.hust.edu.vn/training-cate/nganh-dao-tao-dai-hoc/ky-thuat-hat-nhan,2026-09-24,web_extracted,2026.1
PH2,THPT,K01,,,K01,,,2026,Trang giới thiệu ngành trên ts.hust.edu.vn — mục Tổ hợp xét tuyển,https://ts.hust.edu.vn/training-cate/nganh-dao-tao-dai-hoc/ky-thuat-hat-nhan,2026-09-24,web_extracted,2026.1
PH3,DGTD,K00,,,DGTD,,,2026,Trang giới thiệu ngành trên ts.hust.edu.vn — mục Tổ hợp xét tuyển,https://ts.hust.edu.vn/training-cate/nganh-dao-tao-dai-hoc/vat-ly-y-khoa,2026-09-24,web_extracted,2026.1
PH3,THPT,A00,,Toán,mon_chinh_toan,"tuyensinh247.com (bên thứ ba), bảng ngành theo phương thức THPT 2026",third_party,2026,Trang giới thiệu ngành trên ts.hust.edu.vn — mục Tổ hợp xét tuyển,https://ts.hust.edu.vn/training-cate/nganh-dao-tao-dai-hoc/vat-ly-y-khoa,2026-09-24,web_extracted,2026.1
PH3,THPT,A01,,Toán,mon_chinh_toan,"tuyensinh247.com (bên thứ ba), bảng ngành theo phương thức THPT 2026",third_party,2026,Trang giới thiệu ngành trên ts.hust.edu.vn — mục Tổ hợp xét tuyển,https://ts.hust.edu.vn/training-cate/nganh-dao-tao-dai-hoc/vat-ly-y-khoa,2026-09-24,web_extracted,2026.1
PH3,THPT,K01,,,K01,,,2026,Trang giới thiệu ngành trên ts.hust.edu.vn — mục Tổ hợp xét tuyển,https://ts.hust.edu.vn/training-cate/nganh-dao-tao-dai-hoc/vat-ly-y-khoa,2026-09-24,web_extracted,2026.1
TE-E2,DGTD,K00,,,DGTD,,,2026,Trang giới thiệu ngành trên ts.hust.edu.vn — mục Tổ hợp xét tuyển,https://ts.hust.edu.vn/training-cate/nganh-dao-tao-dai-hoc/ky-thuat-o-to-chuong-trinh-tien-tien,2026-09-24,web_extracted,2026.1
TE-E2,THPT,A00,,Toán,mon_chinh_toan,"tuyensinh247.com (bên thứ ba), bảng ngành theo phương thức THPT 2026",third_party,2026,Trang giới thiệu ngành trên ts.hust.edu.vn — mục Tổ hợp xét tuyển,https://ts.hust.edu.vn/training-cate/nganh-dao-tao-dai-hoc/ky-thuat-o-to-chuong-trinh-tien-tien,2026-09-24,web_extracted,2026.1
TE-E2,THPT,A01,,Toán,mon_chinh_toan,"tuyensinh247.com (bên thứ ba), bảng ngành theo phương thức THPT 2026",third_party,2026,Trang giới thiệu ngành trên ts.hust.edu.vn — mục Tổ hợp xét tuyển,https://ts.hust.edu.vn/training-cate/nganh-dao-tao-dai-hoc/ky-thuat-o-to-chuong-trinh-tien-tien,2026-09-24,web_extracted,2026.1
TE-E2,THPT,K01,,,K01,,,2026,Trang giới thiệu ngành trên ts.hust.edu.vn — mục Tổ hợp xét tuyển,https://ts.hust.edu.vn/training-cate/nganh-dao-tao-dai-hoc/ky-thuat-o-to-chuong-trinh-tien-tien,2026-09-24,web_extracted,2026.1
TE-EP,DGTD,K00,,,DGTD,,,2026,Trang giới thiệu ngành trên ts.hust.edu.vn — mục Tổ hợp xét tuyển,https://ts.hust.edu.vn/training-cate/nganh-dao-tao-dai-hoc/co-khi-hang-khong-chuong-trinh-viet-phap-pfiev,2026-09-24,web_extracted,2026.1
TE-EP,THPT,A00,,Toán,mon_chinh_toan,"tuyensinh247.com (bên thứ ba), bảng ngành theo phương thức THPT 2026",third_party,2026,Trang giới thiệu ngành trên ts.hust.edu.vn — mục Tổ hợp xét tuyển,https://ts.hust.edu.vn/training-cate/nganh-dao-tao-dai-hoc/co-khi-hang-khong-chuong-trinh-viet-phap-pfiev,2026-09-24,web_extracted,2026.1
TE-EP,THPT,A01,,Toán,mon_chinh_toan,"tuyensinh247.com (bên thứ ba), bảng ngành theo phương thức THPT 2026",third_party,2026,Trang giới thiệu ngành trên ts.hust.edu.vn — mục Tổ hợp xét tuyển,https://ts.hust.edu.vn/training-cate/nganh-dao-tao-dai-hoc/co-khi-hang-khong-chuong-trinh-viet-phap-pfiev,2026-09-24,web_extracted,2026.1
TE-EP,THPT,K01,,,K01,,,2026,Trang giới thiệu ngành trên ts.hust.edu.vn — mục Tổ hợp xét tuyển,https://ts.hust.edu.vn/training-cate/nganh-dao-tao-dai-hoc/co-khi-hang-khong-chuong-trinh-viet-phap-pfiev,2026-09-24,web_extracted,2026.1
TE1,DGTD,K00,,,DGTD,,,2026,Trang giới thiệu ngành trên ts.hust.edu.vn — mục Tổ hợp xét tuyển,https://ts.hust.edu.vn/training-cate/nganh-dao-tao-dai-hoc/ky-thuat-o-to,2026-09-24,web_extracted,2026.1
TE1,THPT,A00,,Toán,mon_chinh_toan,"tuyensinh247.com (bên thứ ba), bảng ngành theo phương thức THPT 2026",third_party,2026,Trang giới thiệu ngành trên ts.hust.edu.vn — mục Tổ hợp xét tuyển,https://ts.hust.edu.vn/training-cate/nganh-dao-tao-dai-hoc/ky-thuat-o-to,2026-09-24,web_extracted,2026.1
TE1,THPT,A01,,Toán,mon_chinh_toan,"tuyensinh247.com (bên thứ ba), bảng ngành theo phương thức THPT 2026",third_party,2026,Trang giới thiệu ngành trên ts.hust.edu.vn — mục Tổ hợp xét tuyển,https://ts.hust.edu.vn/training-cate/nganh-dao-tao-dai-hoc/ky-thuat-o-to,2026-09-24,web_extracted,2026.1
TE1,THPT,K01,,,K01,,,2026,Trang giới thiệu ngành trên ts.hust.edu.vn — mục Tổ hợp xét tuyển,https://ts.hust.edu.vn/training-cate/nganh-dao-tao-dai-hoc/ky-thuat-o-to,2026-09-24,web_extracted,2026.1
TE2,DGTD,K00,,,DGTD,,,2026,Trang giới thiệu ngành trên ts.hust.edu.vn — mục Tổ hợp xét tuyển,https://ts.hust.edu.vn/training-cate/nganh-dao-tao-dai-hoc/ky-thuat-co-khi-dong-luc,2026-09-24,web_extracted,2026.1
TE2,THPT,A00,,Toán,mon_chinh_toan,"tuyensinh247.com (bên thứ ba), bảng ngành theo phương thức THPT 2026",third_party,2026,Trang giới thiệu ngành trên ts.hust.edu.vn — mục Tổ hợp xét tuyển,https://ts.hust.edu.vn/training-cate/nganh-dao-tao-dai-hoc/ky-thuat-co-khi-dong-luc,2026-09-24,web_extracted,2026.1
TE2,THPT,A01,,Toán,mon_chinh_toan,"tuyensinh247.com (bên thứ ba), bảng ngành theo phương thức THPT 2026",third_party,2026,Trang giới thiệu ngành trên ts.hust.edu.vn — mục Tổ hợp xét tuyển,https://ts.hust.edu.vn/training-cate/nganh-dao-tao-dai-hoc/ky-thuat-co-khi-dong-luc,2026-09-24,web_extracted,2026.1
TE2,THPT,K01,,,K01,,,2026,Trang giới thiệu ngành trên ts.hust.edu.vn — mục Tổ hợp xét tuyển,https://ts.hust.edu.vn/training-cate/nganh-dao-tao-dai-hoc/ky-thuat-co-khi-dong-luc,2026-09-24,web_extracted,2026.1
TE3,DGTD,K00,,,DGTD,,,2026,Trang giới thiệu ngành trên ts.hust.edu.vn — mục Tổ hợp xét tuyển,https://ts.hust.edu.vn/training-cate/nganh-dao-tao-dai-hoc/ky-thuat-hang-khong,2026-09-24,web_extracted,2026.1
TE3,THPT,A00,,Toán,mon_chinh_toan,"tuyensinh247.com (bên thứ ba), bảng ngành theo phương thức THPT 2026",third_party,2026,Trang giới thiệu ngành trên ts.hust.edu.vn — mục Tổ hợp xét tuyển,https://ts.hust.edu.vn/training-cate/nganh-dao-tao-dai-hoc/ky-thuat-hang-khong,2026-09-24,web_extracted,2026.1
TE3,THPT,A01,,Toán,mon_chinh_toan,"tuyensinh247.com (bên thứ ba), bảng ngành theo phương thức THPT 2026",third_party,2026,Trang giới thiệu ngành trên ts.hust.edu.vn — mục Tổ hợp xét tuyển,https://ts.hust.edu.vn/training-cate/nganh-dao-tao-dai-hoc/ky-thuat-hang-khong,2026-09-24,web_extracted,2026.1
TE3,THPT,K01,,,K01,,,2026,Trang giới thiệu ngành trên ts.hust.edu.vn — mục Tổ hợp xét tuyển,https://ts.hust.edu.vn/training-cate/nganh-dao-tao-dai-hoc/ky-thuat-hang-khong,2026-09-24,web_extracted,2026.1
TROY-IT,DGTD,K00,,,DGTD,,,2026,Trang giới thiệu ngành trên ts.hust.edu.vn — mục Tổ hợp xét tuyển,https://ts.hust.edu.vn/training-cate/nganh-dao-tao-dai-hoc/khoa-hoc-may-tinh-dh-troy-hoa-ky,2026-09-24,web_extracted,2026.1
TROY-IT,THPT,A00,,Toán,mon_chinh_toan,"tuyensinh247.com (bên thứ ba), bảng ngành theo phương thức THPT 2026",third_party,2026,Trang giới thiệu ngành trên ts.hust.edu.vn — mục Tổ hợp xét tuyển,https://ts.hust.edu.vn/training-cate/nganh-dao-tao-dai-hoc/khoa-hoc-may-tinh-dh-troy-hoa-ky,2026-09-24,web_extracted,2026.1
TROY-IT,THPT,A01,,Toán,mon_chinh_toan,"tuyensinh247.com (bên thứ ba), bảng ngành theo phương thức THPT 2026",third_party,2026,Trang giới thiệu ngành trên ts.hust.edu.vn — mục Tổ hợp xét tuyển,https://ts.hust.edu.vn/training-cate/nganh-dao-tao-dai-hoc/khoa-hoc-may-tinh-dh-troy-hoa-ky,2026-09-24,web_extracted,2026.1
TROY-IT,THPT,D01,,,chua_ro,,not_found,2026,Trang giới thiệu ngành trên ts.hust.edu.vn — mục Tổ hợp xét tuyển,https://ts.hust.edu.vn/training-cate/nganh-dao-tao-dai-hoc/khoa-hoc-may-tinh-dh-troy-hoa-ky,2026-09-24,web_extracted,2026.1
TROY-IT,THPT,K01,,,K01,,,2026,Trang giới thiệu ngành trên ts.hust.edu.vn — mục Tổ hợp xét tuyển,https://ts.hust.edu.vn/training-cate/nganh-dao-tao-dai-hoc/khoa-hoc-may-tinh-dh-troy-hoa-ky,2026-09-24,web_extracted,2026.1
TX1,DGTD,K00,,,DGTD,,,2026,Trang giới thiệu ngành trên ts.hust.edu.vn — mục Tổ hợp xét tuyển,https://ts.hust.edu.vn/training-cate/nganh-dao-tao-dai-hoc/cong-nghe-det-may,2026-09-24,web_extracted,2026.1
TX1,THPT,A00,,Toán,mon_chinh_toan,"tuyensinh247.com (bên thứ ba), bảng ngành theo phương thức THPT 2026",third_party,2026,Trang giới thiệu ngành trên ts.hust.edu.vn — mục Tổ hợp xét tuyển,https://ts.hust.edu.vn/training-cate/nganh-dao-tao-dai-hoc/cong-nghe-det-may,2026-09-24,web_extracted,2026.1
TX1,THPT,A01,,Toán,mon_chinh_toan,"tuyensinh247.com (bên thứ ba), bảng ngành theo phương thức THPT 2026",third_party,2026,Trang giới thiệu ngành trên ts.hust.edu.vn — mục Tổ hợp xét tuyển,https://ts.hust.edu.vn/training-cate/nganh-dao-tao-dai-hoc/cong-nghe-det-may,2026-09-24,web_extracted,2026.1
TX1,THPT,D07,,Toán,mon_chinh_toan,"tuyensinh247.com (bên thứ ba), bảng ngành theo phương thức THPT 2026",third_party,2026,Trang giới thiệu ngành trên ts.hust.edu.vn — mục Tổ hợp xét tuyển,https://ts.hust.edu.vn/training-cate/nganh-dao-tao-dai-hoc/cong-nghe-det-may,2026-09-24,web_extracted,2026.1
TX1,THPT,K01,,,K01,,,2026,Trang giới thiệu ngành trên ts.hust.edu.vn — mục Tổ hợp xét tuyển,https://ts.hust.edu.vn/training-cate/nganh-dao-tao-dai-hoc/cong-nghe-det-may,2026-09-24,web_extracted,2026.1
