program_group,rule_id,program_codes,amount_min,amount_max,unit,academic_year,note,year,source,source_url,collection_date,verification_status,dataset_version
Chương trình chuẩn,hpnam2425-chuan,"36 ngành (Cơ điện tử, Điện tử-Viễn thông, Điều khiển-Tự động hóa, Khoa học máy tính, Kỹ thuật máy tính, Y sinh, Toán Tin, HTTT quản lý, Cơ khí, Cơ khí động lực, Hàng không, Nhiệt, Sinh học, Ô tô, Điện, Thực phẩm, Tài chính-Ngân hàng, Quản lý công nghiệp, Quản lý năng lượng, QTKD, Kế toán, Tiếng Anh KHKT, Hóa học, KT Hóa học, KT in, Vật liệu, Polyme-Compozit, Vi điện tử-Nano, Vật lý KT, Hạt nhân, Vật lý Y khoa, Dệt May, Môi trường, QL Tài nguyên-Môi trường, CN giáo dục, QL giáo dục)",24,30,triệu đồng/năm học,2024-2025,Tùy theo từng ngành. Áp dụng khóa nhập học 2024 (K69),2024,Đề án tuyển sinh 2024 - Bảng 9 + mục 1.10a,https://ts.hust.edu.vn/tin-tuc/de-an-tuyen-sinh-dai-hoc-nam-2024,2026-09-19,vision_extracted,2026.1
Chương trình ELITECH,hpnam2425-elitech,các chương trình Elitech nói chung,33,42,triệu đồng/năm học,2024-2025,Trừ IT-E10 và EM-E14 (xem dòng dưới),2024,Đề án tuyển sinh 2024 - mục 1.10a,https://ts.hust.edu.vn/tin-tuc/de-an-tuyen-sinh-dai-hoc-nam-2024,2026-09-19,vision_extracted,2026.1
ELITECH - IT-E10 và EM-E14,hpnam2425-elitech-ite10-eme14,IT-E10 (Khoa học dữ liệu và Trí tuệ nhân tạo); EM-E14 (Logistics và Quản lý chuỗi cung ứng),64,67,triệu đồng/năm học,2024-2025,Cao hơn hẳn các chương trình Elitech khác,2024,Đề án tuyển sinh 2024 - mục 1.10a,https://ts.hust.edu.vn/tin-tuc/de-an-tuyen-sinh-dai-hoc-nam-2024,2026-09-19,vision_extracted,2026.1
Liên kết quốc tế song bằng - IPE,hpnam2425-ipe,FL2 (Tiếng Anh chuyên nghiệp quốc tế - ĐHBK Hà Nội và ĐH Plymouth Marjon cấp bằng),45,45,triệu đồng/năm học,2024-2025,Mức ~45; chưa gồm phí ghi danh và kiểm định của trường đối tác (~14 triệu/năm với K68-69),2024,Đề án tuyển sinh 2024 - Bảng 11,https://ts.hust.edu.vn/tin-tuc/de-an-tuyen-sinh-dai-hoc-nam-2024,2026-09-19,vision_extracted,2026.1
Chương trình quốc tế / liên kết (đối tác nước ngoài cấp bằng),hpnam2425-quocte,nói chung,24,29,triệu đồng/học kỳ,2024-2025,"ĐƠN VỊ LÀ HỌC KỲ, không phải năm. Riêng TROY-BA và TROY-IT một năm học có 3 học kỳ",2024,Đề án tuyển sinh 2024 - mục 1.10a,https://ts.hust.edu.vn/tin-tuc/de-an-tuyen-sinh-dai-hoc-nam-2024,2026-09-19,vision_extracted,2026.1
Hợp tác quốc tế - ME-NUT,hpnam2425-me-nut,"ME-NUT (Cơ điện tử - ĐHCN Nagaoka, Nhật Bản)",24,24,triệu đồng/học kỳ,2024-2025,,2024,Đề án tuyển sinh 2024 - Bảng 12,https://ts.hust.edu.vn/tin-tuc/de-an-tuyen-sinh-dai-hoc-nam-2024,2026-09-19,vision_extracted,2026.1
Hợp tác quốc tế - ME-LUH,hpnam2425-me-luh,"ME-LUH (Cơ điện tử - ĐH Leibniz Hannover, Đức)",26,26,triệu đồng/học kỳ,2024-2025,,2024,Đề án tuyển sinh 2024 - Bảng 12,https://ts.hust.edu.vn/tin-tuc/de-an-tuyen-sinh-dai-hoc-nam-2024,2026-09-19,vision_extracted,2026.1
Hợp tác quốc tế - ET-LUH,hpnam2425-et-luh,"ET-LUH (Điện tử - Viễn thông - ĐH Leibniz Hannover, Đức)",26,26,triệu đồng/học kỳ,2024-2025,,2024,Đề án tuyển sinh 2024 - Bảng 12,https://ts.hust.edu.vn/tin-tuc/de-an-tuyen-sinh-dai-hoc-nam-2024,2026-09-19,vision_extracted,2026.1
Hợp tác quốc tế - ME-GU,hpnam2425-me-gu,"ME-GU (Cơ khí Chế tạo máy - ĐH Griffith, Australia)",29,29,triệu đồng/học kỳ,2024-2025,,2024,Đề án tuyển sinh 2024 - Bảng 12,https://ts.hust.edu.vn/tin-tuc/de-an-tuyen-sinh-dai-hoc-nam-2024,2026-09-19,vision_extracted,2026.1
Hợp tác quốc tế - TROY-BA,hpnam2425-troy-ba,"TROY-BA (Quản trị Kinh doanh - ĐH Troy, Hoa Kỳ)",29,29,triệu đồng/học kỳ,2024-2025,ĐH Troy cấp bằng; 1 năm học có 3 học kỳ,2024,Đề án tuyển sinh 2024 - Bảng 12,https://ts.hust.edu.vn/tin-tuc/de-an-tuyen-sinh-dai-hoc-nam-2024,2026-09-19,vision_extracted,2026.1
Hợp tác quốc tế - TROY-IT,hpnam2425-troy-it,"TROY-IT (Khoa học Máy tính - ĐH Troy, Hoa Kỳ)",29,29,triệu đồng/học kỳ,2024-2025,ĐH Troy cấp bằng; 1 năm học có 3 học kỳ,2024,Đề án tuyển sinh 2024 - Bảng 12,https://ts.hust.edu.vn/tin-tuc/de-an-tuyen-sinh-dai-hoc-nam-2024,2026-09-19,vision_extracted,2026.1
