program_code,program_name,program_group,amount_min,amount_max,unit,is_approximate,terms_per_year,amount_text,note,year,source,source_url,collection_date,verification_status,dataset_version
IT-E10,Khoa học dữ liệu và Trí tuệ nhân tạo (CT tiên tiến),CHƯƠNG TRÌNH CHẤT LƯỢNG CAO - ELITECH (CỦA ĐHBK HÀ NỘI),68,68,triệu đồng/năm,1,,~ 68 triệu đồng/năm,Trang ngành ghi mức xấp xỉ (~).,2026,"Trang giới thiệu ngành trên ts.hust.edu.vn, mục Thông tin nhanh (IT-E10)",https://ts.hust.edu.vn/training-cate/nganh-dao-tao-dai-hoc/khoa-hoc-du-lieu-va-tri-tue-nhan-tao,2026-09-24,manual_verified,2026.1
IT1,CNTT: Khoa học Máy tính,CHƯƠNG TRÌNH CHUẨN,28,40,triệu đồng/năm,0,,28 - 40 triệu đồng/năm,,2026,"Trang giới thiệu ngành trên ts.hust.edu.vn, mục Thông tin nhanh (IT1)",https://ts.hust.edu.vn/training-cate/nganh-dao-tao-dai-hoc/cntt-khoa-hoc-may-tinh,2026-09-24,manual_verified,2026.1
IT-E15,An toàn không gian số - Cyber Security (CT Tiên tiến),CHƯƠNG TRÌNH CHẤT LƯỢNG CAO - ELITECH (CỦA ĐHBK HÀ NỘI),35,50,triệu đồng/năm,0,,35 - 50 triệu đồng/năm,,2026,"Trang giới thiệu ngành trên ts.hust.edu.vn, mục Thông tin nhanh (IT-E15)",https://ts.hust.edu.vn/training-cate/nganh-dao-tao-dai-hoc/an-toan-khong-gian-so-chuong-trinh-tien-tien,2026-09-24,manual_verified,2026.1
IT2,CNTT: Kỹ thuật Máy tính,CHƯƠNG TRÌNH CHUẨN,28,40,triệu đồng/năm,0,,28 - 40 triệu đồng/năm,,2026,"Trang giới thiệu ngành trên ts.hust.edu.vn, mục Thông tin nhanh (IT2)",https://ts.hust.edu.vn/training-cate/nganh-dao-tao-dai-hoc/cntt-ky-thuat-may-tinh,2026-09-24,manual_verified,2026.1
IT-E7,Công nghệ thông tin (Global ICT),CHƯƠNG TRÌNH CHẤT LƯỢNG CAO - ELITECH (CỦA ĐHBK HÀ NỘI),35,50,triệu đồng/năm,0,,35 - 50 triệu đồng/năm,,2026,"Trang giới thiệu ngành trên ts.hust.edu.vn, mục Thông tin nhanh (IT-E7)",https://ts.hust.edu.vn/training-cate/nganh-dao-tao-dai-hoc/cong-nghe-thong-tin-global-ict,2026-09-24,manual_verified,2026.1
IT-EP,Công nghệ thông tin (Việt - Pháp),CHƯƠNG TRÌNH CHẤT LƯỢNG CAO - ELITECH (CỦA ĐHBK HÀ NỘI),40,50,triệu đồng/năm,0,,40 - 50 triệu đồng/năm,,2026,"Trang giới thiệu ngành trên ts.hust.edu.vn, mục Thông tin nhanh (IT-EP)",https://ts.hust.edu.vn/training-cate/nganh-dao-tao-dai-hoc/cong-nghe-thong-tin-viet-phap-chuong-trinh-tien-tien,2026-09-24,manual_verified,2026.1
IT-E6,Công nghệ thông tin (Việt - Nhật),CHƯƠNG TRÌNH CHẤT LƯỢNG CAO - ELITECH (CỦA ĐHBK HÀ NỘI),40,50,triệu đồng/năm,0,,40 - 50 triệu đồng/năm,,2026,"Trang giới thiệu ngành trên ts.hust.edu.vn, mục Thông tin nhanh (IT-E6)",https://ts.hust.edu.vn/training-cate/nganh-dao-tao-dai-hoc/cong-nghe-thong-tin-viet-nhat-chuong-trinh-tien-tien,2026-09-24,manual_verified,2026.1
EE2,Kỹ thuật Điều khiển - Tự động hoá,CHƯƠNG TRÌNH CHUẨN,28,40,triệu đồng/năm,0,,28 - 40 triệu đồng/năm,,2026,"Trang giới thiệu ngành trên ts.hust.edu.vn, mục Thông tin nhanh (EE2)",https://ts.hust.edu.vn/training-cate/nganh-dao-tao-dai-hoc/ky-thuat-dieu-khien-tu-dong-hoa,2026-09-24,manual_verified,2026.1
EE-E8,Kỹ thuật Điều khiển - Tự động hoá (CT tiên tiến),CHƯƠNG TRÌNH CHẤT LƯỢNG CAO - ELITECH (CỦA ĐHBK HÀ NỘI),35,50,triệu đồng/năm,0,,35 - 50 triệu đồng/năm,,2026,"Trang giới thiệu ngành trên ts.hust.edu.vn, mục Thông tin nhanh (EE-E8)",https://ts.hust.edu.vn/training-cate/nganh-dao-tao-dai-hoc/ky-thuat-dieu-khien-tu-dong-hoa-chuong-trinh-tien-tien,2026-09-24,manual_verified,2026.1
ET1,Kỹ thuật Điện tử - Viễn thông,CHƯƠNG TRÌNH CHUẨN,28,40,triệu đồng/năm,0,,28 - 40 triệu đồng/năm,,2026,"Trang giới thiệu ngành trên ts.hust.edu.vn, mục Thông tin nhanh (ET1)",https://ts.hust.edu.vn/training-cate/nganh-dao-tao-dai-hoc/dien-tu-va-vien-thong,2026-09-24,manual_verified,2026.1
ET-E9,Hệ thống nhúng thông minh và IoT (CT tiên tiến),CHƯƠNG TRÌNH CHẤT LƯỢNG CAO - ELITECH (CỦA ĐHBK HÀ NỘI),40,50,triệu đồng/năm,0,,40 - 50 triệu đồng/năm,,2026,"Trang giới thiệu ngành trên ts.hust.edu.vn, mục Thông tin nhanh (ET-E9)",https://ts.hust.edu.vn/training-cate/nganh-dao-tao-dai-hoc/he-thong-nhung-thong-minh-va-iot-chuong-trinh-tien-tien,2026-09-24,manual_verified,2026.1
EE1,Kỹ thuật Điện,CHƯƠNG TRÌNH CHUẨN,28,40,triệu đồng/năm,0,,28 - 40 triệu đồng/năm,,2026,"Trang giới thiệu ngành trên ts.hust.edu.vn, mục Thông tin nhanh (EE1)",https://ts.hust.edu.vn/training-cate/nganh-dao-tao-dai-hoc/ky-thuat-dien,2026-09-24,manual_verified,2026.1
ET-E4,Kỹ thuật Điện tử - Viễn thông (CT tiên tiến),CHƯƠNG TRÌNH CHẤT LƯỢNG CAO - ELITECH (CỦA ĐHBK HÀ NỘI),35,50,triệu đồng/năm,0,,35 - 50 triệu đồng/năm,,2026,"Trang giới thiệu ngành trên ts.hust.edu.vn, mục Thông tin nhanh (ET-E4)",https://ts.hust.edu.vn/training-cate/nganh-dao-tao-dai-hoc/ky-thuat-dien-tu-vien-thong-chuong-trinh-tien-tien,2026-09-24,manual_verified,2026.1
EE-EP,Tin học công nghiệp và Tự động hóa (Chương trình Việt - Pháp PFIEV),CHƯƠNG TRÌNH VIỆT - PHÁP ( PFIEV ),40,45,triệu đồng/năm,0,,40 - 45 triệu đồng/năm,,2026,"Trang giới thiệu ngành trên ts.hust.edu.vn, mục Thông tin nhanh (EE-EP)",https://ts.hust.edu.vn/training-cate/nganh-dao-tao-dai-hoc/tin-hoc-cong-nghiep-va-tu-dong-hoa-chuong-trinh-viet-phap-pfiev,2026-09-24,manual_verified,2026.1
ET-E16,Truyền thông số và Kỹ thuật đa phương tiện (CT tiên tiến),CHƯƠNG TRÌNH CHẤT LƯỢNG CAO - ELITECH (CỦA ĐHBK HÀ NỘI),35,50,triệu đồng/năm,0,,35 - 50 triệu đồng/năm,,2026,"Trang giới thiệu ngành trên ts.hust.edu.vn, mục Thông tin nhanh (ET-E16)",https://ts.hust.edu.vn/training-cate/nganh-dao-tao-dai-hoc/truyen-thong-so-va-ky-thuat-da-phuong-tien-chuong-trinh-tien-tien,2026-09-24,manual_verified,2026.1
ET-LUH,Điện tử - Viễn thông - hợp tác với ĐH Leibniz Hannover (Đức),CHƯƠNG TRÌNH CHẤT LƯỢNG CAO - ELITECH (CỦA ĐHBK HÀ NỘI),24,30,triệu đồng/học kỳ,0,,24 - 30 triệu đồng/học kỳ,"Tính theo học kỳ, không phải theo năm. Chưa có nguồn ghi rõ số học kỳ mỗi năm nên không quy ra mức/năm.",2026,"Trang giới thiệu ngành trên ts.hust.edu.vn, mục Thông tin nhanh (ET-LUH)",https://ts.hust.edu.vn/training-cate/nganh-dao-tao-dai-hoc/dien-tu-vien-thong-dh-leibniz-hannover-duc,2026-09-24,manual_verified,2026.1
EE-E18,Hệ thống điện và năng lượng tái tạo (CT tiên tiến),CHƯƠNG TRÌNH CHẤT LƯỢNG CAO - ELITECH (CỦA ĐHBK HÀ NỘI),35,50,triệu đồng/năm,0,,35 - 50 triệu đồng/năm,,2026,"Trang giới thiệu ngành trên ts.hust.edu.vn, mục Thông tin nhanh (EE-E18)",http://ts.hust.edu.vn/training-cate/nganh-dao-tao-dai-hoc/he-thong-dien-va-nang-luong-tai-tao-chuong-trinh-tien-tien,2026-09-24,manual_verified,2026.1
ET2,Kỹ thuật Y sinh,CHƯƠNG TRÌNH CHUẨN,28,40,triệu đồng/năm,0,,28 - 40 triệu đồng/năm,,2026,"Trang giới thiệu ngành trên ts.hust.edu.vn, mục Thông tin nhanh (ET2)",https://ts.hust.edu.vn/training-cate/nganh-dao-tao-dai-hoc/ky-thuat-y-sinh,2026-09-24,manual_verified,2026.1
ET-E5,Kỹ thuật Y sinh (CT tiên tiến),CHƯƠNG TRÌNH CHẤT LƯỢNG CAO - ELITECH (CỦA ĐHBK HÀ NỘI),35,50,triệu đồng/năm,0,,35 - 50 triệu đồng/năm,,2026,"Trang giới thiệu ngành trên ts.hust.edu.vn, mục Thông tin nhanh (ET-E5)",https://ts.hust.edu.vn/training-cate/nganh-dao-tao-dai-hoc/ky-thuat-y-sinh-chuong-trinh-tien-tien,2026-09-24,manual_verified,2026.1
ME1,Kỹ thuật Cơ điện tử,CHƯƠNG TRÌNH CHUẨN,28,40,triệu đồng/năm,0,,28 - 40 triệu đồng/năm,,2026,"Trang giới thiệu ngành trên ts.hust.edu.vn, mục Thông tin nhanh (ME1)",https://ts.hust.edu.vn/training-cate/nganh-dao-tao-dai-hoc/ky-thuat-co-dien-tu,2026-09-24,manual_verified,2026.1
ME-E1,Kỹ thuật Cơ điện tử (CT tiên tiến),CHƯƠNG TRÌNH CHẤT LƯỢNG CAO - ELITECH (CỦA ĐHBK HÀ NỘI),35,50,triệu đồng/năm,0,,35 - 50 triệu đồng/năm,,2026,"Trang giới thiệu ngành trên ts.hust.edu.vn, mục Thông tin nhanh (ME-E1)",https://ts.hust.edu.vn/training-cate/nganh-dao-tao-dai-hoc/ky-thuat-co-dien-tu-chuong-trinh-tien-tien-,2026-09-24,manual_verified,2026.1
ME2,Kỹ thuật Cơ khí,CHƯƠNG TRÌNH CHUẨN,28,40,triệu đồng/năm,0,,28 - 40 triệu đồng/năm,,2026,"Trang giới thiệu ngành trên ts.hust.edu.vn, mục Thông tin nhanh (ME2)",https://ts.hust.edu.vn/training-cate/nganh-dao-tao-dai-hoc/ky-thuat-co-khi,2026-09-24,manual_verified,2026.1
TE3,Kỹ thuật Hàng không,CHƯƠNG TRÌNH CHUẨN,28,40,triệu đồng/năm,0,,28 - 40 triệu đồng/năm,,2026,"Trang giới thiệu ngành trên ts.hust.edu.vn, mục Thông tin nhanh (TE3)",https://ts.hust.edu.vn/training-cate/nganh-dao-tao-dai-hoc/ky-thuat-hang-khong,2026-09-24,manual_verified,2026.1
TE1,Kỹ thuật Ô tô,CHƯƠNG TRÌNH CHUẨN,28,40,triệu đồng/năm,0,,28 - 40 triệu đồng/năm,,2026,"Trang giới thiệu ngành trên ts.hust.edu.vn, mục Thông tin nhanh (TE1)",https://ts.hust.edu.vn/training-cate/nganh-dao-tao-dai-hoc/ky-thuat-o-to,2026-09-24,manual_verified,2026.1
ME-LUH,Cơ điện tử - hợp tác với ĐH Leibniz Hannover (Đức),CHƯƠNG TRÌNH CHẤT LƯỢNG CAO - ELITECH (CỦA ĐHBK HÀ NỘI),24,30,triệu đồng/học kỳ,0,,24 - 30 triệu đồng/học kỳ,"Tính theo học kỳ, không phải theo năm. Chưa có nguồn ghi rõ số học kỳ mỗi năm nên không quy ra mức/năm.",2026,"Trang giới thiệu ngành trên ts.hust.edu.vn, mục Thông tin nhanh (ME-LUH)",https://ts.hust.edu.vn/training-cate/nganh-dao-tao-dai-hoc/co-dien-tu-dh-leibniz-hannover-duc,2026-09-24,manual_verified,2026.1
TE2,Kỹ thuật Cơ khí động lực,CHƯƠNG TRÌNH CHUẨN,28,40,triệu đồng/năm,0,,28 - 40 triệu đồng/năm,,2026,"Trang giới thiệu ngành trên ts.hust.edu.vn, mục Thông tin nhanh (TE2)",https://ts.hust.edu.vn/training-cate/nganh-dao-tao-dai-hoc/ky-thuat-co-khi-dong-luc,2026-09-24,manual_verified,2026.1
ME-NUT,Cơ điện tử - hợp tác với ĐH Công nghệ Nagaoka (Nhật Bản),CHƯƠNG TRÌNH CHẤT LƯỢNG CAO - ELITECH (CỦA ĐHBK HÀ NỘI),24,30,triệu đồng/học kỳ,0,,24 - 30 triệu đồng/học kỳ,"Tính theo học kỳ, không phải theo năm. Chưa có nguồn ghi rõ số học kỳ mỗi năm nên không quy ra mức/năm.",2026,"Trang giới thiệu ngành trên ts.hust.edu.vn, mục Thông tin nhanh (ME-NUT)",https://ts.hust.edu.vn/training-cate/nganh-dao-tao-dai-hoc/co-dien-tu-dh-nagaoka-nhat-ban,2026-09-24,manual_verified,2026.1
HE1,Kỹ thuật Nhiệt,CHƯƠNG TRÌNH CHUẨN,28,40,triệu đồng/năm,0,,28 - 40 triệu đồng/năm,,2026,"Trang giới thiệu ngành trên ts.hust.edu.vn, mục Thông tin nhanh (HE1)",https://ts.hust.edu.vn/training-cate/nganh-dao-tao-dai-hoc/ky-thuat-nhiet,2026-09-24,manual_verified,2026.1
TE-EP,Cơ khí hàng không (Chương trình Việt - Pháp PFIEV),CHƯƠNG TRÌNH VIỆT - PHÁP ( PFIEV ),40,45,triệu đồng/năm,0,,40 - 45 triệu đồng/năm,,2026,"Trang giới thiệu ngành trên ts.hust.edu.vn, mục Thông tin nhanh (TE-EP)",https://ts.hust.edu.vn/training-cate/nganh-dao-tao-dai-hoc/co-khi-hang-khong-chuong-trinh-viet-phap-pfiev,2026-09-24,manual_verified,2026.1
ME-GU,Cơ khí - Chế tạo máy - hợp tác với ĐH Griffith (Úc),CHƯƠNG TRÌNH CHẤT LƯỢNG CAO - ELITECH (CỦA ĐHBK HÀ NỘI),24,30,triệu đồng/học kỳ,0,,24 - 30 triệu đồng/học kỳ,"Tính theo học kỳ, không phải theo năm. Chưa có nguồn ghi rõ số học kỳ mỗi năm nên không quy ra mức/năm.",2026,"Trang giới thiệu ngành trên ts.hust.edu.vn, mục Thông tin nhanh (ME-GU)",https://ts.hust.edu.vn/training-cate/nganh-dao-tao-dai-hoc/co-khi-che-tao-may-dh-griffith-uc,2026-09-24,manual_verified,2026.1
TE-E2,Kỹ thuật Ô tô (CT tiên tiến),CHƯƠNG TRÌNH CHẤT LƯỢNG CAO - ELITECH (CỦA ĐHBK HÀ NỘI),35,50,triệu đồng/năm,0,,35 - 50 triệu đồng/năm,,2026,"Trang giới thiệu ngành trên ts.hust.edu.vn, mục Thông tin nhanh (TE-E2)",https://ts.hust.edu.vn/training-cate/nganh-dao-tao-dai-hoc/ky-thuat-o-to-chuong-trinh-tien-tien,2026-09-24,manual_verified,2026.1
CH1,Kỹ thuật Hoá học,CHƯƠNG TRÌNH CHUẨN,28,40,triệu đồng/năm,0,,28 - 40 triệu đồng/năm,,2026,"Trang giới thiệu ngành trên ts.hust.edu.vn, mục Thông tin nhanh (CH1)",https://ts.hust.edu.vn/training-cate/nganh-dao-tao-dai-hoc/ky-thuat-hoa-hoc,2026-09-24,manual_verified,2026.1
CH2,Hoá học,CHƯƠNG TRÌNH CHUẨN,28,40,triệu đồng/năm,0,,28 - 40 triệu đồng/năm,,2026,"Trang giới thiệu ngành trên ts.hust.edu.vn, mục Thông tin nhanh (CH2)",https://ts.hust.edu.vn/training-cate/nganh-dao-tao-dai-hoc/hoa-hoc,2026-09-24,manual_verified,2026.1
BF1,Kỹ thuật Sinh học,CHƯƠNG TRÌNH CHUẨN,28,40,triệu đồng/năm,0,,28 - 40 triệu đồng/năm,,2026,"Trang giới thiệu ngành trên ts.hust.edu.vn, mục Thông tin nhanh (BF1)",https://ts.hust.edu.vn/training-cate/nganh-dao-tao-dai-hoc/ky-thuat-sinh-hoc,2026-09-24,manual_verified,2026.1
BF2,Kỹ thuật Thực phẩm,CHƯƠNG TRÌNH CHUẨN,28,40,triệu đồng/năm,0,,28 - 40 triệu đồng/năm,,2026,"Trang giới thiệu ngành trên ts.hust.edu.vn, mục Thông tin nhanh (BF2)",https://ts.hust.edu.vn/training-cate/nganh-dao-tao-dai-hoc/ky-thuat-thuc-pham,2026-09-24,manual_verified,2026.1
EV1,Kỹ thuật Môi trường,CHƯƠNG TRÌNH CHUẨN,28,40,triệu đồng/năm,0,,28 - 40 triệu đồng/năm,,2026,"Trang giới thiệu ngành trên ts.hust.edu.vn, mục Thông tin nhanh (EV1)",https://ts.hust.edu.vn/training-cate/nganh-dao-tao-dai-hoc/ky-thuat-moi-truong,2026-09-24,manual_verified,2026.1
EV2,Quản lý Tài nguyên và Môi trường,CHƯƠNG TRÌNH CHUẨN,28,40,triệu đồng/năm,0,,28 - 40 triệu đồng/năm,,2026,"Trang giới thiệu ngành trên ts.hust.edu.vn, mục Thông tin nhanh (EV2)",https://ts.hust.edu.vn/training-cate/nganh-dao-tao-dai-hoc/quan-ly-tai-nguyen-va-moi-truong,2026-09-24,manual_verified,2026.1
CH-E20,Hoá học Mỹ phẩm (CT tiên tiến) (mới),CHƯƠNG TRÌNH CHẤT LƯỢNG CAO - ELITECH (CỦA ĐHBK HÀ NỘI),40,45,triệu đồng/năm,0,,40 - 45 triệu đồng/năm,,2026,"Trang giới thiệu ngành trên ts.hust.edu.vn, mục Thông tin nhanh (CH-E20)",https://ts.hust.edu.vn/training-cate/nganh-dao-tao-dai-hoc/hoa-hoc-my-pham-chuong-trinh-tien-tien,2026-09-24,manual_verified,2026.1
CH-E11,Kỹ thuật Hóa dược (CT tiên tiến),CHƯƠNG TRÌNH CHẤT LƯỢNG CAO - ELITECH (CỦA ĐHBK HÀ NỘI),35,50,triệu đồng/năm,0,,35 - 50 triệu đồng/năm,,2026,"Trang giới thiệu ngành trên ts.hust.edu.vn, mục Thông tin nhanh (CH-E11)",https://ts.hust.edu.vn/training-cate/nganh-dao-tao-dai-hoc/ky-thuat-hoa-duoc-chuong-trinh-tien-tien,2026-09-24,manual_verified,2026.1
BF-E12,Kỹ thuật Thực phẩm (Chương trình tiên tiến),CHƯƠNG TRÌNH CHẤT LƯỢNG CAO - ELITECH (CỦA ĐHBK HÀ NỘI),35,50,triệu đồng/năm,0,,35 - 50 triệu đồng/năm,,2026,"Trang giới thiệu ngành trên ts.hust.edu.vn, mục Thông tin nhanh (BF-E12)",https://ts.hust.edu.vn/training-cate/nganh-dao-tao-dai-hoc/ky-thuat-thuc-pham-chuong-trinh-tien-tien,2026-09-24,manual_verified,2026.1
BF-E19,Kỹ thuật sinh học (Chương trình tiên tiến),CHƯƠNG TRÌNH CHẤT LƯỢNG CAO - ELITECH (CỦA ĐHBK HÀ NỘI),35,50,triệu đồng/năm,0,,35 - 50 triệu đồng/năm,,2026,"Trang giới thiệu ngành trên ts.hust.edu.vn, mục Thông tin nhanh (BF-E19)",https://ts.hust.edu.vn/training-cate/nganh-dao-tao-dai-hoc/ky-thuat-sinh-hoc-chuong-trinh-tien-tien,2026-09-24,manual_verified,2026.1
MS2,Kỹ thuật Vi điện tử và Công nghệ nano,CHƯƠNG TRÌNH CHUẨN,28,40,triệu đồng/năm,0,,28 - 40 triệu đồng/năm,,2026,"Trang giới thiệu ngành trên ts.hust.edu.vn, mục Thông tin nhanh (MS2)",https://ts.hust.edu.vn/training-cate/nganh-dao-tao-dai-hoc/chuong-trinh-ky-thuat-vi-dien-tu-va-cong-nghe-nano,2026-09-24,manual_verified,2026.1
MS1,Kỹ thuật Vật liệu,CHƯƠNG TRÌNH CHUẨN,28,40,triệu đồng/năm,0,,28 - 40 triệu đồng/năm,,2026,"Trang giới thiệu ngành trên ts.hust.edu.vn, mục Thông tin nhanh (MS1)",https://ts.hust.edu.vn/training-cate/nganh-dao-tao-dai-hoc/ky-thuat-vat-lieu,2026-09-24,manual_verified,2026.1
MS3,Công nghệ vật liệu Polyme và Compozit,CHƯƠNG TRÌNH CHUẨN,28,40,triệu đồng/năm,0,,28 - 40 triệu đồng/năm,,2026,"Trang giới thiệu ngành trên ts.hust.edu.vn, mục Thông tin nhanh (MS3)",https://ts.hust.edu.vn/training-cate/nganh-dao-tao-dai-hoc/cong-nghe-vat-lieu-polyme-va-compozit,2026-09-24,manual_verified,2026.1
MS-E3,Khoa học và kỹ thuật vật liệu (CT tiên tiến),CHƯƠNG TRÌNH CHẤT LƯỢNG CAO - ELITECH (CỦA ĐHBK HÀ NỘI),35,50,triệu đồng/năm,0,,35 - 50 triệu đồng/năm,,2026,"Trang giới thiệu ngành trên ts.hust.edu.vn, mục Thông tin nhanh (MS-E3)",https://ts.hust.edu.vn/training-cate/nganh-dao-tao-dai-hoc/khoa-hoc-va-ky-thuat-vat-lieu-chuong-trinh-tien-tien,2026-09-24,manual_verified,2026.1
MS5,Kỹ thuật in,CHƯƠNG TRÌNH CHUẨN,28,40,triệu đồng/năm,0,,28 - 40 triệu đồng/năm,,2026,"Trang giới thiệu ngành trên ts.hust.edu.vn, mục Thông tin nhanh (MS5)",https://ts.hust.edu.vn/training-cate/nganh-dao-tao-dai-hoc/ky-thuat-in,2026-09-24,manual_verified,2026.1
TX1,Công nghệ Dệt - May,CHƯƠNG TRÌNH CHUẨN,28,40,triệu đồng/năm,0,,28 - 40 triệu đồng/năm,,2026,"Trang giới thiệu ngành trên ts.hust.edu.vn, mục Thông tin nhanh (TX1)",https://ts.hust.edu.vn/training-cate/nganh-dao-tao-dai-hoc/cong-nghe-det-may,2026-09-24,manual_verified,2026.1
EM2,Quản lý công nghiệp,CHƯƠNG TRÌNH CHUẨN,28,40,triệu đồng/năm,0,,28 - 40 triệu đồng/năm,,2026,"Trang giới thiệu ngành trên ts.hust.edu.vn, mục Thông tin nhanh (EM2)",https://ts.hust.edu.vn/training-cate/nganh-dao-tao-dai-hoc/quan-ly-cong-nghiep,2026-09-24,manual_verified,2026.1
EM1,Quản lý năng lượng,CHƯƠNG TRÌNH CHUẨN,28,40,triệu đồng/năm,0,,28 - 40 triệu đồng/năm,,2026,"Trang giới thiệu ngành trên ts.hust.edu.vn, mục Thông tin nhanh (EM1)",https://ts.hust.edu.vn/training-cate/nganh-dao-tao-dai-hoc/quan-ly-nang-luong,2026-09-24,manual_verified,2026.1
EM-E14,Logistics và Quản lý chuỗi cung ứng (CT tiên tiến),CHƯƠNG TRÌNH CHẤT LƯỢNG CAO - ELITECH (CỦA ĐHBK HÀ NỘI),65,65,triệu đồng/năm,1,,~65 triệu đồng/năm,Trang ngành ghi mức xấp xỉ (~).,2026,"Trang giới thiệu ngành trên ts.hust.edu.vn, mục Thông tin nhanh (EM-E14)",https://ts.hust.edu.vn/training-cate/nganh-dao-tao-dai-hoc/logistics-va-quan-ly-chuoi-cung-ung-chuong-trinh-tien-tien,2026-09-24,manual_verified,2026.1
EM5,Tài chính - Ngân hàng,CHƯƠNG TRÌNH CHUẨN,28,40,triệu đồng/năm,0,,28 - 40 triệu đồng/năm,,2026,"Trang giới thiệu ngành trên ts.hust.edu.vn, mục Thông tin nhanh (EM5)",https://ts.hust.edu.vn/training-cate/nganh-dao-tao-dai-hoc/tai-chinh-ngan-hang,2026-09-24,manual_verified,2026.1
EM3,Quản trị kinh doanh,CHƯƠNG TRÌNH CHUẨN,28,40,triệu đồng/năm,0,,28 - 40 triệu đồng/năm,,2026,"Trang giới thiệu ngành trên ts.hust.edu.vn, mục Thông tin nhanh (EM3)",https://ts.hust.edu.vn/training-cate/nganh-dao-tao-dai-hoc/quan-tri-kinh-doanh,2026-09-24,manual_verified,2026.1
EM-E13,Phân tích kinh doanh (CT tiên tiến),CHƯƠNG TRÌNH CHẤT LƯỢNG CAO - ELITECH (CỦA ĐHBK HÀ NỘI),35,50,triệu đồng/năm,0,,35 - 50 triệu đồng/năm,,2026,"Trang giới thiệu ngành trên ts.hust.edu.vn, mục Thông tin nhanh (EM-E13)",https://ts.hust.edu.vn/training-cate/nganh-dao-tao-dai-hoc/phan-tich-kinh-doanh-chuong-trinh-tien-tien,2026-09-24,manual_verified,2026.1
EM-E17,Kế toán (CT tiên tiến) (mới),CHƯƠNG TRÌNH CHẤT LƯỢNG CAO - ELITECH (CỦA ĐHBK HÀ NỘI),35,45,triệu đồng/năm,0,,35 - 45 triệu đồng/năm,,2026,"Trang giới thiệu ngành trên ts.hust.edu.vn, mục Thông tin nhanh (EM-E17)",https://ts.hust.edu.vn/training-cate/nganh-dao-tao-dai-hoc/ke-toan-chuong-trinh-tien-tien,2026-09-24,manual_verified,2026.1
MI1,Toán - Tin,CHƯƠNG TRÌNH CHUẨN,28,40,triệu đồng/năm,0,,28 - 40 triệu đồng/năm,,2026,"Trang giới thiệu ngành trên ts.hust.edu.vn, mục Thông tin nhanh (MI1)",https://ts.hust.edu.vn/training-cate/nganh-dao-tao-dai-hoc/toan-tin,2026-09-24,manual_verified,2026.1
MI-E22,Khoa học tính toán cho các hệ thống thông minh (CT tiên tiến) (mới),CHƯƠNG TRÌNH CHẤT LƯỢNG CAO - ELITECH (CỦA ĐHBK HÀ NỘI),35,45,triệu đồng/năm,0,,35 - 45 triệu đồng/năm,,2026,"Trang giới thiệu ngành trên ts.hust.edu.vn, mục Thông tin nhanh (MI-E22)",https://ts.hust.edu.vn/training-cate/nganh-dao-tao-dai-hoc/khoa-hoc-tinh-toan-cho-cac-he-thong-thong-minh-cttt,2026-09-24,manual_verified,2026.1
MI2,Hệ thống thông tin quản lý,CHƯƠNG TRÌNH CHUẨN,28,40,triệu đồng/năm,0,,28 - 40 triệu đồng/năm,,2026,"Trang giới thiệu ngành trên ts.hust.edu.vn, mục Thông tin nhanh (MI2)",https://ts.hust.edu.vn/training-cate/nganh-dao-tao-dai-hoc/he-thong-thong-tin-quan-ly,2026-09-24,manual_verified,2026.1
TROY-IT,Khoa học máy tính - hợp tác với ĐH Troy (Hoa Kỳ),CHƯƠNG TRÌNH LIÊN KẾT ĐÀO TẠO QUỐC TẾ,33,33,triệu đồng/học kỳ,0,3,33 triệu đồng/học kỳ,"Tính theo học kỳ, không phải theo năm. Chương trình này có 3 học kỳ/năm.",2026,"Trang giới thiệu ngành trên ts.hust.edu.vn, mục Thông tin nhanh (TROY-IT)",https://ts.hust.edu.vn/training-cate/nganh-dao-tao-dai-hoc/khoa-hoc-may-tinh-dh-troy-hoa-ky,2026-09-24,manual_verified,2026.1
PH1,Vật lý kỹ thuật,CHƯƠNG TRÌNH CHUẨN,28,40,triệu đồng/năm,0,,28 - 40 triệu đồng/năm,,2026,"Trang giới thiệu ngành trên ts.hust.edu.vn, mục Thông tin nhanh (PH1)",https://ts.hust.edu.vn/training-cate/nganh-dao-tao-dai-hoc/vat-ly-ky-thuat,2026-09-24,manual_verified,2026.1
PH2,Kỹ thuật hạt nhân,CHƯƠNG TRÌNH CHUẨN,28,40,triệu đồng/năm,0,,28 - 40 triệu đồng/năm,,2026,"Trang giới thiệu ngành trên ts.hust.edu.vn, mục Thông tin nhanh (PH2)",https://ts.hust.edu.vn/training-cate/nganh-dao-tao-dai-hoc/ky-thuat-hat-nhan,2026-09-24,manual_verified,2026.1
PH3,Vật lý Y khoa,CHƯƠNG TRÌNH CHUẨN,28,40,triệu đồng/năm,0,,28 - 40 triệu đồng/năm,,2026,"Trang giới thiệu ngành trên ts.hust.edu.vn, mục Thông tin nhanh (PH3)",https://ts.hust.edu.vn/training-cate/nganh-dao-tao-dai-hoc/vat-ly-y-khoa,2026-09-24,manual_verified,2026.1
ED2,Công nghệ giáo dục,CHƯƠNG TRÌNH CHUẨN,28,40,triệu đồng/năm,0,,28 - 40 triệu đồng/năm,,2026,"Trang giới thiệu ngành trên ts.hust.edu.vn, mục Thông tin nhanh (ED2)",https://ts.hust.edu.vn/training-cate/nganh-dao-tao-dai-hoc/cong-nghe-giao-duc,2026-09-24,manual_verified,2026.1
ED5,Tâm lý học công nghiệp và tổ chức (mới),CHƯƠNG TRÌNH CHUẨN,22,28,triệu đồng/năm,0,,22 - 28 triệu đồng/năm,,2026,"Trang giới thiệu ngành trên ts.hust.edu.vn, mục Thông tin nhanh (ED5)",https://ts.hust.edu.vn/training-cate/nganh-dao-tao-dai-hoc/tam-ly-hoc-cong-nghiep-va-to-chuc,2026-09-24,manual_verified,2026.1
ED3,Quản lý giáo dục,CHƯƠNG TRÌNH CHUẨN,28,40,triệu đồng/năm,0,,28 - 40 triệu đồng/năm,,2026,"Trang giới thiệu ngành trên ts.hust.edu.vn, mục Thông tin nhanh (ED3)",https://ts.hust.edu.vn/training-cate/nganh-dao-tao-dai-hoc/quan-ly-giao-duc,2026-09-24,manual_verified,2026.1
FL3,Tiếng Trung Khoa học và Công nghệ,CHƯƠNG TRÌNH CHUẨN,28,40,triệu đồng/năm,0,,28 - 40 triệu đồng/năm,,2026,"Trang giới thiệu ngành trên ts.hust.edu.vn, mục Thông tin nhanh (FL3)",https://ts.hust.edu.vn/training-cate/nganh-dao-tao-dai-hoc/tieng-trung-khoa-hoc-va-cong-nghe,2026-09-24,manual_verified,2026.1
FL1,Tiếng Anh KHKT và Công nghệ,CHƯƠNG TRÌNH CHUẨN,28,40,triệu đồng/năm,0,,28 - 40 triệu đồng/năm,,2026,"Trang giới thiệu ngành trên ts.hust.edu.vn, mục Thông tin nhanh (FL1)",https://ts.hust.edu.vn/training-cate/nganh-dao-tao-dai-hoc/tieng-anh-khoa-hoc-ky-thuat-va-cong-nghe,2026-09-24,manual_verified,2026.1
FL4,Tiếng Hàn Khoa học và Công nghệ (mới),CHƯƠNG TRÌNH CHUẨN,28,35,triệu đồng/năm,0,,28 - 35 triệu đồng/năm,,2026,"Trang giới thiệu ngành trên ts.hust.edu.vn, mục Thông tin nhanh (FL4)",https://ts.hust.edu.vn/training-cate/nganh-dao-tao-dai-hoc/tieng-han-khoa-hoc-va-cong-nghe,2026-09-24,manual_verified,2026.1
FL2,Tiếng Anh chuyên nghiệp quốc tế,CHƯƠNG TRÌNH LIÊN KẾT ĐÀO TẠO QUỐC TẾ,55,55,triệu đồng/năm,0,,55 triệu đồng/năm,,2026,"Trang giới thiệu ngành trên ts.hust.edu.vn, mục Thông tin nhanh (FL2)",https://ts.hust.edu.vn/training-cate/nganh-dao-tao-dai-hoc/tieng-anh-chuyen-nghiep-quoc-te,2026-09-24,manual_verified,2026.1
