program_group,rule_id,cohort,applies_to_all,course_type,amount,unit,academic_year,programs_listed,year,source,source_url,collection_date,verification_status,dataset_version
Chương trình chuẩn - nhóm 550,hptc2425-chuan-550,,0,tất cả học phần,550,nghìn đồng/tín chỉ,2024-2025,Cơ điện tử; KT điện tử-viễn thông; KT điều khiển-tự động hóa; Khoa học máy tính; Kỹ thuật máy tính; Kỹ thuật y sinh,2024,2024_2_QĐ học phí - Phụ lục I trang 3,https://ctt.hust.edu.vn/Upload/Nguyen%20Quoc%20Dat/files/DTDH_QDQC/Hocphi/2024-2025/2024_2_%20Q%C4%90%20h%E1%BB%8Dc%20ph%C3%AD%20-%202024-2025.pdf,2026-09-20,manual_verified,2026.1
Chương trình chuẩn - nhóm 525,hptc2425-chuan-525,,0,tất cả học phần,525,nghìn đồng/tín chỉ,2024-2025,Toán tin; Hệ thống thông tin quản lý; KT cơ khí; KT cơ khí động lực; KT hàng không; KT nhiệt; KT sinh học; KT ôtô; KT điện; KT thực phẩm; Tài chính-ngân hàng; Quản lý công nghiệp; Quản lý năng lượng; Quản trị kinh doanh; Kế toán; Ngôn ngữ Anh,2024,2024_2_QĐ học phí - Phụ lục I trang 3,https://ctt.hust.edu.vn/Upload/Nguyen%20Quoc%20Dat/files/DTDH_QDQC/Hocphi/2024-2025/2024_2_%20Q%C4%90%20h%E1%BB%8Dc%20ph%C3%AD%20-%202024-2025.pdf,2026-09-20,manual_verified,2026.1
Chương trình chuẩn - nhóm 480,hptc2425-chuan-480,,0,tất cả học phần,480,nghìn đồng/tín chỉ,2024-2025,KT hóa học; Hóa học; KT in; KT vật liệu; KT vật liệu Polyme và Compozit; KT vi điện tử và CN Nano; Vật lý kỹ thuật; KT hạt nhân; Vật lý y khoa; Công nghệ dệt may; Kỹ thuật dệt; KT môi trường; Quản lý tài nguyên và môi trường; Công nghệ giáo dục; Quản lý giáo dục; và các CTĐT chuẩn khác,2024,2024_2_QĐ học phí - Phụ lục I trang 3,https://ctt.hust.edu.vn/Upload/Nguyen%20Quoc%20Dat/files/DTDH_QDQC/Hocphi/2024-2025/2024_2_%20Q%C4%90%20h%E1%BB%8Dc%20ph%C3%AD%20-%202024-2025.pdf,2026-09-20,manual_verified,2026.1
ELITECH - CNTT Việt-Nhật/Việt-Pháp/Global ICT/An toàn không gian số,hptc2425-elitech-cntt-coban,,0,LLCT-GDTC-GDQP-AN và Tiếng Anh cơ bản cơ sở,660,nghìn đồng/tín chỉ,2024-2025,CNTT Việt-Nhật; CNTT Việt-Pháp; Global ICT; An toàn không gian số,2024,2024_2_QĐ học phí - Phụ lục I trang 3,https://ctt.hust.edu.vn/Upload/Nguyen%20Quoc%20Dat/files/DTDH_QDQC/Hocphi/2024-2025/2024_2_%20Q%C4%90%20h%E1%BB%8Dc%20ph%C3%AD%20-%202024-2025.pdf,2026-09-20,manual_verified,2026.1
ELITECH - CNTT Việt-Nhật/Việt-Pháp/Global ICT/An toàn không gian số,hptc2425-elitech-cntt-khac,,0,các học phần khác,745,nghìn đồng/tín chỉ,2024-2025,CNTT Việt-Nhật; CNTT Việt-Pháp; Global ICT; An toàn không gian số,2024,2024_2_QĐ học phí - Phụ lục I trang 3,https://ctt.hust.edu.vn/Upload/Nguyen%20Quoc%20Dat/files/DTDH_QDQC/Hocphi/2024-2025/2024_2_%20Q%C4%90%20h%E1%BB%8Dc%20ph%C3%AD%20-%202024-2025.pdf,2026-09-20,manual_verified,2026.1
ELITECH - CT tiên tiến KHDL&TTNT; Logistics và QLCCU,hptc2425-elitech-khdl-logistics-coban,,0,LLCT-GDTC-GDQP-AN và Tiếng Anh cơ bản cơ sở,660,nghìn đồng/tín chỉ,2024-2025,Khoa học dữ liệu và Trí tuệ nhân tạo; Logistics và Quản lý chuỗi cung ứng,2024,2024_2_QĐ học phí - Phụ lục I trang 3,https://ctt.hust.edu.vn/Upload/Nguyen%20Quoc%20Dat/files/DTDH_QDQC/Hocphi/2024-2025/2024_2_%20Q%C4%90%20h%E1%BB%8Dc%20ph%C3%AD%20-%202024-2025.pdf,2026-09-20,manual_verified,2026.1
ELITECH - CT tiên tiến KHDL&TTNT; Logistics và QLCCU,hptc2425-elitech-khdl-logistics-khac,,0,các học phần khác,1020,nghìn đồng/tín chỉ,2024-2025,Khoa học dữ liệu và Trí tuệ nhân tạo; Logistics và Quản lý chuỗi cung ứng,2024,2024_2_QĐ học phí - Phụ lục I trang 3,https://ctt.hust.edu.vn/Upload/Nguyen%20Quoc%20Dat/files/DTDH_QDQC/Hocphi/2024-2025/2024_2_%20Q%C4%90%20h%E1%BB%8Dc%20ph%C3%AD%20-%202024-2025.pdf,2026-09-20,manual_verified,2026.1
ELITECH - CT tiên tiến KH&KT vật liệu; IPE,hptc2425-elitech-vatlieu-ipe-coban,,0,LLCT-GDTC-GDQP-AN và Tiếng Anh cơ bản cơ sở,660,nghìn đồng/tín chỉ,2024-2025,Khoa học và kỹ thuật vật liệu; Tiếng Anh chuyên nghiệp quốc tế (IPE),2024,2024_2_QĐ học phí - Phụ lục I trang 3,https://ctt.hust.edu.vn/Upload/Nguyen%20Quoc%20Dat/files/DTDH_QDQC/Hocphi/2024-2025/2024_2_%20Q%C4%90%20h%E1%BB%8Dc%20ph%C3%AD%20-%202024-2025.pdf,2026-09-20,manual_verified,2026.1
ELITECH - CT tiên tiến KH&KT vật liệu; IPE,hptc2425-elitech-vatlieu-ipe-khac,,0,các học phần khác,660,nghìn đồng/tín chỉ,2024-2025,Khoa học và kỹ thuật vật liệu; Tiếng Anh chuyên nghiệp quốc tế (IPE),2024,2024_2_QĐ học phí - Phụ lục I trang 3,https://ctt.hust.edu.vn/Upload/Nguyen%20Quoc%20Dat/files/DTDH_QDQC/Hocphi/2024-2025/2024_2_%20Q%C4%90%20h%E1%BB%8Dc%20ph%C3%AD%20-%202024-2025.pdf,2026-09-20,manual_verified,2026.1
ELITECH - các CT tiên tiến khác,hptc2425-elitech-khac-coban,,0,LLCT-GDTC-GDQP-AN và Tiếng Anh cơ bản cơ sở,660,nghìn đồng/tín chỉ,2024-2025,các chương trình tiên tiến khác,2024,2024_2_QĐ học phí - Phụ lục I trang 3,https://ctt.hust.edu.vn/Upload/Nguyen%20Quoc%20Dat/files/DTDH_QDQC/Hocphi/2024-2025/2024_2_%20Q%C4%90%20h%E1%BB%8Dc%20ph%C3%AD%20-%202024-2025.pdf,2026-09-20,manual_verified,2026.1
ELITECH - các CT tiên tiến khác,hptc2425-elitech-khac-khac,,0,các học phần khác,715,nghìn đồng/tín chỉ,2024-2025,các chương trình tiên tiến khác,2024,2024_2_QĐ học phí - Phụ lục I trang 3,https://ctt.hust.edu.vn/Upload/Nguyen%20Quoc%20Dat/files/DTDH_QDQC/Hocphi/2024-2025/2024_2_%20Q%C4%90%20h%E1%BB%8Dc%20ph%C3%AD%20-%202024-2025.pdf,2026-09-20,manual_verified,2026.1
Chương trình Đào tạo tài năng,hptc2425-tainang,,0,tất cả học phần,630,nghìn đồng/tín chỉ,2024-2025,các chương trình Đào tạo tài năng,2024,2024_2_QĐ học phí - Phụ lục I trang 3,https://ctt.hust.edu.vn/Upload/Nguyen%20Quoc%20Dat/files/DTDH_QDQC/Hocphi/2024-2025/2024_2_%20Q%C4%90%20h%E1%BB%8Dc%20ph%C3%AD%20-%202024-2025.pdf,2026-09-20,manual_verified,2026.1
Chương trình PFIEV,hptc2425-pfiev,,0,tất cả học phần,660,nghìn đồng/tín chỉ,2024-2025,các chương trình PFIEV,2024,2024_2_QĐ học phí - Phụ lục I trang 3,https://ctt.hust.edu.vn/Upload/Nguyen%20Quoc%20Dat/files/DTDH_QDQC/Hocphi/2024-2025/2024_2_%20Q%C4%90%20h%E1%BB%8Dc%20ph%C3%AD%20-%202024-2025.pdf,2026-09-20,manual_verified,2026.1
Hợp tác quốc tế - ME-GU/IT-LTU/IT-VUW,hptc2425-me-gu-coban,,0,LLCT-GDTC-GDQP-AN và Tiếng Anh cơ bản cơ sở,660,nghìn đồng/tín chỉ,2024-2025,ME-GU; IT-LTU; IT-VUW,2024,2024_2_QĐ học phí - Phụ lục I trang 4,https://ctt.hust.edu.vn/Upload/Nguyen%20Quoc%20Dat/files/DTDH_QDQC/Hocphi/2024-2025/2024_2_%20Q%C4%90%20h%E1%BB%8Dc%20ph%C3%AD%20-%202024-2025.pdf,2026-09-20,manual_verified,2026.1
Hợp tác quốc tế - ME-GU/IT-LTU/IT-VUW,hptc2425-me-gu-khac,,0,các học phần khác (trừ ngoại ngữ),950,nghìn đồng/tín chỉ,2024-2025,ME-GU; IT-LTU; IT-VUW,2024,2024_2_QĐ học phí - Phụ lục I trang 4,https://ctt.hust.edu.vn/Upload/Nguyen%20Quoc%20Dat/files/DTDH_QDQC/Hocphi/2024-2025/2024_2_%20Q%C4%90%20h%E1%BB%8Dc%20ph%C3%AD%20-%202024-2025.pdf,2026-09-20,manual_verified,2026.1
Hợp tác quốc tế - ME-LUH,hptc2425-me-luh-coban,,0,LLCT-GDTC-GDQP-AN và Tiếng Anh cơ bản cơ sở,660,nghìn đồng/tín chỉ,2024-2025,ME-LUH,2024,2024_2_QĐ học phí - Phụ lục I trang 4,https://ctt.hust.edu.vn/Upload/Nguyen%20Quoc%20Dat/files/DTDH_QDQC/Hocphi/2024-2025/2024_2_%20Q%C4%90%20h%E1%BB%8Dc%20ph%C3%AD%20-%202024-2025.pdf,2026-09-20,manual_verified,2026.1
Hợp tác quốc tế - ME-LUH,hptc2425-me-luh-khac,,0,các học phần khác (trừ ngoại ngữ),900,nghìn đồng/tín chỉ,2024-2025,ME-LUH,2024,2024_2_QĐ học phí - Phụ lục I trang 4,https://ctt.hust.edu.vn/Upload/Nguyen%20Quoc%20Dat/files/DTDH_QDQC/Hocphi/2024-2025/2024_2_%20Q%C4%90%20h%E1%BB%8Dc%20ph%C3%AD%20-%202024-2025.pdf,2026-09-20,manual_verified,2026.1
Hợp tác quốc tế - ET-LUH/IT-GINP,hptc2425-et-luh-coban,,0,LLCT-GDTC-GDQP-AN và Tiếng Anh cơ bản cơ sở,660,nghìn đồng/tín chỉ,2024-2025,ET-LUH; IT-GINP,2024,2024_2_QĐ học phí - Phụ lục I trang 4,https://ctt.hust.edu.vn/Upload/Nguyen%20Quoc%20Dat/files/DTDH_QDQC/Hocphi/2024-2025/2024_2_%20Q%C4%90%20h%E1%BB%8Dc%20ph%C3%AD%20-%202024-2025.pdf,2026-09-20,manual_verified,2026.1
Hợp tác quốc tế - ET-LUH/IT-GINP,hptc2425-et-luh-khac,,0,các học phần khác (trừ ngoại ngữ),865,nghìn đồng/tín chỉ,2024-2025,ET-LUH; IT-GINP,2024,2024_2_QĐ học phí - Phụ lục I trang 4,https://ctt.hust.edu.vn/Upload/Nguyen%20Quoc%20Dat/files/DTDH_QDQC/Hocphi/2024-2025/2024_2_%20Q%C4%90%20h%E1%BB%8Dc%20ph%C3%AD%20-%202024-2025.pdf,2026-09-20,manual_verified,2026.1
Hợp tác quốc tế - ME-NUT,hptc2425-me-nut-coban,,0,LLCT-GDTC-GDQP-AN và Tiếng Anh cơ bản cơ sở,660,nghìn đồng/tín chỉ,2024-2025,ME-NUT,2024,2024_2_QĐ học phí - Phụ lục I trang 4,https://ctt.hust.edu.vn/Upload/Nguyen%20Quoc%20Dat/files/DTDH_QDQC/Hocphi/2024-2025/2024_2_%20Q%C4%90%20h%E1%BB%8Dc%20ph%C3%AD%20-%202024-2025.pdf,2026-09-20,manual_verified,2026.1
Hợp tác quốc tế - ME-NUT,hptc2425-me-nut-khac,,0,các học phần khác (trừ ngoại ngữ),840,nghìn đồng/tín chỉ,2024-2025,ME-NUT,2024,2024_2_QĐ học phí - Phụ lục I trang 4,https://ctt.hust.edu.vn/Upload/Nguyen%20Quoc%20Dat/files/DTDH_QDQC/Hocphi/2024-2025/2024_2_%20Q%C4%90%20h%E1%BB%8Dc%20ph%C3%AD%20-%202024-2025.pdf,2026-09-20,manual_verified,2026.1
Hợp tác quốc tế - EM-VUW/EM-NU (IEM),hptc2425-em-vuw-nu-coban,,0,LLCT-GDTC-GDQP-AN và Tiếng Anh cơ bản cơ sở,660,nghìn đồng/tín chỉ,2024-2025,EM-VUW; EM-NU (IEM),2024,2024_2_QĐ học phí - Phụ lục I trang 4,https://ctt.hust.edu.vn/Upload/Nguyen%20Quoc%20Dat/files/DTDH_QDQC/Hocphi/2024-2025/2024_2_%20Q%C4%90%20h%E1%BB%8Dc%20ph%C3%AD%20-%202024-2025.pdf,2026-09-20,manual_verified,2026.1
Hợp tác quốc tế - EM-VUW/EM-NU (IEM),hptc2425-em-vuw-nu-khac,,0,các học phần khác (trừ ngoại ngữ),1020,nghìn đồng/tín chỉ,2024-2025,EM-VUW; EM-NU (IEM),2024,2024_2_QĐ học phí - Phụ lục I trang 4,https://ctt.hust.edu.vn/Upload/Nguyen%20Quoc%20Dat/files/DTDH_QDQC/Hocphi/2024-2025/2024_2_%20Q%C4%90%20h%E1%BB%8Dc%20ph%C3%AD%20-%202024-2025.pdf,2026-09-20,manual_verified,2026.1
Học phần ngoại ngữ - A1.1/A1.2 (Anh Đức Pháp) và Tiếng Nhật 1,hptc2425-ngoaingu-a1,,1,học phần ngoại ngữ,725,nghìn đồng/tín chỉ,2024-2025,áp dụng chung mọi chương trình,2024,2024_2_QĐ học phí - Phụ lục I trang 4,https://ctt.hust.edu.vn/Upload/Nguyen%20Quoc%20Dat/files/DTDH_QDQC/Hocphi/2024-2025/2024_2_%20Q%C4%90%20h%E1%BB%8Dc%20ph%C3%AD%20-%202024-2025.pdf,2026-09-20,manual_verified,2026.1
Học phần ngoại ngữ - A2.1/A2.2 (Anh Đức Pháp) và Tiếng Nhật 2,hptc2425-ngoaingu-a2,,1,học phần ngoại ngữ,855,nghìn đồng/tín chỉ,2024-2025,áp dụng chung mọi chương trình,2024,2024_2_QĐ học phí - Phụ lục I trang 4,https://ctt.hust.edu.vn/Upload/Nguyen%20Quoc%20Dat/files/DTDH_QDQC/Hocphi/2024-2025/2024_2_%20Q%C4%90%20h%E1%BB%8Dc%20ph%C3%AD%20-%202024-2025.pdf,2026-09-20,manual_verified,2026.1
Học phần ngoại ngữ - B1.1/B1.2 (Anh Đức Pháp) và Tiếng Nhật 3-4,hptc2425-ngoaingu-b1,,1,học phần ngoại ngữ,965,nghìn đồng/tín chỉ,2024-2025,áp dụng chung mọi chương trình,2024,2024_2_QĐ học phí - Phụ lục I trang 4,https://ctt.hust.edu.vn/Upload/Nguyen%20Quoc%20Dat/files/DTDH_QDQC/Hocphi/2024-2025/2024_2_%20Q%C4%90%20h%E1%BB%8Dc%20ph%C3%AD%20-%202024-2025.pdf,2026-09-20,manual_verified,2026.1
Học phần ngoại ngữ - B2.1/B2.2 (Anh Đức Pháp) và Tiếng Nhật 5,hptc2425-ngoaingu-b2,,1,học phần ngoại ngữ,1030,nghìn đồng/tín chỉ,2024-2025,áp dụng chung mọi chương trình,2024,2024_2_QĐ học phí - Phụ lục I trang 4,https://ctt.hust.edu.vn/Upload/Nguyen%20Quoc%20Dat/files/DTDH_QDQC/Hocphi/2024-2025/2024_2_%20Q%C4%90%20h%E1%BB%8Dc%20ph%C3%AD%20-%202024-2025.pdf,2026-09-20,manual_verified,2026.1
Học phần ngoại ngữ - các trình độ nâng cao,hptc2425-ngoaingu-nangcao,,1,học phần ngoại ngữ,1085,nghìn đồng/tín chỉ,2024-2025,áp dụng chung mọi chương trình,2024,2024_2_QĐ học phí - Phụ lục I trang 4,https://ctt.hust.edu.vn/Upload/Nguyen%20Quoc%20Dat/files/DTDH_QDQC/Hocphi/2024-2025/2024_2_%20Q%C4%90%20h%E1%BB%8Dc%20ph%C3%AD%20-%202024-2025.pdf,2026-09-20,manual_verified,2026.1
TROY (TROY-BA TROY-IT) khoá 69,hptc2425-troy-k69,K69,0,toàn bộ chương trình,28600,nghìn đồng/học kỳ,2024-2025,TROY-BA; TROY-IT — 1 năm học gồm 3 học kỳ; phí ghi danh 1.6 triệu đóng 1 lần,2024,2024_2_QĐ học phí - Phụ lục I trang 4,https://ctt.hust.edu.vn/Upload/Nguyen%20Quoc%20Dat/files/DTDH_QDQC/Hocphi/2024-2025/2024_2_%20Q%C4%90%20h%E1%BB%8Dc%20ph%C3%AD%20-%202024-2025.pdf,2026-09-20,manual_verified,2026.1
TROY (TROY-BA TROY-IT) khoá 68 trở về trước,hptc2425-troy-k68,<=K68,0,toàn bộ chương trình,26000,nghìn đồng/học kỳ,2024-2025,TROY-BA; TROY-IT — 1 năm học gồm 3 học kỳ; phí ghi danh 1.6 triệu đóng 1 lần,2024,2024_2_QĐ học phí - Phụ lục I trang 4,https://ctt.hust.edu.vn/Upload/Nguyen%20Quoc%20Dat/files/DTDH_QDQC/Hocphi/2024-2025/2024_2_%20Q%C4%90%20h%E1%BB%8Dc%20ph%C3%AD%20-%202024-2025.pdf,2026-09-20,manual_verified,2026.1
Chương trình chuẩn - nhóm 630,hptc2526-chuan-630,,0,tất cả học phần,630,nghìn đồng/tín chỉ,2025-2026,Cơ điện tử; KT điện tử-viễn thông; KT điều khiển-tự động hóa; Khoa học máy tính; Kỹ thuật máy tính,2025,QĐ 10232/QĐ-ĐHBK ngày 12/9/2025 (học phí năm học 2025-2026) - Phụ lục I trang 3,https://ctt.hust.edu.vn/Upload/Nguy%E1%BB%85n%20Qu%E1%BB%91c%20%C4%90%E1%BA%A1t/files/DTDH_QDQC/Hocphi/2025-2026/QD%20HOC%20PHI%20-%202025-2026-final.pdf,2026-10-09,pdf_text,2026.1
Chương trình chuẩn - nhóm 600,hptc2526-chuan-600,,0,tất cả học phần,600,nghìn đồng/tín chỉ,2025-2026,Toán tin; Hệ thống thông tin quản lý; Kỹ thuật y sinh; KT cơ khí; KT cơ khí động lực; KT thực phẩm; KT sinh học; KT ôtô; KT điện; Tài chính-ngân hàng; Quản lý công nghiệp; Quản lý năng lượng; Quản trị kinh doanh; Kế toán; Ngôn ngữ Anh; Tiếng Trung KHCN,2025,QĐ 10232/QĐ-ĐHBK ngày 12/9/2025 (học phí năm học 2025-2026) - Phụ lục I trang 3,https://ctt.hust.edu.vn/Upload/Nguy%E1%BB%85n%20Qu%E1%BB%91c%20%C4%90%E1%BA%A1t/files/DTDH_QDQC/Hocphi/2025-2026/QD%20HOC%20PHI%20-%202025-2026-final.pdf,2026-10-09,pdf_text,2026.1
Chương trình chuẩn - nhóm 550,hptc2526-chuan-550,,0,tất cả học phần,550,nghìn đồng/tín chỉ,2025-2026,KT hóa học; Hóa học; KT in; KT vật liệu; KT vật liệu Polyme và Compozit; KT vi điện tử và CN Nano; KT hàng không; Vật lý kỹ thuật; KT hạt nhân; KT nhiệt; Vật lý y khoa; Công nghệ dệt may; Kỹ thuật dệt; KT môi trường; Quản lý tài nguyên và môi trường; Công nghệ giáo dục; Quản lý giáo dục; và các chương trình chuẩn khác,2025,QĐ 10232/QĐ-ĐHBK ngày 12/9/2025 (học phí năm học 2025-2026) - Phụ lục I trang 3,https://ctt.hust.edu.vn/Upload/Nguy%E1%BB%85n%20Qu%E1%BB%91c%20%C4%90%E1%BA%A1t/files/DTDH_QDQC/Hocphi/2025-2026/QD%20HOC%20PHI%20-%202025-2026-final.pdf,2026-10-09,pdf_text,2026.1
"ELITECH - CNTT Việt-Nhật, Global ICT",hptc2526-elitech-cntt-vn-gict-coban,,0,LLCT-GDTC-GDQP-AN và Tiếng Anh cơ bản cơ sở,700,nghìn đồng/tín chỉ,2025-2026,"ELITECH - CNTT Việt-Nhật, Global ICT",2025,QĐ 10232/QĐ-ĐHBK ngày 12/9/2025 (học phí năm học 2025-2026) - Phụ lục I trang 3,https://ctt.hust.edu.vn/Upload/Nguy%E1%BB%85n%20Qu%E1%BB%91c%20%C4%90%E1%BA%A1t/files/DTDH_QDQC/Hocphi/2025-2026/QD%20HOC%20PHI%20-%202025-2026-final.pdf,2026-10-09,pdf_text,2026.1
"ELITECH - CNTT Việt-Nhật, Global ICT",hptc2526-elitech-cntt-vn-gict-khac,,0,các học phần khác,850,nghìn đồng/tín chỉ,2025-2026,"ELITECH - CNTT Việt-Nhật, Global ICT",2025,QĐ 10232/QĐ-ĐHBK ngày 12/9/2025 (học phí năm học 2025-2026) - Phụ lục I trang 3,https://ctt.hust.edu.vn/Upload/Nguy%E1%BB%85n%20Qu%E1%BB%91c%20%C4%90%E1%BA%A1t/files/DTDH_QDQC/Hocphi/2025-2026/QD%20HOC%20PHI%20-%202025-2026-final.pdf,2026-10-09,pdf_text,2026.1
ELITECH - CT tiên tiến KHDL&TTNT; Logistics và QL chuỗi cung ứng,hptc2526-elitech-khdl-logistics-coban,,0,LLCT-GDTC-GDQP-AN và Tiếng Anh cơ bản cơ sở,700,nghìn đồng/tín chỉ,2025-2026,ELITECH - CT tiên tiến KHDL&TTNT; Logistics và QL chuỗi cung ứng,2025,QĐ 10232/QĐ-ĐHBK ngày 12/9/2025 (học phí năm học 2025-2026) - Phụ lục I trang 3,https://ctt.hust.edu.vn/Upload/Nguy%E1%BB%85n%20Qu%E1%BB%91c%20%C4%90%E1%BA%A1t/files/DTDH_QDQC/Hocphi/2025-2026/QD%20HOC%20PHI%20-%202025-2026-final.pdf,2026-10-09,pdf_text,2026.1
ELITECH - CT tiên tiến KHDL&TTNT; Logistics và QL chuỗi cung ứng,hptc2526-elitech-khdl-logistics-khac,,0,các học phần khác,1020,nghìn đồng/tín chỉ,2025-2026,ELITECH - CT tiên tiến KHDL&TTNT; Logistics và QL chuỗi cung ứng,2025,QĐ 10232/QĐ-ĐHBK ngày 12/9/2025 (học phí năm học 2025-2026) - Phụ lục I trang 3,https://ctt.hust.edu.vn/Upload/Nguy%E1%BB%85n%20Qu%E1%BB%91c%20%C4%90%E1%BA%A1t/files/DTDH_QDQC/Hocphi/2025-2026/QD%20HOC%20PHI%20-%202025-2026-final.pdf,2026-10-09,pdf_text,2026.1
ELITECH - CT tiên tiến KT điều khiển và tự động hoá,hptc2526-elitech-dktdh-coban,,0,LLCT-GDTC-GDQP-AN và Tiếng Anh cơ bản cơ sở,700,nghìn đồng/tín chỉ,2025-2026,ELITECH - CT tiên tiến KT điều khiển và tự động hoá,2025,QĐ 10232/QĐ-ĐHBK ngày 12/9/2025 (học phí năm học 2025-2026) - Phụ lục I trang 3,https://ctt.hust.edu.vn/Upload/Nguy%E1%BB%85n%20Qu%E1%BB%91c%20%C4%90%E1%BA%A1t/files/DTDH_QDQC/Hocphi/2025-2026/QD%20HOC%20PHI%20-%202025-2026-final.pdf,2026-10-09,pdf_text,2026.1
ELITECH - CT tiên tiến KT điều khiển và tự động hoá,hptc2526-elitech-dktdh-khac,,0,các học phần khác,820,nghìn đồng/tín chỉ,2025-2026,ELITECH - CT tiên tiến KT điều khiển và tự động hoá,2025,QĐ 10232/QĐ-ĐHBK ngày 12/9/2025 (học phí năm học 2025-2026) - Phụ lục I trang 3,https://ctt.hust.edu.vn/Upload/Nguy%E1%BB%85n%20Qu%E1%BB%91c%20%C4%90%E1%BA%A1t/files/DTDH_QDQC/Hocphi/2025-2026/QD%20HOC%20PHI%20-%202025-2026-final.pdf,2026-10-09,pdf_text,2026.1
ELITECH - CT tiên tiến KT Cơ điện tử,hptc2526-elitech-codientu-coban,,0,LLCT-GDTC-GDQP-AN và Tiếng Anh cơ bản cơ sở,700,nghìn đồng/tín chỉ,2025-2026,ELITECH - CT tiên tiến KT Cơ điện tử,2025,QĐ 10232/QĐ-ĐHBK ngày 12/9/2025 (học phí năm học 2025-2026) - Phụ lục I trang 3,https://ctt.hust.edu.vn/Upload/Nguy%E1%BB%85n%20Qu%E1%BB%91c%20%C4%90%E1%BA%A1t/files/DTDH_QDQC/Hocphi/2025-2026/QD%20HOC%20PHI%20-%202025-2026-final.pdf,2026-10-09,pdf_text,2026.1
ELITECH - CT tiên tiến KT Cơ điện tử,hptc2526-elitech-codientu-khac,,0,các học phần khác,800,nghìn đồng/tín chỉ,2025-2026,ELITECH - CT tiên tiến KT Cơ điện tử,2025,QĐ 10232/QĐ-ĐHBK ngày 12/9/2025 (học phí năm học 2025-2026) - Phụ lục I trang 3,https://ctt.hust.edu.vn/Upload/Nguy%E1%BB%85n%20Qu%E1%BB%91c%20%C4%90%E1%BA%A1t/files/DTDH_QDQC/Hocphi/2025-2026/QD%20HOC%20PHI%20-%202025-2026-final.pdf,2026-10-09,pdf_text,2026.1
ELITECH - CNTT Việt-Pháp và các CT tiên tiến còn lại,hptc2526-elitech-vietphap-conlai-coban,,0,LLCT-GDTC-GDQP-AN và Tiếng Anh cơ bản cơ sở,700,nghìn đồng/tín chỉ,2025-2026,ELITECH - CNTT Việt-Pháp và các CT tiên tiến còn lại,2025,QĐ 10232/QĐ-ĐHBK ngày 12/9/2025 (học phí năm học 2025-2026) - Phụ lục I trang 3,https://ctt.hust.edu.vn/Upload/Nguy%E1%BB%85n%20Qu%E1%BB%91c%20%C4%90%E1%BA%A1t/files/DTDH_QDQC/Hocphi/2025-2026/QD%20HOC%20PHI%20-%202025-2026-final.pdf,2026-10-09,pdf_text,2026.1
ELITECH - CNTT Việt-Pháp và các CT tiên tiến còn lại,hptc2526-elitech-vietphap-conlai-khac,,0,các học phần khác,750,nghìn đồng/tín chỉ,2025-2026,ELITECH - CNTT Việt-Pháp và các CT tiên tiến còn lại,2025,QĐ 10232/QĐ-ĐHBK ngày 12/9/2025 (học phí năm học 2025-2026) - Phụ lục I trang 3,https://ctt.hust.edu.vn/Upload/Nguy%E1%BB%85n%20Qu%E1%BB%91c%20%C4%90%E1%BA%A1t/files/DTDH_QDQC/Hocphi/2025-2026/QD%20HOC%20PHI%20-%202025-2026-final.pdf,2026-10-09,pdf_text,2026.1
Chương trình Đào tạo tài năng,hptc2526-tainang,,0,tất cả học phần,650,nghìn đồng/tín chỉ,2025-2026,các chương trình Đào tạo tài năng,2025,QĐ 10232/QĐ-ĐHBK ngày 12/9/2025 (học phí năm học 2025-2026) - Phụ lục I trang 3,https://ctt.hust.edu.vn/Upload/Nguy%E1%BB%85n%20Qu%E1%BB%91c%20%C4%90%E1%BA%A1t/files/DTDH_QDQC/Hocphi/2025-2026/QD%20HOC%20PHI%20-%202025-2026-final.pdf,2026-10-09,pdf_text,2026.1
Chương trình PFIEV và Tiếng Anh chuyên nghiệp quốc tế (IPE),hptc2526-pfiev-ipe,,0,tất cả học phần,700,nghìn đồng/tín chỉ,2025-2026,"các chương trình PFIEV; IPE — IPE đóng thêm phí ghi danh và kiểm định của trường đối tác: tạm tính 14 triệu đồng/năm học (khoá 69, 70), 13 triệu đồng/năm học (khoá 68 trở về trước)",2025,QĐ 10232/QĐ-ĐHBK ngày 12/9/2025 (học phí năm học 2025-2026) - Phụ lục I trang 3,https://ctt.hust.edu.vn/Upload/Nguy%E1%BB%85n%20Qu%E1%BB%91c%20%C4%90%E1%BA%A1t/files/DTDH_QDQC/Hocphi/2025-2026/QD%20HOC%20PHI%20-%202025-2026-final.pdf,2026-10-09,pdf_text,2026.1
Hợp tác quốc tế - ME-GU/ME-NUT/IT-LTU/IT-VUW,hptc2526-me-gu-nut-coban,,0,LLCT-GDTC-GDQP-AN,700,nghìn đồng/tín chỉ,2025-2026,Hợp tác quốc tế - ME-GU/ME-NUT/IT-LTU/IT-VUW,2025,QĐ 10232/QĐ-ĐHBK ngày 12/9/2025 (học phí năm học 2025-2026) - Phụ lục I trang 4,https://ctt.hust.edu.vn/Upload/Nguy%E1%BB%85n%20Qu%E1%BB%91c%20%C4%90%E1%BA%A1t/files/DTDH_QDQC/Hocphi/2025-2026/QD%20HOC%20PHI%20-%202025-2026-final.pdf,2026-10-09,pdf_text,2026.1
Hợp tác quốc tế - ME-GU/ME-NUT/IT-LTU/IT-VUW,hptc2526-me-gu-nut-khac,,0,các học phần khác (trừ ngoại ngữ),950,nghìn đồng/tín chỉ,2025-2026,Hợp tác quốc tế - ME-GU/ME-NUT/IT-LTU/IT-VUW,2025,QĐ 10232/QĐ-ĐHBK ngày 12/9/2025 (học phí năm học 2025-2026) - Phụ lục I trang 4,https://ctt.hust.edu.vn/Upload/Nguy%E1%BB%85n%20Qu%E1%BB%91c%20%C4%90%E1%BA%A1t/files/DTDH_QDQC/Hocphi/2025-2026/QD%20HOC%20PHI%20-%202025-2026-final.pdf,2026-10-09,pdf_text,2026.1
Hợp tác quốc tế - ME-LUH/ET-LUH/IT-GINP,hptc2526-luh-coban,,0,LLCT-GDTC-GDQP-AN,700,nghìn đồng/tín chỉ,2025-2026,Hợp tác quốc tế - ME-LUH/ET-LUH/IT-GINP,2025,QĐ 10232/QĐ-ĐHBK ngày 12/9/2025 (học phí năm học 2025-2026) - Phụ lục I trang 4,https://ctt.hust.edu.vn/Upload/Nguy%E1%BB%85n%20Qu%E1%BB%91c%20%C4%90%E1%BA%A1t/files/DTDH_QDQC/Hocphi/2025-2026/QD%20HOC%20PHI%20-%202025-2026-final.pdf,2026-10-09,pdf_text,2026.1
Hợp tác quốc tế - ME-LUH/ET-LUH/IT-GINP,hptc2526-luh-khac,,0,các học phần khác (trừ ngoại ngữ),900,nghìn đồng/tín chỉ,2025-2026,Hợp tác quốc tế - ME-LUH/ET-LUH/IT-GINP,2025,QĐ 10232/QĐ-ĐHBK ngày 12/9/2025 (học phí năm học 2025-2026) - Phụ lục I trang 4,https://ctt.hust.edu.vn/Upload/Nguy%E1%BB%85n%20Qu%E1%BB%91c%20%C4%90%E1%BA%A1t/files/DTDH_QDQC/Hocphi/2025-2026/QD%20HOC%20PHI%20-%202025-2026-final.pdf,2026-10-09,pdf_text,2026.1
Hợp tác quốc tế - EM-VUW/EM-NU (IEM),hptc2526-em-vuw-nu-coban,,0,LLCT-GDTC-GDQP-AN,700,nghìn đồng/tín chỉ,2025-2026,Hợp tác quốc tế - EM-VUW/EM-NU (IEM),2025,QĐ 10232/QĐ-ĐHBK ngày 12/9/2025 (học phí năm học 2025-2026) - Phụ lục I trang 4,https://ctt.hust.edu.vn/Upload/Nguy%E1%BB%85n%20Qu%E1%BB%91c%20%C4%90%E1%BA%A1t/files/DTDH_QDQC/Hocphi/2025-2026/QD%20HOC%20PHI%20-%202025-2026-final.pdf,2026-10-09,pdf_text,2026.1
Hợp tác quốc tế - EM-VUW/EM-NU (IEM),hptc2526-em-vuw-nu-khac,,0,các học phần khác (trừ ngoại ngữ),1020,nghìn đồng/tín chỉ,2025-2026,Hợp tác quốc tế - EM-VUW/EM-NU (IEM),2025,QĐ 10232/QĐ-ĐHBK ngày 12/9/2025 (học phí năm học 2025-2026) - Phụ lục I trang 4,https://ctt.hust.edu.vn/Upload/Nguy%E1%BB%85n%20Qu%E1%BB%91c%20%C4%90%E1%BA%A1t/files/DTDH_QDQC/Hocphi/2025-2026/QD%20HOC%20PHI%20-%202025-2026-final.pdf,2026-10-09,pdf_text,2026.1
Học phần ngoại ngữ - A1.1/A1.2 (Anh Đức Pháp) và Tiếng Nhật 1,hptc2526-ngoaingu-a1,,1,học phần ngoại ngữ,725,nghìn đồng/tín chỉ,2025-2026,Học phần ngoại ngữ - A1.1/A1.2 (Anh Đức Pháp) và Tiếng Nhật 1,2025,QĐ 10232/QĐ-ĐHBK ngày 12/9/2025 (học phí năm học 2025-2026) - Phụ lục I trang 4,https://ctt.hust.edu.vn/Upload/Nguy%E1%BB%85n%20Qu%E1%BB%91c%20%C4%90%E1%BA%A1t/files/DTDH_QDQC/Hocphi/2025-2026/QD%20HOC%20PHI%20-%202025-2026-final.pdf,2026-10-09,pdf_text,2026.1
Học phần ngoại ngữ - A2.1/A2.2 (Anh Đức Pháp) và Tiếng Nhật 2,hptc2526-ngoaingu-a2,,1,học phần ngoại ngữ,855,nghìn đồng/tín chỉ,2025-2026,Học phần ngoại ngữ - A2.1/A2.2 (Anh Đức Pháp) và Tiếng Nhật 2,2025,QĐ 10232/QĐ-ĐHBK ngày 12/9/2025 (học phí năm học 2025-2026) - Phụ lục I trang 4,https://ctt.hust.edu.vn/Upload/Nguy%E1%BB%85n%20Qu%E1%BB%91c%20%C4%90%E1%BA%A1t/files/DTDH_QDQC/Hocphi/2025-2026/QD%20HOC%20PHI%20-%202025-2026-final.pdf,2026-10-09,pdf_text,2026.1
Học phần ngoại ngữ - B1.1/B1.2 (Anh Đức Pháp) và Tiếng Nhật 3-4,hptc2526-ngoaingu-b1,,1,học phần ngoại ngữ,965,nghìn đồng/tín chỉ,2025-2026,Học phần ngoại ngữ - B1.1/B1.2 (Anh Đức Pháp) và Tiếng Nhật 3-4,2025,QĐ 10232/QĐ-ĐHBK ngày 12/9/2025 (học phí năm học 2025-2026) - Phụ lục I trang 4,https://ctt.hust.edu.vn/Upload/Nguy%E1%BB%85n%20Qu%E1%BB%91c%20%C4%90%E1%BA%A1t/files/DTDH_QDQC/Hocphi/2025-2026/QD%20HOC%20PHI%20-%202025-2026-final.pdf,2026-10-09,pdf_text,2026.1
Học phần ngoại ngữ - B2.1/B2.2 (Anh Đức Pháp) và Tiếng Nhật 5,hptc2526-ngoaingu-b2,,1,học phần ngoại ngữ,1030,nghìn đồng/tín chỉ,2025-2026,Học phần ngoại ngữ - B2.1/B2.2 (Anh Đức Pháp) và Tiếng Nhật 5,2025,QĐ 10232/QĐ-ĐHBK ngày 12/9/2025 (học phí năm học 2025-2026) - Phụ lục I trang 4,https://ctt.hust.edu.vn/Upload/Nguy%E1%BB%85n%20Qu%E1%BB%91c%20%C4%90%E1%BA%A1t/files/DTDH_QDQC/Hocphi/2025-2026/QD%20HOC%20PHI%20-%202025-2026-final.pdf,2026-10-09,pdf_text,2026.1
Học phần ngoại ngữ - các trình độ nâng cao,hptc2526-ngoaingu-nangcao,,1,học phần ngoại ngữ,1085,nghìn đồng/tín chỉ,2025-2026,Học phần ngoại ngữ - các trình độ nâng cao,2025,QĐ 10232/QĐ-ĐHBK ngày 12/9/2025 (học phí năm học 2025-2026) - Phụ lục I trang 4,https://ctt.hust.edu.vn/Upload/Nguy%E1%BB%85n%20Qu%E1%BB%91c%20%C4%90%E1%BA%A1t/files/DTDH_QDQC/Hocphi/2025-2026/QD%20HOC%20PHI%20-%202025-2026-final.pdf,2026-10-09,pdf_text,2026.1
TROY (TROY-BA TROY-IT) khoá K70,hptc2526-troy-k70,K70,0,toàn bộ chương trình,30000,nghìn đồng/học kỳ,2025-2026,"TROY-BA; TROY-IT — 1 năm học gồm 3 học kỳ; phí ghi danh 1,7 triệu đóng 1 lần",2025,QĐ 10232/QĐ-ĐHBK ngày 12/9/2025 (học phí năm học 2025-2026) - Phụ lục I trang 4,https://ctt.hust.edu.vn/Upload/Nguy%E1%BB%85n%20Qu%E1%BB%91c%20%C4%90%E1%BA%A1t/files/DTDH_QDQC/Hocphi/2025-2026/QD%20HOC%20PHI%20-%202025-2026-final.pdf,2026-10-09,pdf_text,2026.1
TROY (TROY-BA TROY-IT) khoá K69,hptc2526-troy-k69,K69,0,toàn bộ chương trình,28600,nghìn đồng/học kỳ,2025-2026,"TROY-BA; TROY-IT — 1 năm học gồm 3 học kỳ; phí ghi danh 1,7 triệu đóng 1 lần",2025,QĐ 10232/QĐ-ĐHBK ngày 12/9/2025 (học phí năm học 2025-2026) - Phụ lục I trang 4,https://ctt.hust.edu.vn/Upload/Nguy%E1%BB%85n%20Qu%E1%BB%91c%20%C4%90%E1%BA%A1t/files/DTDH_QDQC/Hocphi/2025-2026/QD%20HOC%20PHI%20-%202025-2026-final.pdf,2026-10-09,pdf_text,2026.1
TROY (TROY-BA TROY-IT) khoá K68 trở về trước,hptc2526-troy-k68,<=K68,0,toàn bộ chương trình,26000,nghìn đồng/học kỳ,2025-2026,"TROY-BA; TROY-IT — 1 năm học gồm 3 học kỳ; phí ghi danh 1,7 triệu đóng 1 lần",2025,QĐ 10232/QĐ-ĐHBK ngày 12/9/2025 (học phí năm học 2025-2026) - Phụ lục I trang 4,https://ctt.hust.edu.vn/Upload/Nguy%E1%BB%85n%20Qu%E1%BB%91c%20%C4%90%E1%BA%A1t/files/DTDH_QDQC/Hocphi/2025-2026/QD%20HOC%20PHI%20-%202025-2026-final.pdf,2026-10-09,pdf_text,2026.1
Chương trình chuẩn - nhóm 700,hptc2627-chuan-700,,0,tất cả học phần,700,nghìn đồng/tín chỉ,2026-2027,KT Cơ điện tử; KT điện tử-viễn thông; KT điều khiển-tự động hóa; Khoa học máy tính; Kỹ thuật máy tính,2026,QĐ 12006/QĐ-ĐHBK ngày 05/10/2026 (học phí năm học 2026-2027) - Phụ lục I trang 3,https://ctt.hust.edu.vn/Upload/Nguy%E1%BB%85n%20Qu%E1%BB%91c%20%C4%90%E1%BA%A1t/files/DTDH_QDQC/Hocphi/2026-2027/12006_Q%C4%90-%C4%90HBK.pdf,2026-10-09,pdf_text,2026.1
Chương trình chuẩn - nhóm 680,hptc2627-chuan-680,,0,tất cả học phần,680,nghìn đồng/tín chỉ,2026-2027,Toán tin; Hệ thống thông tin quản lý; Kỹ thuật y sinh; KT cơ khí; KT cơ khí động lực; KT thực phẩm; KT sinh học; KT ôtô; KT điện; Tài chính-ngân hàng; Quản lý công nghiệp; Quản lý năng lượng; Quản trị kinh doanh; Kế toán; Ngôn ngữ Anh; Tiếng Trung KH&CN; Tiếng Hàn KH&CN,2026,QĐ 12006/QĐ-ĐHBK ngày 05/10/2026 (học phí năm học 2026-2027) - Phụ lục I trang 3,https://ctt.hust.edu.vn/Upload/Nguy%E1%BB%85n%20Qu%E1%BB%91c%20%C4%90%E1%BA%A1t/files/DTDH_QDQC/Hocphi/2026-2027/12006_Q%C4%90-%C4%90HBK.pdf,2026-10-09,pdf_text,2026.1
Chương trình chuẩn - nhóm 620,hptc2627-chuan-620,,0,tất cả học phần,620,nghìn đồng/tín chỉ,2026-2027,KT hóa học; Hóa học; KT in; KT vật liệu; KT vật liệu Polyme và Compozit; KT vi điện tử và CN Nano; KT hàng không; Vật lý kỹ thuật; KT hạt nhân; KT nhiệt; Vật lý y khoa; Công nghệ dệt - may; Kỹ thuật dệt; KT môi trường; Quản lý tài nguyên và môi trường; Công nghệ giáo dục; Quản lý giáo dục; Tâm lý học CN&TC và các chương trình chuẩn khác,2026,QĐ 12006/QĐ-ĐHBK ngày 05/10/2026 (học phí năm học 2026-2027) - Phụ lục I trang 3,https://ctt.hust.edu.vn/Upload/Nguy%E1%BB%85n%20Qu%E1%BB%91c%20%C4%90%E1%BA%A1t/files/DTDH_QDQC/Hocphi/2026-2027/12006_Q%C4%90-%C4%90HBK.pdf,2026-10-09,pdf_text,2026.1
ELITECH - CNTT Việt-Nhật,hptc2627-elitech-cntt-vn-coban,,0,LLCT-GDTC-GDQP-AN và Tiếng Anh cơ bản cơ sở,750,nghìn đồng/tín chỉ,2026-2027,ELITECH - CNTT Việt-Nhật,2026,QĐ 12006/QĐ-ĐHBK ngày 05/10/2026 (học phí năm học 2026-2027) - Phụ lục I trang 3,https://ctt.hust.edu.vn/Upload/Nguy%E1%BB%85n%20Qu%E1%BB%91c%20%C4%90%E1%BA%A1t/files/DTDH_QDQC/Hocphi/2026-2027/12006_Q%C4%90-%C4%90HBK.pdf,2026-10-09,pdf_text,2026.1
ELITECH - CNTT Việt-Nhật,hptc2627-elitech-cntt-vn-khac,,0,các học phần khác,950,nghìn đồng/tín chỉ,2026-2027,ELITECH - CNTT Việt-Nhật,2026,QĐ 12006/QĐ-ĐHBK ngày 05/10/2026 (học phí năm học 2026-2027) - Phụ lục I trang 3,https://ctt.hust.edu.vn/Upload/Nguy%E1%BB%85n%20Qu%E1%BB%91c%20%C4%90%E1%BA%A1t/files/DTDH_QDQC/Hocphi/2026-2027/12006_Q%C4%90-%C4%90HBK.pdf,2026-10-09,pdf_text,2026.1
ELITECH - CT tiên tiến KHDL&TTNT; Logistics và QL chuỗi cung ứng,hptc2627-elitech-khdl-logistics-coban,,0,LLCT-GDTC-GDQP-AN và Tiếng Anh cơ bản cơ sở,750,nghìn đồng/tín chỉ,2026-2027,ELITECH - CT tiên tiến KHDL&TTNT; Logistics và QL chuỗi cung ứng,2026,QĐ 12006/QĐ-ĐHBK ngày 05/10/2026 (học phí năm học 2026-2027) - Phụ lục I trang 3,https://ctt.hust.edu.vn/Upload/Nguy%E1%BB%85n%20Qu%E1%BB%91c%20%C4%90%E1%BA%A1t/files/DTDH_QDQC/Hocphi/2026-2027/12006_Q%C4%90-%C4%90HBK.pdf,2026-10-09,pdf_text,2026.1
ELITECH - CT tiên tiến KHDL&TTNT; Logistics và QL chuỗi cung ứng,hptc2627-elitech-khdl-logistics-khac,,0,các học phần khác,1020,nghìn đồng/tín chỉ,2026-2027,ELITECH - CT tiên tiến KHDL&TTNT; Logistics và QL chuỗi cung ứng,2026,QĐ 12006/QĐ-ĐHBK ngày 05/10/2026 (học phí năm học 2026-2027) - Phụ lục I trang 3,https://ctt.hust.edu.vn/Upload/Nguy%E1%BB%85n%20Qu%E1%BB%91c%20%C4%90%E1%BA%A1t/files/DTDH_QDQC/Hocphi/2026-2027/12006_Q%C4%90-%C4%90HBK.pdf,2026-10-09,pdf_text,2026.1
ELITECH - CT tiên tiến KT điều khiển và tự động hoá; Global ICT,hptc2627-elitech-dktdh-gict-coban,,0,LLCT-GDTC-GDQP-AN và Tiếng Anh cơ bản cơ sở,750,nghìn đồng/tín chỉ,2026-2027,ELITECH - CT tiên tiến KT điều khiển và tự động hoá; Global ICT,2026,QĐ 12006/QĐ-ĐHBK ngày 05/10/2026 (học phí năm học 2026-2027) - Phụ lục I trang 3,https://ctt.hust.edu.vn/Upload/Nguy%E1%BB%85n%20Qu%E1%BB%91c%20%C4%90%E1%BA%A1t/files/DTDH_QDQC/Hocphi/2026-2027/12006_Q%C4%90-%C4%90HBK.pdf,2026-10-09,pdf_text,2026.1
ELITECH - CT tiên tiến KT điều khiển và tự động hoá; Global ICT,hptc2627-elitech-dktdh-gict-khac,,0,các học phần khác,900,nghìn đồng/tín chỉ,2026-2027,ELITECH - CT tiên tiến KT điều khiển và tự động hoá; Global ICT,2026,QĐ 12006/QĐ-ĐHBK ngày 05/10/2026 (học phí năm học 2026-2027) - Phụ lục I trang 3,https://ctt.hust.edu.vn/Upload/Nguy%E1%BB%85n%20Qu%E1%BB%91c%20%C4%90%E1%BA%A1t/files/DTDH_QDQC/Hocphi/2026-2027/12006_Q%C4%90-%C4%90HBK.pdf,2026-10-09,pdf_text,2026.1
ELITECH - CT tiên tiến KT Cơ điện tử,hptc2627-elitech-codientu-coban,,0,LLCT-GDTC-GDQP-AN và Tiếng Anh cơ bản cơ sở,750,nghìn đồng/tín chỉ,2026-2027,ELITECH - CT tiên tiến KT Cơ điện tử,2026,QĐ 12006/QĐ-ĐHBK ngày 05/10/2026 (học phí năm học 2026-2027) - Phụ lục I trang 3,https://ctt.hust.edu.vn/Upload/Nguy%E1%BB%85n%20Qu%E1%BB%91c%20%C4%90%E1%BA%A1t/files/DTDH_QDQC/Hocphi/2026-2027/12006_Q%C4%90-%C4%90HBK.pdf,2026-10-09,pdf_text,2026.1
ELITECH - CT tiên tiến KT Cơ điện tử,hptc2627-elitech-codientu-khac,,0,các học phần khác,850,nghìn đồng/tín chỉ,2026-2027,ELITECH - CT tiên tiến KT Cơ điện tử,2026,QĐ 12006/QĐ-ĐHBK ngày 05/10/2026 (học phí năm học 2026-2027) - Phụ lục I trang 3,https://ctt.hust.edu.vn/Upload/Nguy%E1%BB%85n%20Qu%E1%BB%91c%20%C4%90%E1%BA%A1t/files/DTDH_QDQC/Hocphi/2026-2027/12006_Q%C4%90-%C4%90HBK.pdf,2026-10-09,pdf_text,2026.1
ELITECH - CNTT Việt-Pháp và các CT tiên tiến còn lại,hptc2627-elitech-vietphap-conlai-coban,,0,LLCT-GDTC-GDQP-AN và Tiếng Anh cơ bản cơ sở,750,nghìn đồng/tín chỉ,2026-2027,"ELITECH - CNTT Việt-Pháp và các CT tiên tiến còn lại — Ô gộp 800 kèm chú thích '(Các học phần (1) định mức 750)'; chú thích (1) chỉ gồm LLCT, GDTC, GDQP-AN — văn bản không nói rõ Tiếng Anh cơ bản, cơ sở tính 750 hay 800",2026,QĐ 12006/QĐ-ĐHBK ngày 05/10/2026 (học phí năm học 2026-2027) - Phụ lục I trang 3,https://ctt.hust.edu.vn/Upload/Nguy%E1%BB%85n%20Qu%E1%BB%91c%20%C4%90%E1%BA%A1t/files/DTDH_QDQC/Hocphi/2026-2027/12006_Q%C4%90-%C4%90HBK.pdf,2026-10-09,pdf_text,2026.1
ELITECH - CNTT Việt-Pháp và các CT tiên tiến còn lại,hptc2627-elitech-vietphap-conlai-khac,,0,các học phần khác,800,nghìn đồng/tín chỉ,2026-2027,"ELITECH - CNTT Việt-Pháp và các CT tiên tiến còn lại — Ô gộp 800 kèm chú thích '(Các học phần (1) định mức 750)'; chú thích (1) chỉ gồm LLCT, GDTC, GDQP-AN — văn bản không nói rõ Tiếng Anh cơ bản, cơ sở tính 750 hay 800",2026,QĐ 12006/QĐ-ĐHBK ngày 05/10/2026 (học phí năm học 2026-2027) - Phụ lục I trang 3,https://ctt.hust.edu.vn/Upload/Nguy%E1%BB%85n%20Qu%E1%BB%91c%20%C4%90%E1%BA%A1t/files/DTDH_QDQC/Hocphi/2026-2027/12006_Q%C4%90-%C4%90HBK.pdf,2026-10-09,pdf_text,2026.1
Chương trình Đào tạo tài năng,hptc2627-tainang,,0,tất cả học phần,700,nghìn đồng/tín chỉ,2026-2027,các chương trình Đào tạo tài năng,2026,QĐ 12006/QĐ-ĐHBK ngày 05/10/2026 (học phí năm học 2026-2027) - Phụ lục I trang 4,https://ctt.hust.edu.vn/Upload/Nguy%E1%BB%85n%20Qu%E1%BB%91c%20%C4%90%E1%BA%A1t/files/DTDH_QDQC/Hocphi/2026-2027/12006_Q%C4%90-%C4%90HBK.pdf,2026-10-09,pdf_text,2026.1
ELITECH - CT tiên tiến Kế toán; Khoa học tính toán cho các hệ thống thông minh,hptc2627-elitech-ketoan-mie22,,0,tất cả học phần,680,nghìn đồng/tín chỉ,2026-2027,Kế toán (EM-E17); Khoa học tính toán cho các hệ thống thông minh (MI-E22),2026,QĐ 12006/QĐ-ĐHBK ngày 05/10/2026 (học phí năm học 2026-2027) - Phụ lục I trang 4,https://ctt.hust.edu.vn/Upload/Nguy%E1%BB%85n%20Qu%E1%BB%91c%20%C4%90%E1%BA%A1t/files/DTDH_QDQC/Hocphi/2026-2027/12006_Q%C4%90-%C4%90HBK.pdf,2026-10-09,pdf_text,2026.1
Chương trình PFIEV và Tiếng Anh chuyên nghiệp quốc tế (IPE),hptc2627-pfiev-ipe,,0,tất cả học phần,750,nghìn đồng/tín chỉ,2026-2027,"các chương trình PFIEV; IPE — IPE đóng thêm phí ghi danh và kiểm định của trường đối tác: tạm tính 14 triệu đồng/năm học (khoá 69, 70, 71), 13 triệu đồng/năm học (khoá 68 trở về trước)",2026,QĐ 12006/QĐ-ĐHBK ngày 05/10/2026 (học phí năm học 2026-2027) - Phụ lục I trang 3,https://ctt.hust.edu.vn/Upload/Nguy%E1%BB%85n%20Qu%E1%BB%91c%20%C4%90%E1%BA%A1t/files/DTDH_QDQC/Hocphi/2026-2027/12006_Q%C4%90-%C4%90HBK.pdf,2026-10-09,pdf_text,2026.1
Hợp tác quốc tế - ME-GU/ME-NUT/IT-LTU/IT-VUW,hptc2627-me-gu-nut-coban,,0,LLCT-GDTC-GDQP-AN,750,nghìn đồng/tín chỉ,2026-2027,Hợp tác quốc tế - ME-GU/ME-NUT/IT-LTU/IT-VUW,2026,QĐ 12006/QĐ-ĐHBK ngày 05/10/2026 (học phí năm học 2026-2027) - Phụ lục I trang 4,https://ctt.hust.edu.vn/Upload/Nguy%E1%BB%85n%20Qu%E1%BB%91c%20%C4%90%E1%BA%A1t/files/DTDH_QDQC/Hocphi/2026-2027/12006_Q%C4%90-%C4%90HBK.pdf,2026-10-09,pdf_text,2026.1
Hợp tác quốc tế - ME-GU/ME-NUT/IT-LTU/IT-VUW,hptc2627-me-gu-nut-khac,,0,các học phần khác (trừ ngoại ngữ),1000,nghìn đồng/tín chỉ,2026-2027,Hợp tác quốc tế - ME-GU/ME-NUT/IT-LTU/IT-VUW,2026,QĐ 12006/QĐ-ĐHBK ngày 05/10/2026 (học phí năm học 2026-2027) - Phụ lục I trang 4,https://ctt.hust.edu.vn/Upload/Nguy%E1%BB%85n%20Qu%E1%BB%91c%20%C4%90%E1%BA%A1t/files/DTDH_QDQC/Hocphi/2026-2027/12006_Q%C4%90-%C4%90HBK.pdf,2026-10-09,pdf_text,2026.1
Hợp tác quốc tế - ME-LUH/ET-LUH/IT-GINP,hptc2627-luh-coban,,0,LLCT-GDTC-GDQP-AN,750,nghìn đồng/tín chỉ,2026-2027,Hợp tác quốc tế - ME-LUH/ET-LUH/IT-GINP,2026,QĐ 12006/QĐ-ĐHBK ngày 05/10/2026 (học phí năm học 2026-2027) - Phụ lục I trang 4,https://ctt.hust.edu.vn/Upload/Nguy%E1%BB%85n%20Qu%E1%BB%91c%20%C4%90%E1%BA%A1t/files/DTDH_QDQC/Hocphi/2026-2027/12006_Q%C4%90-%C4%90HBK.pdf,2026-10-09,pdf_text,2026.1
Hợp tác quốc tế - ME-LUH/ET-LUH/IT-GINP,hptc2627-luh-khac,,0,các học phần khác (trừ ngoại ngữ),950,nghìn đồng/tín chỉ,2026-2027,Hợp tác quốc tế - ME-LUH/ET-LUH/IT-GINP,2026,QĐ 12006/QĐ-ĐHBK ngày 05/10/2026 (học phí năm học 2026-2027) - Phụ lục I trang 4,https://ctt.hust.edu.vn/Upload/Nguy%E1%BB%85n%20Qu%E1%BB%91c%20%C4%90%E1%BA%A1t/files/DTDH_QDQC/Hocphi/2026-2027/12006_Q%C4%90-%C4%90HBK.pdf,2026-10-09,pdf_text,2026.1
Hợp tác quốc tế - EM-VUW/EM-NU (IEM),hptc2627-em-vuw-nu-coban,,0,LLCT-GDTC-GDQP-AN,750,nghìn đồng/tín chỉ,2026-2027,Hợp tác quốc tế - EM-VUW/EM-NU (IEM),2026,QĐ 12006/QĐ-ĐHBK ngày 05/10/2026 (học phí năm học 2026-2027) - Phụ lục I trang 4,https://ctt.hust.edu.vn/Upload/Nguy%E1%BB%85n%20Qu%E1%BB%91c%20%C4%90%E1%BA%A1t/files/DTDH_QDQC/Hocphi/2026-2027/12006_Q%C4%90-%C4%90HBK.pdf,2026-10-09,pdf_text,2026.1
Hợp tác quốc tế - EM-VUW/EM-NU (IEM),hptc2627-em-vuw-nu-khac,,0,các học phần khác (trừ ngoại ngữ),1020,nghìn đồng/tín chỉ,2026-2027,Hợp tác quốc tế - EM-VUW/EM-NU (IEM),2026,QĐ 12006/QĐ-ĐHBK ngày 05/10/2026 (học phí năm học 2026-2027) - Phụ lục I trang 4,https://ctt.hust.edu.vn/Upload/Nguy%E1%BB%85n%20Qu%E1%BB%91c%20%C4%90%E1%BA%A1t/files/DTDH_QDQC/Hocphi/2026-2027/12006_Q%C4%90-%C4%90HBK.pdf,2026-10-09,pdf_text,2026.1
Học phần ngoại ngữ - A1.1/A1.2 (Anh Đức Pháp) và Tiếng Nhật 1,hptc2627-ngoaingu-a1,,1,học phần ngoại ngữ,725,nghìn đồng/tín chỉ,2026-2027,Học phần ngoại ngữ - A1.1/A1.2 (Anh Đức Pháp) và Tiếng Nhật 1,2026,QĐ 12006/QĐ-ĐHBK ngày 05/10/2026 (học phí năm học 2026-2027) - Phụ lục I trang 4,https://ctt.hust.edu.vn/Upload/Nguy%E1%BB%85n%20Qu%E1%BB%91c%20%C4%90%E1%BA%A1t/files/DTDH_QDQC/Hocphi/2026-2027/12006_Q%C4%90-%C4%90HBK.pdf,2026-10-09,pdf_text,2026.1
Học phần ngoại ngữ - A2.1/A2.2 (Anh Đức Pháp) và Tiếng Nhật 2,hptc2627-ngoaingu-a2,,1,học phần ngoại ngữ,855,nghìn đồng/tín chỉ,2026-2027,Học phần ngoại ngữ - A2.1/A2.2 (Anh Đức Pháp) và Tiếng Nhật 2,2026,QĐ 12006/QĐ-ĐHBK ngày 05/10/2026 (học phí năm học 2026-2027) - Phụ lục I trang 4,https://ctt.hust.edu.vn/Upload/Nguy%E1%BB%85n%20Qu%E1%BB%91c%20%C4%90%E1%BA%A1t/files/DTDH_QDQC/Hocphi/2026-2027/12006_Q%C4%90-%C4%90HBK.pdf,2026-10-09,pdf_text,2026.1
Học phần ngoại ngữ - B1.1/B1.2 (Anh Đức Pháp) và Tiếng Nhật 3-4,hptc2627-ngoaingu-b1,,1,học phần ngoại ngữ,965,nghìn đồng/tín chỉ,2026-2027,Học phần ngoại ngữ - B1.1/B1.2 (Anh Đức Pháp) và Tiếng Nhật 3-4,2026,QĐ 12006/QĐ-ĐHBK ngày 05/10/2026 (học phí năm học 2026-2027) - Phụ lục I trang 4,https://ctt.hust.edu.vn/Upload/Nguy%E1%BB%85n%20Qu%E1%BB%91c%20%C4%90%E1%BA%A1t/files/DTDH_QDQC/Hocphi/2026-2027/12006_Q%C4%90-%C4%90HBK.pdf,2026-10-09,pdf_text,2026.1
Học phần ngoại ngữ - B2.1/B2.2 (Anh Đức Pháp) và Tiếng Nhật 5,hptc2627-ngoaingu-b2,,1,học phần ngoại ngữ,1030,nghìn đồng/tín chỉ,2026-2027,Học phần ngoại ngữ - B2.1/B2.2 (Anh Đức Pháp) và Tiếng Nhật 5,2026,QĐ 12006/QĐ-ĐHBK ngày 05/10/2026 (học phí năm học 2026-2027) - Phụ lục I trang 4,https://ctt.hust.edu.vn/Upload/Nguy%E1%BB%85n%20Qu%E1%BB%91c%20%C4%90%E1%BA%A1t/files/DTDH_QDQC/Hocphi/2026-2027/12006_Q%C4%90-%C4%90HBK.pdf,2026-10-09,pdf_text,2026.1
Học phần ngoại ngữ - các trình độ nâng cao,hptc2627-ngoaingu-nangcao,,1,học phần ngoại ngữ,1085,nghìn đồng/tín chỉ,2026-2027,Học phần ngoại ngữ - các trình độ nâng cao,2026,QĐ 12006/QĐ-ĐHBK ngày 05/10/2026 (học phí năm học 2026-2027) - Phụ lục I trang 4,https://ctt.hust.edu.vn/Upload/Nguy%E1%BB%85n%20Qu%E1%BB%91c%20%C4%90%E1%BA%A1t/files/DTDH_QDQC/Hocphi/2026-2027/12006_Q%C4%90-%C4%90HBK.pdf,2026-10-09,pdf_text,2026.1
TROY (TROY-BA TROY-IT) khoá K71,hptc2627-troy-k71,K71,0,toàn bộ chương trình,34000,nghìn đồng/học kỳ,2026-2027,"TROY-BA; TROY-IT — 1 năm học gồm 3 học kỳ; phí ghi danh 1,7 triệu đóng 1 lần",2026,QĐ 12006/QĐ-ĐHBK ngày 05/10/2026 (học phí năm học 2026-2027) - Phụ lục I trang 4,https://ctt.hust.edu.vn/Upload/Nguy%E1%BB%85n%20Qu%E1%BB%91c%20%C4%90%E1%BA%A1t/files/DTDH_QDQC/Hocphi/2026-2027/12006_Q%C4%90-%C4%90HBK.pdf,2026-10-09,pdf_text,2026.1
TROY (TROY-BA TROY-IT) khoá K70,hptc2627-troy-k70,K70,0,toàn bộ chương trình,30000,nghìn đồng/học kỳ,2026-2027,"TROY-BA; TROY-IT — 1 năm học gồm 3 học kỳ; phí ghi danh 1,7 triệu đóng 1 lần",2026,QĐ 12006/QĐ-ĐHBK ngày 05/10/2026 (học phí năm học 2026-2027) - Phụ lục I trang 4,https://ctt.hust.edu.vn/Upload/Nguy%E1%BB%85n%20Qu%E1%BB%91c%20%C4%90%E1%BA%A1t/files/DTDH_QDQC/Hocphi/2026-2027/12006_Q%C4%90-%C4%90HBK.pdf,2026-10-09,pdf_text,2026.1
TROY (TROY-BA TROY-IT) khoá K69,hptc2627-troy-k69,K69,0,toàn bộ chương trình,28600,nghìn đồng/học kỳ,2026-2027,"TROY-BA; TROY-IT — 1 năm học gồm 3 học kỳ; phí ghi danh 1,7 triệu đóng 1 lần",2026,QĐ 12006/QĐ-ĐHBK ngày 05/10/2026 (học phí năm học 2026-2027) - Phụ lục I trang 4,https://ctt.hust.edu.vn/Upload/Nguy%E1%BB%85n%20Qu%E1%BB%91c%20%C4%90%E1%BA%A1t/files/DTDH_QDQC/Hocphi/2026-2027/12006_Q%C4%90-%C4%90HBK.pdf,2026-10-09,pdf_text,2026.1
TROY (TROY-BA TROY-IT) khoá K68 trở về trước,hptc2627-troy-k68,<=K68,0,toàn bộ chương trình,26000,nghìn đồng/học kỳ,2026-2027,"TROY-BA; TROY-IT — 1 năm học gồm 3 học kỳ; phí ghi danh 1,7 triệu đóng 1 lần",2026,QĐ 12006/QĐ-ĐHBK ngày 05/10/2026 (học phí năm học 2026-2027) - Phụ lục I trang 4,https://ctt.hust.edu.vn/Upload/Nguy%E1%BB%85n%20Qu%E1%BB%91c%20%C4%90%E1%BA%A1t/files/DTDH_QDQC/Hocphi/2026-2027/12006_Q%C4%90-%C4%90HBK.pdf,2026-10-09,pdf_text,2026.1
